RegionSector,2007,2008,2009,2010,2011,2012,2013,2014,2015,2016,2017,2018,2019,2020,2021,2022,2023,2024
AUSS1,0.1369741527679923,0.1439841040867889,0.13712146110189638,0.14759307826871756,0.1590558920395343,0.16463171803943522,0.16747277319877255,0.1613087006061502,0.15496101228669976,0.15814121169248233,0.16077374582835244,0.15897487755744358,0.15618020562366153,0.15418047800497664,0.17032026972498102,0.1793078022688996,0.18836229572017374,0.1911198043256893
AUSS2,0.1938776432828393,0.23185485259360933,0.19626692155066622,0.23434649746587435,0.2654518795244229,0.2749090703581155,0.28531397935465747,0.2687914568008876,0.25654257751492504,0.2687220177656108,0.28814426251125547,0.27198905796165757,0.26028454766614284,0.2535462771698029,0.28695395970301807,0.3177561442547482,0.32627021979106463,0.31967972393027116
AUSS3,0.14117330043271786,0.14706538161910016,0.14025437020365109,0.15017536436536988,0.159727398566343,0.16034964066225604,0.1614187030690578,0.15975078495783593,0.15540282957032592,0.15753743154477715,0.15972463896482075,0.16062457832227597,0.15577642506775913,0.15430410647167428,0.17063416431243372,0.18069512983862018,0.18933941160387294,0.19188723026451332
AUSS4,0.10484090374174365,0.1321255396745626,0.13337673476556272,0.13848056801683364,0.14336704572654363,0.13840962376367688,0.15069918896920254,0.1474062485372154,0.1524993103439785,0.15463891727286835,0.16154118739604467,0.16445999831998068,0.12219323000950988,0.11324485734245858,0.116548561850743,0.12041652688817839,0.12434457135350002,0.12108686220149964
AUSS5,0.10511998880303688,0.14582162931692663,0.12367703235008834,0.1310487709085846,0.1507628059824586,0.14185310404326573,0.1486935011248631,0.14739679989040091,0.1778903536312415,0.1806822867333589,0.17552309282998796,0.16328319158473245,0.1400672293140575,0.13384839400812015,0.1254982776442017,0.12166093872308399,0.11890605935688832,0.12000757107356405
AUSS6,0.1263759834049341,0.1373549075150503,0.1272681547981542,0.14316835664500852,0.15368051954664658,0.15774274060301968,0.15866442111275308,0.15242194448366433,0.14172870843095836,0.14539068377795317,0.15890052119626577,0.15977037214740283,0.15351184603937623,0.15275765644570022,0.169577071256814,0.18284841244365124,0.19306692281019222,0.19872009125137116
AUSS7,0.13947670732984147,0.14629880884917998,0.13578409346624062,0.14693356348980563,0.15409038382530962,0.15265007573504133,0.1649255634575884,0.15994468137067544,0.14454546603595522,0.148997085747203,0.16341599950934435,0.1444835678107815,0.1417209166557025,0.13896758372640236,0.15186293524212297,0.16972151193322377,0.17738904498303099,0.1823392040801704
AUSS8,0.16624351425675785,0.1837393567494813,0.15682186191982528,0.17749549646415783,0.19617367373980804,0.19307822219135506,0.19882457894244862,0.1893788203573917,0.1752016056486921,0.1779941971356964,0.1716339811773686,0.16307120143402223,0.1753508540460521,0.16485435137578525,0.16483551691479822,0.180891884183468,0.20271655526118132,0.19446741356012556
AUSS9,0.13380739644443218,0.14241870764521672,0.13261736229943744,0.1453877873577043,0.15729271002764533,0.1601065400902457,0.15824287232812626,0.15591516685867543,0.15899847947858986,0.15833848128812575,0.14808041470367514,0.15482013569794123,0.15794966226880167,0.14644795607813704,0.15786111599121364,0.17558177829274552,0.18390476976946674,0.17842497320876088
AUSS10,0.13062556700832612,0.1402727263804581,0.13079518045732189,0.1443914677067221,0.15511035995521158,0.1578205452143165,0.15885047798950883,0.15238800897253213,0.14848489427244868,0.15200456184891223,0.15792861010006212,0.15889850060983213,0.15238358224561235,0.14482523180452966,0.1607006368064118,0.1695423504291421,0.1778781433282673,0.18591525699868786
AUSS11,0.12828276671382363,0.14295320972379025,0.1307272824578375,0.15270449432737326,0.16433705815392308,0.168845027218171,0.16972170966193478,0.16508535462890148,0.1558403215663457,0.16197592196900007,0.17890568731340023,0.17438050306992367,0.16266626357701516,0.1612738186511854,0.183598012285705,0.19951802048831963,0.2128818097777481,0.21403172232213544
AUSS12,0.19312504653729007,0.21446748809885596,0.1814808725438716,0.21223692955862436,0.24663084130404309,0.2492137703477981,0.25113975292702057,0.23866662680534995,0.2236710975619107,0.22894097419484577,0.22350364060546046,0.22761316201146,0.20843186119153354,0.2019417040762438,0.2273917587678307,0.24069707957212313,0.24763468700862842,0.24647374457227061
AUSS13,0.12706482549490516,0.13869510247367803,0.13017446150511916,0.14690951382965364,0.16123102849562473,0.16362233457622602,0.16117316777266621,0.15675610606716364,0.1433995303402835,0.1450672077255961,0.15247245552109417,0.14560593202322214,0.14281538342432934,0.13732615896080322,0.14154510551193558,0.14659189656248484,0.15343624214561696,0.1543775133718425
AUSS14,0.13437555019671918,0.14426243817259363,0.13573495269138908,0.14764500599770433,0.15848427324374836,0.15703695957221614,0.15968486188581504,0.15540985528082626,0.15503893873131636,0.15594948229104544,0.1638454605652175,0.14924084235479504,0.15569738937716004,0.15414754825163896,0.15539249986531076,0.15404075932920874,0.1644758166058912,0.16125372156163287
AUSS15,0.13712600035478306,0.14508080032677392,0.13271258609672035,0.14353714068810527,0.1526869552372338,0.15229655775786813,0.15997386057900773,0.1553446228810052,0.1531838342690691,0.15581296383252333,0.16093218923370103,0.15034467326066517,0.1502750126045741,0.14022706903073,0.15330472286449004,0.15770763214599207,0.16443886451484033,0.17662176099326385
AUSS16,0.10730965502157248,0.1149202283777094,0.11041603975541951,0.11693434445159606,0.12253017271917704,0.12267603363876982,0.11323042918932341,0.11596955103579515,0.11958414174630766,0.12226320732048696,0.12745564487649333,0.12471076770144592,0.12591392822351502,0.1186392578147827,0.12767137288394825,0.13360064578784325,0.14098512319267875,0.14365471176717934
AUSS17,0.14065373368439688,0.15033485102976002,0.13830815853378392,0.15837491405969525,0.17269015455981923,0.17742275162366336,0.18372263017446863,0.17345008261672726,0.15386058516937529,0.16206251276485317,0.18584778440132357,0.17499653291225353,0.16579014257876623,0.16543519523589306,0.18168288955151493,0.1942587955447181,0.20293630102879467,0.2065803819413782
AUSS18,0.1651757963298486,0.18860712919690534,0.1675041964849775,0.19579032239390085,0.2160318968185507,0.22380338300396388,0.2238156964232956,0.2145209326127059,0.19761187133849983,0.20534243315107756,0.2145597356242442,0.20989741478704263,0.2003357255420617,0.1992422016996101,0.22508563975689216,0.2472615309220015,0.2566108634970981,0.25672037035710327
AUSS19,0.12644780269229233,0.13049393691234557,0.12351024069012717,0.13530555368722322,0.1442830558389544,0.14598396921300327,0.15540844166368536,0.15186730183863012,0.1432007313842474,0.14565502223873955,0.1503295270122451,0.14744781106359622,0.14888736592753887,0.14306199397086639,0.15764814672960836,0.16162650711411825,0.16451894938472258,0.16715805477075857
AUSS20,0.15182820649880677,0.16410071846562033,0.15266853215203058,0.17256856584460917,0.18879505088529547,0.1953030030367071,0.1969827425566396,0.19167294451852954,0.17811558630273056,0.1825522547235688,0.189169329792035,0.18511452785195284,0.17624073143678404,0.1741120387155288,0.19417834807931478,0.20756575011519318,0.21530316827350457,0.21957380691160147
AUSS21,0.13662774141799783,0.14549033139596287,0.13785469272076303,0.15235204630732516,0.16877481511698755,0.17420572101107232,0.17500210985576684,0.171455944728209,0.16235825923109676,0.16548283587798635,0.1754845213283836,0.17691762139600045,0.17065013697514173,0.1711896447174257,0.19079956288025107,0.2055438163588687,0.211793693977686,0.2149976639912334
AUSS22,0.14271501678048176,0.15046043743489662,0.14184469804017666,0.15313890174145042,0.16397473230939433,0.16517303566707864,0.1684602766074822,0.16786159383656185,0.16053909163431712,0.1621027028573313,0.16843552313398077,0.16733354996152563,0.16211145985348693,0.15879993593163946,0.17586310248607012,0.18754460500077486,0.19540208712284884,0.20055150706684347
AUSS23,0.1434172066128946,0.15664952850964545,0.14240659709271025,0.15787839820372934,0.17328261470498307,0.1787319366249975,0.17980803558691869,0.17555026391653938,0.1637495325368678,0.16760799088528114,0.1774120487733972,0.17667174072077357,0.16728169777424376,0.16403062936971366,0.1800180531702855,0.19069916745476795,0.19658869640787963,0.19871381295759635
AUSS24,0.10891250325512454,0.10836560885727615,0.10621368122101862,0.10556478169800322,0.10959112041601607,0.11385416500197273,0.1148305142248251,0.11149984228635862,0.1097924793417972,0.11023433597406837,0.11463916446790799,0.12021718612043082,0.1159500035391167,0.11119502118458197,0.11538180357619734,0.11799289221118829,0.12210641074792489,0.12423289337436949
AUSS25,0.1433034228624865,0.15541076306855425,0.1435917343494055,0.1654750521599438,0.17495334470421509,0.18176200710273854,0.18367965915164694,0.17854409670960977,0.14875907042165493,0.14997611687269172,0.14749333564966263,0.15138025393176743,0.15030831812539003,0.1411210395966336,0.1280920238660695,0.14209123767365037,0.16806816079919598,0.20113283583418445
AUSS26,0.1440116216434381,0.1525892005422937,0.1428842863509825,0.157610547740804,0.17195107064691517,0.17628234370408424,0.17400388299573677,0.17016988565553673,0.1548219460170479,0.15643900642988137,0.16523396043102123,0.16228942204843536,0.15610570569702073,0.15281014000280116,0.17086716405930166,0.18233854600377608,0.187442141503866,0.19121940250668354
AUSS27,0.1459543098967012,0.1579150691206267,0.14775259515142639,0.1658198922813665,0.18019283736236535,0.1864911441995065,0.18706621986492658,0.18041788852359184,0.1629798513177872,0.16720026476365737,0.17845034712355068,0.17450626599167368,0.16907003267977605,0.16711448627398454,0.1875561060499883,0.19869801117005254,0.2038808372321918,0.20709735046212283
AUSS28,0.14742038785688158,0.1663232245356623,0.1559003213328381,0.1796266810897735,0.19644108786968476,0.20484473541437773,0.2056361853655864,0.19801427337622904,0.18492371141836014,0.19259319866150554,0.20702887648473559,0.19920157261772314,0.19147966485845494,0.19180358854200327,0.2143348352440915,0.23101714304637014,0.23859999216288844,0.24034823607120015
AUSS29,0.15699588545714466,0.1727340151526596,0.1600303422811368,0.18234095653462445,0.20189111529891338,0.21089694550024685,0.21183819002596754,0.20488479219079572,0.18938811622349613,0.19418394023872088,0.20373716172813042,0.19664661373218192,0.18981387349285855,0.18806970008852605,0.2104787890152888,0.22845900620707513,0.23355729284111357,0.23826816742440743
AUSS30,0.16241717034181274,0.1817772848873423,0.16716058982994977,0.19388227463562838,0.21241738824028603,0.22215562588062557,0.22182719709879742,0.21258040541983483,0.19465972012822796,0.2020176999748052,0.21497065768924647,0.20916682127109276,0.20095481825978947,0.20090572060122577,0.2250282814861204,0.24519737849079928,0.25437137369217755,0.25499333869159757
AUSS31,0.14654628765830544,0.15856955958989413,0.1479463029022449,0.16431376635177253,0.17771771338724793,0.18219290895925816,0.18301419207694464,0.17873094764723965,0.17181838511964778,0.17443586556899873,0.17516563183407896,0.1757807508417558,0.16946335329328946,0.16589983515017367,0.18749998325297357,0.20057021151952298,0.20391843163953247,0.20922134155876226
AUSS32,0.13679717406413816,0.14215268730923714,0.13564471717860202,0.14621664125931796,0.1554421317142591,0.15895132405314905,0.16394074732703254,0.16473582308856688,0.15595484357196315,0.15553175527189306,0.1647726235173359,0.1833203979079591,0.15875309302803906,0.15933248543803671,0.15779647667234478,0.16291154915757863,0.16702226922988744,0.17019853209939648
AUSS33,0.12058712699330526,0.12802821898287858,0.12670706202990178,0.13865924252013898,0.14954893454676957,0.15375536479300145,0.15972539919948203,0.1580014213448591,0.15402565642886965,0.15459610955633465,0.16640687943171253,0.16410537297633937,0.15816496394930488,0.15137531549899882,0.17751685272571507,0.17774339815450246,0.18058604799323794,0.18620337481125415
AUSS34,0.14843713628091396,0.16078851651934198,0.1506325989476559,0.16854534513213723,0.18452896807606411,0.19007633228227616,0.19103117455423527,0.18539984022938663,0.17072495560159368,0.17357804671053,0.18041042828028594,0.17709711017835855,0.1736362738636072,0.17066930430395025,0.18959414629659457,0.20260008460666643,0.20963164379311983,0.2149311976436551
AUSS35,0.10503659400586549,0.10582140542170598,0.10225402273480948,0.10509621375078083,0.10663814321321637,0.10239483503788667,0.10000620295294282,0.10006385783041473,0.09504538190667092,0.09465228927644383,0.09707788348629004,0.09612307775591024,0.09556158283262084,0.09441580349814177,0.09433031982059818,0.09465476679966427,0.09613412743270926,0.09822575162040931
AUTS1,0.1136430085739506,0.11736976497672436,0.11627325975007637,0.11665514806716111,0.11976985123722052,0.11731492976159534,0.11801308364138019,0.11732279708560601,0.13629328177873262,0.11373542358358532,0.11280410706951846,0.11597860038262876,0.10615889271955574,0.10882444406138116,0.11376391159800087,0.11856955705254886,0.12004324835514328,0.1236977230671654
AUTS2,0.1540211912327686,0.17027148732210184,0.16034847243065983,0.17065580603902447,0.19984943080282305,0.16532383752589985,0.16688819563856705,0.16792424260865005,0.18317201414519962,0.1346641740148884,0.170451045267924,0.1724396203679991,0.17571664310022653,0.15755342470520123,0.1507293524127131,0.15335797635647067,0.1499392115650363,0.1351284459492194
AUTS3,0.12023587292137156,0.12400463174429446,0.12260193300793731,0.12549344981072386,0.1295629517381782,0.12579917127784268,0.12819444568183025,0.12841068409847026,0.14005841763454513,0.12364213689458887,0.12913231303530842,0.13607089206067458,0.1413191706331952,0.14431731673126735,0.16686302900317923,0.18139854688528506,0.1832807287235992,0.17445230978542592
AUTS4,0.38931283201441064,0.3848027306635413,0.3844819624003975,0.39366647838644264,0.39586302063665196,0.3988802177364069,0.4018184978456975,0.4052983717305416,0.3841232364397523,0.30017280952885145,0.3166859733138109,0.32586445241066375,0.3247432890581018,0.23091154097437688,0.26076251854422344,0.26422051667208224,0.2703607437987998,0.2286942940636999
AUTS5,0.3676847171282004,0.37015912941644413,0.32781615586060486,0.3346063329251898,0.3776818466640952,0.3733127999334923,0.3716721394106239,0.3851511825489969,0.34892610655840317,0.20340378907355358,0.21476127658384267,0.23816138350033017,0.21793257465852484,0.20442106769390075,0.2303920286583963,0.23124614695196383,0.22270732501497797,0.20850721063359764
AUTS6,0.15350921223755304,0.15052785293295548,0.14666261895434696,0.15713709958228553,0.16006850728357244,0.1575898762026045,0.15689632058177233,0.15818386980488716,0.1969827578380894,0.15187902308180004,0.16446210224463007,0.1689768125100004,0.1782866439795873,0.172178958299178,0.19968056210506122,0.21147145937838246,0.20273068330098873,0.16628586579986845
AUTS7,0.14352698210195944,0.14662070975957067,0.1379301675748701,0.15423143801147482,0.16211529675645478,0.16172053194779173,0.1626074573163525,0.16691945788122853,0.20541027489500605,0.15585473546457876,0.1610940767343728,0.16900583720420928,0.16700334652025742,0.16554538477909067,0.19734863467738362,0.21778828665097125,0.21356515047517466,0.18550248744863135
AUTS8,0.30253192749797836,0.3309326605966675,0.3038787182451183,0.3746898203677166,0.3732865339590168,0.41052225941265996,0.4013054696311663,0.38555480721830265,0.23624147273119786,0.2903426952436317,0.24984873192735493,0.3309359359759995,0.2976391686364777,0.27511039875652504,0.318204435319332,0.3099892020133467,0.30027697683574844,0.25938478106592927
AUTS9,0.310520701436926,0.29129900482892285,0.37195445740434,0.39123590891962257,0.40540134814592094,0.4013939803402975,0.38625868747576214,0.41225714021222765,0.41346189171863545,0.359382264109412,0.3665415180402661,0.39062367405694803,0.38393569232853064,0.39067352499043667,0.45138158139332485,0.4715243456702899,0.4645852756880084,0.4409125016203262
AUTS10,0.26278423571092663,0.2567934018507492,0.2534534694667375,0.28190577688523366,0.295011253647996,0.2906270136834077,0.28737955863304404,0.2928610831730788,0.3078408233650845,0.2623610352362344,0.2806545513853986,0.3022440583610543,0.3177266802719027,0.3216651062604482,0.34328749047739027,0.35664683146469545,0.3502216555514376,0.3261465645874519
AUTS11,0.15977400496427432,0.1550747032278034,0.14601604821682068,0.16276307501184634,0.1690233933064396,0.16587468083244328,0.1680961813685518,0.17034312178586833,0.1897176563777262,0.1555878894946782,0.1631349437338719,0.19341025496820768,0.17370389240752834,0.1655461922251757,0.18906235025500043,0.19912690485730103,0.20224808691525714,0.20114485101428514
AUTS12,0.27581040369649645,0.291543866695352,0.20913891977475876,0.2768543078212634,0.29963174102078977,0.28198742233072105,0.26993518116506315,0.2650258393663557,0.2686732110733917,0.24826821196818036,0.23824972263129654,0.2720519777057942,0.2664354936658313,0.2576102708296981,0.3238161907034748,0.3601794844099036,0.3362101637029874,0.3112584519063341
AUTS13,0.24303293683568788,0.24711231284714716,0.2040298694957343,0.23991223229301986,0.25017376891830945,0.25259898306369627,0.24868369457305486,0.2516498392701828,0.2622635192956286,0.2517777251416369,0.24529357697788243,0.2497327799846676,0.2829367393975967,0.2634776420089797,0.31306792674900413,0.3179051128393585,0.2800765713664043,0.2678088136199906
AUTS14,0.31194735566000326,0.3031109723645565,0.259385715759998,0.3334661391927774,0.3400627533720331,0.33606776671422467,0.3429998025522993,0.3389548921707538,0.25447666549512654,0.2909219399516493,0.3152929218345495,0.35720316210336056,0.35396559195734917,0.3639810761014273,0.39980378834499647,0.40259921608806204,0.3729133840571812,0.3628689714064898
AUTS15,0.44109157739195776,0.45115191159115114,0.40521434970373504,0.44414291389252464,0.46918034713140466,0.4672898079597848,0.46589524071622995,0.4481488984738346,0.41807270378990585,0.37521665008786076,0.40202128081833677,0.4380882186665035,0.41719390604357975,0.4211307160133676,0.4480800876198649,0.4619977950391554,0.41743155310071756,0.4037967104139886
AUTS16,0.2357759185220586,0.2063954699638683,0.18334225563700696,0.23601472735686488,0.2924808680777218,0.2299093150276876,0.21958435869499066,0.26389828041026,0.26978320992481675,0.23322581798168293,0.23153017199464362,0.24126433420194787,0.2519257588723712,0.2592925531005759,0.27683679534373756,0.26077347313833044,0.2613857254958872,0.23524228589164278
AUTS17,0.09550822287521941,0.10560025593435363,0.0929017468728762,0.10853389499584354,0.12129841439493193,0.14339785645949363,0.1577654410568943,0.13634067582687123,0.19326052801283108,0.1627593025805978,0.20607500158244546,0.18952312692442458,0.15232500289213638,0.14597632584054548,0.1973419132234005,0.23357779970641926,0.2095679261516503,0.20834201339115743
AUTS18,0.12268765648007801,0.1294516422009317,0.12383342925312978,0.1269897326011346,0.1330201857519164,0.13111150034613647,0.1332814355297443,0.1331302099901925,0.12481133256653802,0.13169848581363106,0.1340528800673112,0.14660976679646387,0.13623639199791157,0.1324988849843852,0.147214079978726,0.15086957727025269,0.15537479331390258,0.1575208457003738
AUTS19,0.11575354162364654,0.11853892305614196,0.11511696411458533,0.12130418751503065,0.12640119235179767,0.12293976368782453,0.12497619825661571,0.12618103840957048,0.10936592873232154,0.1251277293872118,0.1311457136397777,0.14098406472275274,0.13189928404929843,0.12034648579258123,0.14042217062431414,0.14987115643246465,0.1432229638723855,0.14399559461231143
AUTS20,0.13245472356427265,0.13796859989269575,0.1315150278378943,0.135317658961009,0.13947000129739393,0.13821248517242452,0.14297321284542264,0.14649482583376977,0.12919622168320305,0.1462608770689604,0.15482432792328443,0.1667577586466703,0.16432330507895462,0.14819466106242896,0.16252811865739616,0.16362790301482788,0.17189127492183312,0.1697140857304955
AUTS21,0.10904590787543605,0.11284586766151622,0.1117626720495855,0.11283936820948817,0.11659222606917556,0.11307828887753889,0.11515968474431976,0.11563054998348855,0.10815728623046257,0.11602209930646164,0.11939730707071382,0.12701580774223156,0.12295969237313055,0.12069794386440846,0.12736701431083372,0.13375950378374654,0.13629822443488468,0.13885782016733902
AUTS22,0.11716386251785744,0.1216606147617523,0.11864644194602839,0.1214223267361454,0.12494771589849016,0.12289065344157003,0.12478735252056435,0.12447570458817683,0.11439282656840187,0.12788793914398458,0.13443826334372583,0.1459236575966404,0.14065932723492972,0.12971489828232205,0.14310634077663933,0.16004751450214655,0.15748509654406279,0.15738665185248857
AUTS23,0.12127858300097485,0.1299419151572978,0.12397452617514026,0.13120285775502868,0.14025986924715256,0.14103106800774873,0.14338942145082714,0.14435560071303308,0.1265729826467842,0.14036420131749677,0.1600364906931928,0.17431413360041292,0.17266546464419058,0.1515933197184602,0.16428231020590697,0.17040512626053436,0.17171688156571,0.16244488786830708
AUTS24,0.13644065968059332,0.1402162920806434,0.15660341918019838,0.16967131406522912,0.18809503896359514,0.24396500912903216,0.203343899069237,0.17405213291678426,0.1328284634249053,0.18134194350005137,0.21971077467502795,0.21638935298169037,0.23312416957057477,0.23262016192077145,0.18675393506806662,0.18203185489069737,0.18612456649837453,0.17111594011758535
AUTS25,0.11983553278201867,0.13157652842530568,0.12675002854666312,0.13532507571381858,0.1408493802800225,0.1300379032102996,0.13039576525867846,0.13257305086596854,0.107172154647856,0.12256083302798504,0.12443695331110083,0.13462438902634738,0.13490370460899004,0.11966494819981614,0.14224230471863253,0.1598523914029843,0.15491170241645483,0.14367731367604872
AUTS26,0.10191199824202596,0.10574161081693377,0.10324594897244763,0.10580172528783315,0.10954864105945614,0.10745950342029788,0.10862308786898463,0.10904538226743869,0.10096397484465901,0.11225209551655663,0.12738658580690537,0.131216799498212,0.1278369679322016,0.11928277780466726,0.12060138522670275,0.12887539563696523,0.13094020477273624,0.1375136593221577
AUTS27,0.10490202138221562,0.10652116564295698,0.10701048144983417,0.10707552397867842,0.10901644901755185,0.106166434997225,0.10755247679710915,0.10786554305644235,0.0992558709288085,0.1078262536335522,0.11381275100901182,0.12122656772396109,0.12102798213079592,0.11789131609945086,0.12438260021531077,0.12649067550716234,0.12795819798173458,0.1296326440266808
AUTS28,0.11423517554143456,0.11854694602086709,0.11734442744580993,0.11818168922002213,0.12221164777033391,0.11845113193015176,0.12242374578191922,0.12346480362835197,0.11625458306981484,0.12435038937072246,0.12222599991407361,0.13239962844658523,0.1220970812388489,0.12012889998012503,0.13107149312238323,0.13363831249688388,0.14082908413734896,0.1476640652372219
AUTS29,0.11675194363946953,0.12233040108043403,0.1202139911481511,0.12215827072032175,0.12698185061646167,0.12493521016127015,0.12770071430534494,0.12813786164978602,0.12297779475159036,0.12631415194008344,0.129653097664273,0.1347525154173685,0.1332535868225605,0.13066427918488444,0.14141932655452358,0.1544086320261937,0.15550104505497006,0.1611297230915018
AUTS30,0.1246316314102359,0.13030084123338248,0.12601010392189643,0.12781871566737363,0.13357689092766986,0.1323013847320799,0.13912682428767303,0.14138984585095868,0.12674456347501953,0.14745040454676284,0.14355492971225453,0.1569139111890471,0.1475760329455351,0.13723842611839657,0.15672018877269772,0.16277470268026337,0.17136849986915811,0.17177565453477675
AUTS31,0.10815842393507528,0.11120313087978816,0.10690145886427649,0.10605679654137048,0.10795327305979636,0.10447478517737634,0.10563928039530224,0.10564769152715497,0.09939596330858282,0.10815287561609147,0.11024200102682187,0.11634113922561798,0.11602401651780654,0.11368941957187624,0.12038003704134759,0.12047038533578593,0.1211357457392642,0.12398398955282741
AUTS32,0.09635644122701689,0.09789798297300335,0.09784463641703017,0.0973347437667661,0.09864755823341995,0.0968141741005866,0.09773508528611484,0.09797736525648697,0.08991462818191119,0.10905495286468853,0.1176925453480613,0.13182274987530077,0.12335938725966789,0.11573580218701872,0.11946004764414611,0.12002152323718125,0.12227682773674764,0.11961745744925753
AUTS33,0.11176784291559988,0.1122952770081472,0.11340930702999565,0.11269216424571177,0.11848238793044523,0.11363081977852656,0.11484760866826312,0.11627020316991138,0.11016023239258424,0.12141889222061317,0.13195046920347986,0.12746333638286214,0.11663870311703516,0.1151053619701186,0.13519892085807073,0.14834202056469525,0.14559752220395708,0.13882214047084365
AUTS34,0.1107497721810806,0.11604880769249554,0.11299495698088564,0.11451155758361382,0.118914679649741,0.1157621346972232,0.11996237648634663,0.12090772954100225,0.10483770631810749,0.11988883102737513,0.12040220039740915,0.1339271805423437,0.13328184121402412,0.12401107133086678,0.13078893678959183,0.13714473298036367,0.14100092951181273,0.1461544311548077
AUTS35,,,,,,,,,,,,,,,,,,
BELS1,0.15490361804372535,0.17150026322234518,0.14547743594200535,0.1425161307614899,0.15462449034056344,0.15105817631652194,0.15424046407289238,0.16447737144443011,0.163646819759682,0.17199199392074208,0.18610463438811872,0.2341756719097014,0.23673067128820102,0.19427942650279695,0.26831985200242103,0.24397242123915347,0.22977497658129242,0.20775793400319295
BELS2,0.3032976467838963,0.32728032555109776,0.23823605231834066,0.24079577443754194,0.2650245439173181,0.2546689144489162,0.22487035764152777,0.23205350138694403,0.29839235526383495,0.31404633056342934,0.3382857721556419,0.35733339317513446,0.316515516948487,0.24157341760995465,0.3056293334117702,0.32115262792662175,0.2948555915533238,0.2625549996159631
BELS3,0.14835422676256677,0.1605311009708619,0.14718221924272654,0.15236623904608412,0.16461983034695088,0.16816472520540826,0.16345875410599217,0.1712507562736121,0.1726790732978032,0.1999290803038507,0.2142847164967828,0.2449717987746724,0.18994870876967668,0.20267486807518095,0.26401389422300897,0.2920900013812673,0.25587986902593796,0.24887449063376288
BELS4,0.33645558676206677,0.33803643281260104,0.3544862759165193,0.40180355302990794,0.3993684116434458,0.40234575247720555,0.4011777414923363,0.4069185514481253,0.4144765304202993,0.4255806364536877,0.4489381075387389,0.47052465698820445,0.47722531477287644,0.4918567659321085,0.5040981831860337,0.5133731421425369,0.5166734132498481,0.5001563191628777
BELS5,0.2713357363159077,0.2681504590331472,0.27250714891431843,0.3043643282843584,0.33122945561980743,0.32416595653940017,0.3289163162673955,0.34273846677479913,0.34841231144266116,0.3821034775315092,0.41083183386851546,0.13660521409754764,0.18468408748884424,0.1592262252455563,0.28462421702070295,0.2824022381836284,0.2767833084318645,0.24620108768965032
BELS6,0.2029666511029932,0.19720025119528278,0.1851474949992016,0.21155664013704267,0.21762156323439133,0.21555039382632407,0.20944418722204014,0.2329790767388355,0.23560800081034936,0.2502906656382302,0.279907394479625,0.2950070812504264,0.28489078617315344,0.22949169237062084,0.28884761848117535,0.3506193953520232,0.33654284479437874,0.30890390447529015
BELS7,0.1633787957440077,0.19855096416920048,0.20227067171142082,0.17682186130105143,0.1742517983197914,0.17825927160386065,0.17905217604936235,0.18899368132946207,0.1904665708722368,0.1981540946823379,0.21930060674985902,0.2705008965201843,0.2766318807639711,0.26427828336596443,0.2944179551585724,0.35047631800260026,0.3373187634796635,0.30836597817265393
BELS8,0.3711581092053078,0.42735294192726336,0.4068594686073467,0.39554043693738616,0.4484894173932131,0.465087386569228,0.5475022709319245,0.5164312416149016,0.5282980906677494,0.5545834266545743,0.5849484776846561,0.4020590124996925,0.3558070911056734,0.3780203778540663,0.504211821501906,0.5279487061190724,0.4393035069271479,0.3738304397006007
BELS9,0.40788216845304065,0.4116971467739166,0.4036247322570553,0.41882456617660047,0.43865774890692694,0.4432560089815535,0.4552924788382548,0.4543958382649622,0.46193899215910994,0.49938661090574016,0.5450648431696354,0.546777905167559,0.5417591141528147,0.5267288865291019,0.6031396869027915,0.6038779296452833,0.5743392535099558,0.5266877806965716
BELS10,0.3461176374641506,0.3470447331955322,0.3678369183271559,0.41480932887313665,0.41627216644565496,0.4190560143399928,0.4162145863952265,0.42341099919889125,0.4298806502001099,0.4469332789736677,0.47755415179842287,0.5109098614577942,0.46714604977034935,0.42974963271376987,0.46748278944178573,0.4919853557723918,0.45010279680693605,0.4262420509480316
BELS11,0.2132899615177626,0.22364108553171996,0.20363582365485933,0.20725169335733312,0.2072262783643702,0.20512762575354698,0.21104459092414976,0.2145675972042532,0.21681778988386272,0.22970678256723004,0.2561218618388154,0.2694537426510925,0.2366147055435766,0.20054652254850397,0.24614377243545177,0.24573565721078774,0.22171002494723618,0.2092308562314479
BELS12,0.4117955107122377,0.4360765098207914,0.33368187807935695,0.36912713191811564,0.3920042820897603,0.3742255994012631,0.36589488614639126,0.3633430529533659,0.37152368846006023,0.4039962312757955,0.4539180476996847,0.46195368043990376,0.40409784538456744,0.3742240605325444,0.4634531232212171,0.4946036046368533,0.4195525834525028,0.3802094564441114
BELS13,0.26431425897297045,0.27537795046022423,0.2398864705861407,0.2726599944036484,0.2735149662970083,0.2727959834507881,0.26627782491373314,0.2681853130311229,0.27189082237911544,0.2902722919788517,0.3344122451123212,0.3397377831205657,0.30861129300904094,0.27441782126808884,0.3302146568210976,0.34390686896188577,0.3374984214367534,0.2764123201995756
BELS14,0.3107339489851212,0.3221870706621,0.33437833350275453,0.3679893427820801,0.3695338473871073,0.3661503360386416,0.36614675992745377,0.3689482910452923,0.3742673484925721,0.39703041327816374,0.4235087724392754,0.4332588586193425,0.4395716275810015,0.4179099155023031,0.4360555539848061,0.47231852901083715,0.465900217938997,0.43016052632465385
BELS15,0.3887578236170677,0.40342157056768935,0.3991277775210546,0.47198535437491373,0.4770532452198759,0.4651242332884128,0.4676554000015598,0.46860722894230367,0.47488400514248075,0.48776915173737306,0.5161230667105359,0.41971061714769453,0.3390469324320989,0.3899117416539384,0.4235626749142582,0.5256513216205523,0.5234824284957333,0.48140881053890333
BELS16,0.2958419699013774,0.3005916360210774,0.3134497470157155,0.35246761987200115,0.354542193771605,0.3556100336983615,0.3557094681342771,0.3621058575550815,0.36743114447604736,0.3903911401469639,0.4099411580325847,0.4326039192250469,0.4472784145395007,0.41644827496805165,0.4424368608147121,0.44281156520808096,0.42160592980302186,0.396196312235839
BELS17,0.2586364574759063,0.2952320081977462,0.2215337156558058,0.18272581619133346,0.18597515517894497,0.2037338137074568,0.19647201003996964,0.21328859948748954,0.21365223267958877,0.2535361002700184,0.2778554522809514,0.3122170759999522,0.24506057992278263,0.2115282072941546,0.2692726526170492,0.21633151629850192,0.18573813097277356,0.1857016171045655
BELS18,0.12941134915464086,0.1373139685478791,0.13083053428884248,0.13921586800743924,0.1471365359373902,0.1441813023226767,0.14740844392492886,0.14991896900377244,0.14678610656764818,0.16453117734581915,0.1714268422454496,0.1745618853190961,0.1590653864911398,0.14737634641209887,0.1650634660534285,0.1669480090467148,0.1831923802248734,0.1896855710921333
BELS19,0.12109211818191863,0.12822740807129965,0.1180938893872726,0.15440742662985513,0.1579104658738264,0.16319797099275776,0.16985638072089565,0.18147942875585468,0.18217298963368284,0.19246059255901465,0.23247262902480761,0.24828875110294746,0.2019540781162225,0.1622916396721938,0.30452420627645627,0.36482680890402275,0.32660316996087035,0.3283302474621438
BELS20,0.1437151833760843,0.15290692504938458,0.14100808517097377,0.16628494670255203,0.1728680907144093,0.1780231482458603,0.18221106131863987,0.19191335925642608,0.1903136073924938,0.19846738994802968,0.22349194533626082,0.22933234909038225,0.20364568529537486,0.18840811637758734,0.25083695309981185,0.2638308980212774,0.25842482891525864,0.25297619693688933
BELS21,0.12295981855320294,0.132082280158432,0.11984369876154616,0.13075156928844986,0.13639767497816002,0.1397622415749062,0.142803641806625,0.14972637625763338,0.1479811823998323,0.1532718512128407,0.16476429270997053,0.16665901834245078,0.16135431830968128,0.13878933931058113,0.12794692278621536,0.1439796057087296,0.14605458596092122,0.14788487325410207
BELS22,0.12990571131423279,0.1368243099363321,0.12819029784633992,0.12537892627069552,0.133551164725282,0.13138766209641117,0.13462857580395376,0.13759812286300938,0.13483687895847035,0.14592991034708308,0.1517804057272984,0.1523311759657759,0.1472841761909938,0.1326498824070986,0.15810142745625735,0.16755084167371553,0.16515626525945482,0.17438526361382284
BELS23,0.13067740556096955,0.1434721697757522,0.1313227034781019,0.13603203279472612,0.14321888748299536,0.14491858441113278,0.1448930083232515,0.1491736130157957,0.14761000198744903,0.15041856014167465,0.16046795624844223,0.1756723532083154,0.17634593287343794,0.16479329847477583,0.1742519643564219,0.17491145252380202,0.17673457935353118,0.17629390614797358
BELS24,0.136862230571811,0.15176783723435905,0.16564135915509834,0.2738888137051312,0.29046625640272955,0.3322753277830885,0.3181444577775112,0.32891194116765304,0.33370308278085237,0.34592913903539535,0.3702920739153372,0.3836077805289822,0.38437744866719953,0.42213513340635467,0.44607754606034977,0.31883859690896427,0.322533114579532,0.3043957714513948
BELS25,0.12873245810116396,0.1413980529967703,0.1402400451298272,0.24492628112216167,0.27854101362728556,0.2968878571263444,0.29461023088908983,0.3058239567214163,0.31011864172871995,0.3303633679437855,0.3715405889115899,0.38636364902993386,0.397774239697406,0.4033737288693782,0.4414578427964073,0.43882106514537256,0.4165845669792638,0.3960140340892622
BELS26,0.140544105259949,0.15383112802806312,0.14543574013389324,0.1499168828662804,0.15852138720591466,0.16251290663257198,0.16414115959412082,0.17413545903402747,0.17298008112123844,0.1788316155068694,0.1939249209400424,0.23427382766184648,0.20456477353289362,0.2075188516994484,0.24262791894734448,0.22063523902563162,0.2308154724707397,0.22387147328767204
BELS27,0.12406816925954757,0.1316258823130507,0.11981888227847377,0.12187132890744357,0.13092959911145913,0.13032188503857078,0.13130705603623016,0.13565293772978526,0.13231779590728285,0.13346941899228856,0.14228978479317028,0.1494189307259381,0.15144329794751163,0.13671568878932816,0.15222166397033451,0.16144437410057505,0.17079303190284081,0.174183589838449
BELS28,0.12939872960318372,0.13604570823646958,0.1280305824081624,0.13677074474409007,0.1445879253659668,0.1445562434947143,0.15100276559537448,0.15248312714082543,0.1487607963974353,0.1477997209184883,0.15760929498299261,0.16704778990141675,0.1610889647985349,0.15123291359825067,0.1818780259182699,0.1885824877979435,0.21273918677761425,0.2264452034390179
BELS29,0.11980188842697523,0.1261443939336003,0.12383465176904407,0.13019936049527894,0.13790280460699095,0.1368891019756931,0.13930392629070468,0.14072920162232444,0.13686215689544054,0.14591870331735726,0.15404207219697758,0.14804072153878486,0.14422171697229266,0.1388920435309679,0.15485245158973668,0.15577801256563062,0.16819722756929767,0.1811106100344115
BELS30,0.13797059521802296,0.15083818323920675,0.13828974828455645,0.14978595719923554,0.15824228862618425,0.1587882018146017,0.16770197761482125,0.17560129457882923,0.1721005675934521,0.17156538102858596,0.18749706086300316,0.19978959394716897,0.1974298292136707,0.22131900942047836,0.25967849843209306,0.2765572378037277,0.28418950094574896,0.29485686416858287
BELS31,0.11258846099727733,0.12001749538212275,0.1137177703265207,0.13795026729243362,0.14317818419899353,0.1511993297141026,0.1657702992890602,0.17833589764397054,0.17506046004801779,0.18327437039006247,0.19156219259348717,0.23429680356843813,0.23464493486057555,0.20667344403242155,0.20161709550168327,0.18831815685492584,0.1924389729957034,0.19094699411962068
BELS32,0.11906466989451649,0.13230697959277685,0.10493320614756124,0.09809238272380706,0.10245139220116271,0.10257039624636723,0.1043983839912142,0.10598857603971427,0.10340270915264557,0.10372451022141899,0.10777601620547278,0.11988235245765737,0.11764159026261232,0.10829501088038972,0.1299626518675228,0.12940622842485086,0.12824009929569954,0.13205913268898764
BELS33,0.10947042317840353,0.11566643827766496,0.10838653593389008,0.11128423375362735,0.113471170050426,0.11387638187332086,0.11831175118088387,0.12022718903648949,0.12227763029531931,0.12186473840118965,0.1255957774004627,0.12869803709522948,0.12846204227661573,0.1184310803053423,0.15524745194907616,0.13479928067287872,0.14743254041429932,0.14916263111978864
BELS34,0.1404523037864856,0.14996327475534546,0.12542303512548064,0.1400337272532455,0.14700139790633165,0.14741889439835457,0.15456958469421767,0.16038916989023203,0.1570223700514422,0.15866944053231402,0.16829528886605563,0.17687151547372723,0.17081163372112598,0.15638525057897198,0.18856293191079607,0.19749603041554786,0.20237916827680527,0.20771272420081396
BELS35,,,,,,,,,,,,,,,,,,
BGRS1,0.0961630091434036,0.10261460071203404,0.09093251915782385,0.10056596681735576,0.11155608386669541,0.11044547829296131,0.12907396407118893,0.11277956042222963,0.10744601790498703,0.10691272929300198,0.13625695037090446,0.12463050899907296,0.14429464795494643,0.152301654609576,0.18644672602058035,0.24971662171330788,0.22241970974710198,0.19474341190088812
BGRS2,0.09285231285466332,0.09229048028271106,0.08344867709933916,0.08686525805884297,0.09017000526364295,0.10436617344467426,0.11411886492755154,0.10536167276453635,0.1005886603372741,0.10144307152238509,0.13669815176007394,0.1273476858501274,0.16584118302867104,0.11429606426578334,0.14115117084400303,0.18462526658873155,0.10551236854952865,0.0982760655181569
BGRS3,0.09271783762194559,0.09756683688613856,0.09257445552576976,0.09224208122694512,0.0937005589909278,0.09243389819125228,0.09980172567415237,0.09639920960820898,0.09344942443723875,0.09302095509961854,0.10489133239624607,0.1070190224550387,0.11983648595432717,0.12794280675035832,0.16695012223534011,0.22177904546577257,0.21641106579883013,0.18056648741320375
BGRS4,0.10399335911395836,0.11988451299503478,0.0953034506883576,0.12494337357076418,0.11425864759830379,0.110813353622444,0.1226950266316979,0.10894657151520974,0.10634292664345052,0.10488479764477145,0.12777389494720232,0.13013134395345824,0.12574993958639943,0.14344445720562096,0.167293070848679,0.17665767959584694,0.18421885291847534,0.13624378728749603
BGRS5,0.1379944485268348,0.15339306801604588,0.1263088186944292,0.16620777088507116,0.14811124385772928,0.14723375228077573,0.15091167406100958,0.13746221936507225,0.13206998142171503,0.12896278035640996,0.1831677445867715,0.21905820173744597,0.31417186498484395,0.300711457273039,0.32285513686015177,0.32480624555331916,0.32214575360488434,0.2817131008365269
BGRS6,0.1494753621982906,0.13861086585588733,0.12603516727737657,0.1499543647225058,0.15629875619363934,0.16153390953486094,0.17051580872221925,0.1575263076714403,0.1489328517593596,0.15038615876191744,0.199864498836093,0.19048186697838107,0.17937240681306568,0.14465651723069628,0.16472386959690788,0.21474155373985637,0.1716060085822288,0.14807889049183134
BGRS7,0.11676777164691864,0.12006230127348849,0.09922876234121089,0.12066150518018538,0.12584534273032058,0.1303872190780972,0.14285416945436322,0.13359257438298375,0.12697595041846682,0.12784221306112217,0.16510602701178292,0.13948503216359961,0.1498430444473145,0.12304286257169743,0.15015589998962323,0.1840868671437335,0.16527008522339587,0.14344950507075202
BGRS8,0.26418430040806135,0.2944838493877934,0.23626156095084155,0.26482848774804457,0.2829081751555461,0.31250036917267227,0.3438074946924663,0.3187313384359681,0.2939868331750557,0.2912470320071568,0.4049631261992946,0.3685080365756619,0.3477823330752782,0.3273996995660659,0.3528101996289803,0.37102926475828996,0.35874466163778607,0.35053553817000843
BGRS9,0.21367916389254857,0.2320108693203925,0.166130820815469,0.21023827133589704,0.2329895652949023,0.24217334416451947,0.24833026800472757,0.2358304395919691,0.21932054419240532,0.22340685841044788,0.2832755981876446,0.25770752182117235,0.2622304320979705,0.25506897008927415,0.24251778252630693,0.26121805532532894,0.22303084416673602,0.18608932322318178
BGRS10,0.17305083417829142,0.17734592584860737,0.1558556470165555,0.19397552001383042,0.2135198793518996,0.22378157781266836,0.25295379611438207,0.2334186885446642,0.2192393489275883,0.22231055161383503,0.30787596322292776,0.30759480346728346,0.26557593253879924,0.2361345583476225,0.2621648607821228,0.279836907302189,0.24704386271732773,0.21764580566823402
BGRS11,0.15596870488636824,0.1557496723310267,0.13195760867542033,0.1640501411571701,0.18215481838029596,0.19068808668633844,0.2063966568925257,0.19323339776899037,0.18075101213596392,0.18497142345203146,0.25242607380657367,0.23326957716156452,0.23273374077103812,0.19413630154497766,0.20765743511500792,0.25194730228870144,0.2274975182528598,0.19524670780009218
BGRS12,0.2507476241029784,0.2613204991985904,0.20573515339930015,0.2458485649443449,0.27487281524507584,0.26420381338683435,0.29125638092028355,0.2677889582755979,0.24913961098779044,0.2537582631393574,0.36455542316929385,0.3957243047294831,0.31033177960189895,0.2775877799581239,0.30237744648349507,0.3336041953659258,0.32814888897804045,0.3134073122328589
BGRS13,0.15135964691222603,0.1604376110481687,0.11671738963191096,0.14877117730253464,0.17213088617528186,0.17978082786002547,0.19958785036425064,0.18124888097609365,0.17188101728675237,0.16838080551150375,0.24436461378796479,0.25121719375304397,0.2499282259736857,0.20618082324785753,0.2359124486521936,0.2737004441999753,0.2517224817379568,0.22851559725366313
BGRS14,0.2583758831148912,0.2858145564894248,0.20721230066069168,0.2650895260972936,0.29607927398700395,0.30847290201313,0.34623841535493,0.31952845729949103,0.30524567066937586,0.30312318562697205,0.3599506770578703,0.3344433669404698,0.2998210157950964,0.23656155723419603,0.279050305324373,0.32455119210094846,0.3079291594365223,0.2591525315329463
BGRS15,0.18327304561092103,0.19687942989451712,0.14534508609166785,0.18819147484415805,0.22147611816135984,0.22429976287801534,0.24245941328491694,0.2405445124140965,0.22846990248168592,0.22723500709839908,0.3020307307649197,0.2645320022373745,0.2600980668660642,0.23042461343725235,0.2818652433512918,0.3290178904029341,0.30633440469260936,0.2696050397125868
BGRS16,0.16802754443921541,0.16634553290398124,0.13877503515281508,0.20461840736297326,0.2037527261229034,0.21773387362021457,0.23376257011135668,0.19360698978599294,0.17990317651372542,0.18097656465870654,0.2486699356687493,0.24766039714484783,0.24630483598395608,0.19814069857446542,0.21883060900697698,0.22279559653828235,0.22820270753190053,0.18897657282120175
BGRS17,0.13042353425534428,0.13691663511725394,0.12424417220036509,0.1289368214597243,0.13285569977812503,0.13734184429139631,0.14733308589584754,0.15011549608135105,0.14407631136188379,0.13993757448077598,0.17220885406699601,0.14688480960534891,0.15680049259359463,0.16516885613970578,0.20798883243680868,0.20845731708367984,0.20264221821671075,0.1928646342301615
BGRS18,0.09504072278852214,0.10762542581312169,0.103460706311137,0.09746591558639428,0.09796174325545434,0.10464775779320411,0.10210219246851483,0.10239738587462187,0.10123583102838012,0.09919793940777728,0.10374023902073976,0.10509708332650956,0.10375162357654413,0.09988427343927797,0.10419772961333608,0.10725864107162131,0.111489653119202,0.10435098149002228
BGRS19,0.07586341304058636,0.07886932941356728,0.0701430896029229,0.07384898335886352,0.07538563419321306,0.07657016441212652,0.07550434890428336,0.07808482591612081,0.077519197125255,0.07654002970355694,0.07924205175672124,0.0781381141297888,0.08649692500955222,0.08927579515242944,0.09875555175804293,0.12291998229153567,0.0934378270073381,0.0887902556124948
BGRS20,0.0874888708070606,0.09442177527087112,0.08834610560610553,0.08620757614331499,0.08757015425584695,0.08956796884132354,0.09120416844412897,0.09227360048532833,0.08945850149395135,0.08916953702721753,0.10299228518735339,0.0939779461500909,0.09555474541010245,0.09512834247688012,0.1072668336778248,0.13230655888116943,0.11142810135169248,0.10743189167796015
BGRS21,0.08517156973573378,0.09426836929857275,0.08861909528726022,0.08946800231022453,0.086754436912142,0.08920202552037731,0.08851506113716497,0.09191056095297617,0.09058643710037574,0.09021877638616084,0.09999473590283117,0.09688894803758963,0.09459054254293087,0.09575597850967692,0.10144715722516641,0.13156840424399432,0.11093969710194133,0.10270650295534862
BGRS22,0.09253599916667052,0.09932879868947786,0.08846995911334632,0.09293397135387729,0.09273150590095547,0.0921508293350235,0.09693663012156328,0.0944855056990654,0.08966215998804383,0.09087334843112627,0.09895615203136793,0.09151231316398294,0.09725686322473301,0.10022203418583821,0.11314599614335388,0.13332444297470522,0.13879382309699195,0.12012643642370674
BGRS23,0.10162375670124257,0.10968450926712058,0.09220670954704828,0.10154819756374033,0.10725736309142433,0.10990480698997485,0.11416341348941514,0.11553633624307089,0.11166536014533661,0.11000069845146705,0.12880435522766404,0.11423557852388486,0.12377752382507558,0.1195748166404405,0.13819677960687948,0.17690284176066812,0.17340711792072774,0.15500578232862444
BGRS24,0.1060740145311707,0.10932451559474358,0.10243214826379368,0.10992232262002108,0.11006235476786211,0.10931727716328553,0.11867876267351807,0.10973163843480667,0.10901802427548037,0.10883127659643481,0.12621916942959407,0.10771299713110362,0.0976563274480741,0.10052940105113067,0.10945051009953032,0.10396921194912302,0.10211816752685082,0.09806303599808375
BGRS25,0.176555439835851,0.19358475737636063,0.1567587898085846,0.16916454049230725,0.17303294345965484,0.18431089705633685,0.19010044061030326,0.17869597713658542,0.16897461128962213,0.1693915338652792,0.20272338223869757,0.1822523339928982,0.1643960282457547,0.15789702272157538,0.17358454497629405,0.17530353888478936,0.1855199743991559,0.1681975359018488
BGRS26,0.08967841066111805,0.09634266280702103,0.08727052806468955,0.09100189384431702,0.09181572390670323,0.09498735017548977,0.09621892116525457,0.09709213752794954,0.09481075400433624,0.09394105174582996,0.10157653875462398,0.10324142178542127,0.09726666631281602,0.10065455363491266,0.10669524777388821,0.1240724679014024,0.1193784295559787,0.11181852151343237
BGRS27,0.0822008054764641,0.08818477438030568,0.08466277189154234,0.08332110595708665,0.08099118136196118,0.08382743241927498,0.0812197758696009,0.08235240661137266,0.08148342649039526,0.0806386555604942,0.08301414089460213,0.08254486361513849,0.08350862770625789,0.08339024295487477,0.08101503649252495,0.08109741560900492,0.088499778953697,0.08461491723294273
BGRS28,0.078992168884437,0.08550584762119005,0.08071950859013052,0.08399796519341819,0.08179019500656771,0.08354627862686365,0.07818285701088927,0.08369095583727627,0.0830417431859644,0.08274731063293786,0.0803010979342377,0.08506757497196199,0.08353606408626504,0.08217051868246966,0.0796085505758594,0.07911982544875092,0.08766486211027129,0.08459628320275293
BGRS29,0.0777298573667016,0.09128600362866766,0.09444825192373552,0.0869620879214609,0.08222552366180934,0.08624073447021452,0.08060117352554862,0.08360027100288263,0.08272216462691442,0.08094954628316352,0.07694607273069091,0.09065720268876547,0.08931318184870618,0.09044191655551233,0.08763667858710361,0.08892128594201915,0.09318446942877157,0.08636691020548283
BGRS30,0.08719535451517509,0.09767135046524407,0.08854787950968272,0.08945352618463007,0.08846137421526451,0.08811850194032718,0.08665658303446541,0.0913323988613015,0.08835118072957285,0.08818501228904821,0.0929992316942446,0.09617466216632659,0.10120400250435807,0.09668010726974667,0.09672973860008582,0.10453532608523373,0.10301702934353206,0.09717284953356127
BGRS31,0.07712451227933909,0.08028642985684106,0.07430916204571444,0.07512746497869874,0.07577693664936065,0.07810644879796184,0.07785459429438248,0.07727502135482692,0.0764646282923471,0.07692722442700564,0.0811319091345806,0.08078579477625965,0.083616293175267,0.08163718045322717,0.0831404844947077,0.09162650666236608,0.08929575837212479,0.0859675892762171
BGRS32,0.0831763220109642,0.08725047364133981,0.08217439960233276,0.08528996066653607,0.0843309606949047,0.08862586358118592,0.08978047099976481,0.08447918513025376,0.08360599487437691,0.08372568101410284,0.08651147931676247,0.08414622247704512,0.08368372285495401,0.0815336988104707,0.08214813571405401,0.08688095075448139,0.08093311263922474,0.08124295388764435
BGRS33,0.08715283935761625,0.08777525086910717,0.07805262749309932,0.08089739074000225,0.08075157984816064,0.0830771450738573,0.0817779259866134,0.08394082355275204,0.08316246338089257,0.0827098474341939,0.08402353289759557,0.08627670252350635,0.08704393372792435,0.08446900564463855,0.08500466614701141,0.08601342386429833,0.08527860336178347,0.08443707244465212
BGRS34,0.0889488588723989,0.09212059670560632,0.08682474598022819,0.08911767525768519,0.08884266556883504,0.09381321244212229,0.08903145696830249,0.09922734542145056,0.0972057913817026,0.09677014451961384,0.10798882957468406,0.09521221712375588,0.09702307589045203,0.09382723175296198,0.09478789103033511,0.10648337622709086,0.09205673997206083,0.08925448256497227
BGRS35,,,,,,,,,,,,,,,,,,
BRAS1,0.15466007457403225,0.17996022417627086,0.16471847529348482,0.18252762044446955,0.21690961371587889,0.2177989343681925,0.2277574442505016,0.22501431945994388,0.21337525958598327,0.21187424195858456,0.22087834291573458,0.21653313375208047,0.19879776654282366,0.2066080204661541,0.25590133740161947,0.2744930474259333,0.2810308831461035,0.287517112059109
BRAS2,0.16480096769789745,0.18324797687329875,0.16434307660964387,0.1985508517779226,0.24266304800798835,0.21889646855966444,0.22266926765896478,0.22503160233377745,0.20215418648423425,0.17437562541397073,0.20337962482373467,0.23241903510134232,0.23138365770914374,0.21469100487225087,0.28023634152008764,0.3011385065191198,0.29166386402333483,0.2995796521109569
BRAS3,0.15971630504207246,0.17862342877548748,0.16433028563929233,0.18173032196132952,0.21130528261007595,0.19939334257753297,0.20531885991979393,0.20026067094473743,0.19558373198742984,0.1941643439132104,0.20566042062846202,0.20601982666438953,0.19386655576236006,0.18973240676036116,0.224435012199956,0.24559628226734675,0.2532644755954211,0.2596940053622941
BRAS4,0.11480116880838821,0.12314197242093616,0.11989768444871148,0.13134328910380363,0.14535478563818632,0.13911691310962712,0.14176032034539887,0.1405807110112967,0.12998925631063277,0.12962340377056938,0.1391620891786645,0.13713309218094424,0.12944261245438335,0.12416405936625166,0.15968656446840318,0.16303057276877939,0.1532619537490053,0.16338044216565614
BRAS5,0.11615752973904364,0.11648652273346323,0.11098651888583323,0.11665713544135232,0.13834300684559697,0.12622403230334348,0.13088825667744922,0.1338509511367412,0.11713827214854165,0.1166427122023182,0.1246036750962123,0.12162954658627072,0.11731148524854451,0.1153954114950276,0.13076221514350567,0.13001378055647783,0.12709719729255609,0.12850650781416847
BRAS6,0.11656094184753192,0.1254793005298803,0.11838500121918683,0.1257347298394113,0.13990828505004654,0.13215095942438224,0.13103388403513497,0.13090446731430275,0.11880727477125952,0.12053288724014749,0.12563371679082064,0.11926836045096645,0.11520537545567995,0.11141920744178153,0.1246261668905793,0.13128630694558557,0.13887625082244492,0.13620139272364454
BRAS7,0.1386131564492491,0.15001514780733272,0.14087118002822874,0.1589677004173649,0.17792890881498155,0.17067382934509548,0.17334682116152544,0.17276158474706274,0.15540877070847198,0.15273112585795615,0.1654663059685005,0.17522231502833543,0.16852458354366187,0.15697414992679887,0.18692602849388246,0.20959076714654,0.2149519116905033,0.2163274482859714
BRAS8,0.1688913654606355,0.19734472961741745,0.1672883334567867,0.19324252672670203,0.24163632450167902,0.23269252995097003,0.24811436847312549,0.24278054841525054,0.24806723603867606,0.2338652769989734,0.24352791695770012,0.2388823370064834,0.22707940272368057,0.24000728484379807,0.2983141218770351,0.32525258597571777,0.30602127792485134,0.32233785874865584
BRAS9,0.15588125656522242,0.1792707265756216,0.15905798756646827,0.17927773377299125,0.2140486250039665,0.2087421816439722,0.21698206301457618,0.21250396860924856,0.20157577583472647,0.19838365477930023,0.20936146649782575,0.20612370857998208,0.1904598933254647,0.19170014703752988,0.23793183268689286,0.25777061639204085,0.26824634427872035,0.2732118295998707
BRAS10,0.14033128116173998,0.15590646973683386,0.13993960741193281,0.15777874060629898,0.18512825666340146,0.1692227468613571,0.1744214125773432,0.16588921811749419,0.15502016356679554,0.15286769596497768,0.16431818114923294,0.16278977521174684,0.1539388751509543,0.1471237121859765,0.16974739968080768,0.19260907177586573,0.20302214517313746,0.2042858054553503
BRAS11,0.12672471432643254,0.13848424261184836,0.13061267371904328,0.14246923615269455,0.16057809186865168,0.15266529613107038,0.15529724093946742,0.15415992540654663,0.14300347307049738,0.14181115642608855,0.15040164640289,0.15240762829654775,0.1475545984480048,0.13781273570923086,0.1753368331361799,0.19116133288828854,0.18802769680614018,0.19030195927561208
BRAS12,0.15844101132028449,0.17561303782443366,0.15419703156679215,0.17252539438262793,0.20977562869815644,0.18711430504187324,0.193660244144807,0.18680506899135615,0.16724959046400392,0.1637389658883045,0.16926238055271395,0.17614593398170217,0.17086278933232985,0.1609106884878959,0.21337441457781692,0.23599456995845167,0.22864671197932715,0.23167370279535443
BRAS13,0.1416467564409532,0.15903628648007562,0.14017923074691005,0.16011060071495384,0.18376786698391762,0.16512713478894234,0.16953227950649816,0.16515466189510486,0.1521856519338654,0.14324049956864204,0.15546252950991823,0.16323611295627194,0.15651531677919014,0.14805611804766433,0.1917803979866128,0.2136262799094874,0.21004714840854125,0.20822621237736066
BRAS14,0.14052388216384468,0.15772223119664547,0.14375432410879216,0.16004116346117647,0.19230405044719964,0.17148441031445172,0.17854232441794257,0.1764741073466288,0.1538179342281995,0.15132864611087155,0.16440565501767865,0.17899830941729333,0.1774897187469672,0.17726187971699195,0.24464015441306783,0.2465818133486791,0.23049457581210805,0.2461055450931004
BRAS15,0.15832031351796266,0.173414941227765,0.15126223294593036,0.1781736848784001,0.2370744100130775,0.19458714552531156,0.2089606937849111,0.1828680743526076,0.18046226141545302,0.1769342841784059,0.1818793585110671,0.17470352138174863,0.18265662778980812,0.15811904357194984,0.19699248019610427,0.2290631000542076,0.22036186627222618,0.22426247637649274
BRAS16,0.1366951382156614,0.15066179953394518,0.13830812565112652,0.14831001654821385,0.16671928244015102,0.15402292223178848,0.16082589822490082,0.15824307438576452,0.1568713983669253,0.15380932774715203,0.16379309381146354,0.17549478255879683,0.15886807580643186,0.16529953325399965,0.1930093346039127,0.2022454342751851,0.19495014173759156,0.19968280795883417
BRAS17,0.1393339206122969,0.15097662543701773,0.14192901283753448,0.15648773794639725,0.18115105797990574,0.1711355593737468,0.17194300926846254,0.1684332427913251,0.15679995039769382,0.1591466175297355,0.16873732712292178,0.1759982706834727,0.17123828313042533,0.16051714326499913,0.198554144681289,0.21717683812585598,0.21505619792084993,0.22105379018821222
BRAS18,0.14124263425803957,0.1568257607419497,0.14568921941561402,0.16312667308563492,0.18917433964512306,0.1747066472472414,0.17906110828840452,0.1785639144327651,0.16268407549030686,0.16087012238843149,0.16922924354166158,0.16774745925250256,0.15997858505383342,0.14869757527393707,0.173670664427096,0.19036092588956927,0.1930956182113989,0.19542379486857425
BRAS19,0.13287738828398146,0.1456295818134036,0.13674603191005927,0.14762727174881418,0.16792337458577247,0.15595168101321055,0.15856801953560481,0.1555709175060535,0.14417661378694357,0.14431256123096872,0.15411867535594484,0.1505007325841139,0.1462936582746895,0.13034696541431873,0.14457847543638028,0.15964653571197002,0.16868004136096978,0.17156250635245046
BRAS20,0.14435534541567974,0.15830677956316552,0.14819008049097043,0.16464961642464035,0.1866207083909656,0.18283813679654368,0.1886485316200679,0.1845217142484999,0.17257621941759585,0.17295453449959727,0.18372729415125041,0.18032426850441552,0.17140363229844488,0.16222569931416636,0.19097054523761628,0.20369324096070401,0.21054039819065015,0.21589257574809545
BRAS21,0.15081378321289063,0.16587726625600666,0.15440548175388216,0.17152279698369186,0.19534691736787035,0.19584302857981675,0.2030378824201144,0.19843339243023678,0.18800369899092587,0.18778997062503697,0.19830318123178967,0.1946259442965786,0.18285592531467892,0.17239929076449173,0.19922440078305073,0.21556261973939145,0.22406893261759134,0.23195719778892318
BRAS22,0.15021229833131247,0.165420939256487,0.1543543353124371,0.17261364075046345,0.1937791491248963,0.1822740173940138,0.1862063287079444,0.18412546352031023,0.17585931238394065,0.1730578132260998,0.187999416210997,0.18863312407182975,0.1789431770775434,0.16403880895668718,0.19090304436593417,0.2119113159271691,0.22307816382080234,0.2276844626980159
BRAS23,0.15636975320336838,0.18016234478120055,0.15763736454206728,0.1821457088908352,0.21344154484095473,0.20374027091587774,0.21371206302246917,0.2078001521817445,0.20635352531325665,0.1983826090154432,0.20982528880306323,0.20940843893862787,0.19953537545250644,0.19549200884801043,0.24384883615538458,0.2640310365016477,0.2652674967217143,0.2751465218227741
BRAS24,0.11026596976534483,0.11884847918894055,0.11403856773444675,0.1253387975669893,0.1412039506068336,0.13428414383624648,0.13614940391972827,0.13432279250324716,0.12529549384794844,0.11705576143913399,0.12854241579977202,0.12996439123817657,0.12735352862459048,0.11981755200858067,0.13722917884085578,0.13743035004030985,0.14762550627399287,0.15263953386158863
BRAS25,0.12955820169253027,0.14523875916159992,0.13315152458620647,0.1519940420922832,0.17792360978450797,0.1677033442934718,0.17239827764598967,0.16942715778262746,0.15881237552058364,0.15454028804538628,0.16801830535685286,0.154226972012436,0.15203348756383447,0.12214065526450255,0.1427635275867157,0.16882410048636654,0.1883682466062042,0.19428058889399719
BRAS26,0.12924005404325606,0.14028336519146462,0.13347466355469217,0.1486516926481594,0.17120144047768288,0.15910378767733874,0.16596001352607848,0.1640375134996415,0.15149139326306935,0.14696687079771156,0.15938256615103527,0.16694472857636308,0.16219326681020835,0.15041843016142567,0.18393530475073058,0.19109830308997425,0.1946991860414542,0.1982342333191457
BRAS27,0.1374853767418428,0.1480406424162737,0.14192778142289508,0.15705058476175324,0.18658891112039355,0.16689615544265546,0.17060800407165888,0.16918952719800745,0.15998950423122893,0.15943106699071558,0.17164781995442102,0.1766902669195685,0.17116294666995155,0.1568301392717302,0.17847123876793408,0.19503584437732743,0.20233925851658152,0.20602022500174066
BRAS28,0.14848639652436701,0.15848801727344555,0.15129237818554303,0.1671456038643855,0.1954455741246042,0.17801093477466132,0.18201995962931747,0.18235716717448128,0.16693384428294708,0.17058075354869895,0.17977231760832982,0.18387541959464018,0.17900523866591672,0.165081317661572,0.18916162803390227,0.21368979813390165,0.21817817758269076,0.2206443292304489
BRAS29,0.13612836659119174,0.14523342533011208,0.13971415108609347,0.154454733479723,0.17952998627494535,0.16753174267898654,0.17154064241190795,0.17028720480355516,0.1593784457449436,0.16109650929493663,0.16895464201973612,0.17221457577629776,0.16698062591046361,0.15459739757658797,0.17521826487054767,0.19374261206301524,0.20073372904270678,0.2036224896852129
BRAS30,0.15566641380538374,0.16796817395704838,0.15785313722903596,0.17867985756867685,0.2114601232264926,0.19272811042405041,0.19833149558983754,0.19780477197916005,0.1817919269251691,0.17896416942902416,0.19354419667480716,0.2032948803539034,0.19935284023809607,0.18574529543978055,0.22834463801139723,0.24935168383048598,0.24951411229665568,0.2543643002926425
BRAS31,0.13791025745991115,0.1460150312884536,0.13988009674104565,0.15081516289168673,0.1773313521244656,0.16029050872480988,0.16365884981914658,0.16276184181152484,0.1473130278251074,0.14877010683669478,0.15728041717961297,0.15290838545388236,0.14805108634255298,0.1376320488376722,0.1486782947007805,0.16011626985731006,0.16541916564963396,0.1676172734058357
BRAS32,0.1327785424652141,0.14261910897504937,0.13739848739744762,0.1496837939467445,0.17357107445928838,0.16121500530398433,0.16574572482725505,0.1650295561398207,0.15000689611012044,0.150103868869901,0.16024763872616368,0.16614159093214959,0.16054128030812673,0.14728948492612842,0.15935026180849576,0.17829814273143302,0.18344902526024595,0.1879174065008154
BRAS33,0.11856960849644235,0.12717312041478188,0.12170570810369291,0.13194562718043093,0.1489882800207702,0.13874738743472476,0.14194858387934514,0.14029938662013317,0.12236364522438702,0.1232570359521566,0.12938203805017162,0.1330889858566571,0.1289018614349002,0.12090144473059412,0.12931924267555103,0.13622847550502828,0.14265718377988293,0.14341525097400404
BRAS34,0.15019171857098243,0.16290846006799556,0.15363656916612886,0.17330081935081706,0.19757998268190038,0.18511863414820653,0.189431767399562,0.18938476103034785,0.1740864858997185,0.1709397028111732,0.18582999271615724,0.1926816182042599,0.1884390704448138,0.17569970536952859,0.20654938846830287,0.22541537854137686,0.23180398196422716,0.23750873457102198
BRAS35,,,,,,,,,,,,,,,,,,
CANS1,0.1553706367980102,0.1680141153471787,0.15078836190198253,0.16369682564300658,0.17909617444705872,0.1817735812222889,0.18590653494436837,0.1899072487768355,0.17802877990472515,0.1743123931577749,0.1795099002144764,0.19943546483270286,0.19347172685544178,0.17903010277903347,0.2085915415383875,0.22355400562866418,0.208462706418675,0.22544879008086488
CANS2,0.23603312418849975,0.2872512462324149,0.22060746988131597,0.24486879519726795,0.28223468611403296,0.2858356079164169,0.2910119018827565,0.300568955790801,0.2780170316104334,0.2735918780153478,0.28465555194126013,0.29008815057221354,0.29180487505082636,0.26530501214198887,0.31500026335300496,0.35749997097548253,0.34377665071906666,0.36050381502462087
CANS3,0.15484062321509168,0.16540356141666948,0.15055535804800435,0.16429902482601458,0.17771798881536555,0.1796661983106047,0.18321344830452574,0.182557302229521,0.17809200594527758,0.17699676726744018,0.1836431232465862,0.17801205036822318,0.17510972597300628,0.1731251887733077,0.19881867768290584,0.21328807426869997,0.2140414073630134,0.22109643498559062
CANS4,0.2135976526495431,0.1770505792962412,0.16815680631738467,0.17175276658895272,0.17873578491875364,0.17366654223994343,0.17294871637304654,0.17973828492647256,0.17530966517249025,0.16948409244588292,0.1679376684274773,0.16356350229713595,0.19217124425714502,0.17686871149724737,0.20652549709137452,0.1975277243554244,0.20955488145972137,0.19865073040680523
CANS5,0.24913359106658062,0.20918935235329633,0.2949478950188604,0.31319095557042426,0.2181347242806071,0.21360210535687096,0.21443321895058298,0.22842466779614812,0.22370720492054985,0.21677255784529798,0.16170659493683767,0.1876735972590665,0.17839480771036387,0.15862124909635694,0.16152120769400352,0.15308896320709653,0.14644083619914236,0.14311900431975277
CANS6,0.19026481188939148,0.17131920873578987,0.151955026556709,0.16432736216002278,0.1779569576399817,0.1833702491643108,0.19493755240201047,0.19827780664753877,0.19008603423734954,0.18749778861151975,0.19002509770902526,0.19664296389081798,0.20046123142057176,0.1754989866285025,0.20275066446555412,0.22068065814968335,0.21647904997478154,0.2269145682185005
CANS7,0.16838199555714978,0.17377005206711754,0.1519401703576521,0.16441600479540094,0.17741748380764086,0.17839211776590638,0.18428898027043972,0.18527723623455825,0.17652689139964173,0.17488139904432035,0.17933641147057588,0.1841000353484732,0.19360840998121526,0.17718991528199565,0.1854264888663091,0.19862318948454244,0.19537453249244013,0.19583000069904605
CANS8,0.21069795950158537,0.2873084685588732,0.1928867492892994,0.21980962769534088,0.24449610328186988,0.2579532412894989,0.25253184740453627,0.24414323681530653,0.2354619371630977,0.23073425360622604,0.2374307914554763,0.22185927906306255,0.2180528799164394,0.18474705649051396,0.23030737197241774,0.2600693321298639,0.25823193636041947,0.2690676184710568
CANS9,0.21241352378526165,0.24019761321235428,0.18666823623451861,0.21080454623647962,0.24741923344933295,0.24038709131101946,0.24541019269000056,0.25403372201373675,0.24349302197332004,0.23957498608579195,0.2466176415950459,0.2684160636726209,0.2699154369782334,0.26567158358941173,0.2655828062502516,0.2818825355087661,0.29370476544608864,0.2913355018710395
CANS10,0.24266740913317378,0.23556629569520948,0.20659991954314053,0.22335312439805388,0.2563745559979073,0.2574780229822622,0.2544424531140623,0.2700515453850447,0.28253267081918415,0.2734459480810985,0.28115763649055064,0.3191598297407726,0.3294523609059019,0.2859135186436523,0.3243086530736069,0.3316670963911706,0.3131425119448085,0.32812736652751817
CANS11,0.1332067192943837,0.1411093342334463,0.12907403627520866,0.13817279490514686,0.14844161820866342,0.1497903004315627,0.15258975391774526,0.1515441086622401,0.14309743444282771,0.14178498632131226,0.1487304512755037,0.14858737178580372,0.14751979408060123,0.1431891396201178,0.16854247785404983,0.184455585694308,0.17658520546726122,0.1797852879518806
CANS12,0.27493269645914614,0.30421862263021154,0.22688002478342814,0.2754157386213008,0.3050297008093596,0.28825394281812383,0.2802047718461191,0.28138804424559194,0.264433229423152,0.25962009107383577,0.2593987869966166,0.3116305408004131,0.3221777610946111,0.3163591184330852,0.3850290861905835,0.4011898864776475,0.3925607740341701,0.4002580073214108
CANS13,0.25098624497547717,0.24646998663859268,0.2211670578445074,0.23094837149941366,0.22706866294118755,0.22668701238809336,0.22104300876872696,0.23725997640337512,0.22634244858601543,0.22192394068251506,0.22709999745151596,0.2238769131586488,0.24722510206826906,0.24043779229084972,0.26600675828220266,0.26995426514642934,0.27481472663528445,0.2774438111346409
CANS14,0.35476368568130834,0.35482572980373217,0.3065326173270279,0.32494521249518354,0.33503802780352493,0.31434268463141773,0.32259487373368434,0.34061415238244597,0.32498392222961936,0.31944096144343737,0.3154057204525631,0.310773704857845,0.3496526804946442,0.3258499332341424,0.30790896818392216,0.27199487503030007,0.2790092368604814,0.27953444374814795
CANS15,0.4330502599898938,0.3529224120746064,0.2721716777660254,0.31037583241995803,0.3262959696336395,0.3501684673623899,0.35206918580928703,0.38262088266438204,0.364654922901097,0.35640739365655083,0.32076973848354495,0.3740996095184501,0.40622437039037135,0.3505895526967732,0.4149425974503816,0.43320410743960935,0.442040505708861,0.4418579179603238
CANS16,0.15999389980955656,0.16742442498122126,0.14987147217507044,0.16531277449409768,0.17872790284618364,0.18125781765313942,0.18411897995607673,0.18144739325727863,0.17345840168701399,0.17201319341753726,0.17722643191109783,0.14773525444201568,0.15941334593165576,0.17362178345214832,0.1563028406840506,0.16056631371861002,0.15652436335088865,0.15908806987932142
CANS17,0.13974131030285697,0.15075628830351784,0.1330273619385744,0.14450876571254695,0.15827576892677767,0.1572146803289647,0.16122618618471388,0.1632525264297398,0.1596377091100722,0.15798364872459142,0.16573251462947805,0.16343559783802003,0.15708842570346118,0.1491795687594176,0.18574543830320867,0.20022077542547376,0.19502167926253616,0.20298045984058438
CANS18,0.17757832460859363,0.19089105417377297,0.17151385160590307,0.19159418745256074,0.20778875461141932,0.21473177008957423,0.218944282347579,0.2169684118071236,0.21236987946510547,0.2086704099217136,0.21841804962587935,0.21082437205213117,0.2051474083896954,0.20376810056691458,0.2389731332498159,0.2622979196084637,0.2584501547686789,0.2685224856184351
CANS19,0.1769859995393916,0.18584009868319332,0.16549237408473516,0.18504733899566517,0.20452711889060435,0.20775134070357945,0.21374894417292947,0.2141539962763684,0.2050010994771869,0.20272525321673288,0.2147027972469308,0.17733216503302568,0.17429293171239846,0.16334982273133278,0.1944587675475487,0.20793920164792282,0.21073521430541017,0.21886932650008653
CANS20,0.15821916021151408,0.16709312976673624,0.15200649767871616,0.1667414597246895,0.18022429276207566,0.1835286507214376,0.18724971219670217,0.18975415759428507,0.18096869123006476,0.18012164220164475,0.18727545294055503,0.18344886936040153,0.18022515350141957,0.1871127974837704,0.22408303570478388,0.24944256680383603,0.24026441435077697,0.25126218046625326
CANS21,0.14760148710748805,0.15704428157394867,0.14269035673806119,0.15606887389344776,0.16884553671711203,0.17282937689178188,0.17714669678839087,0.1745242515969236,0.17031770355299528,0.16828935175666462,0.17683826943110442,0.17892508196490223,0.17061985525655338,0.1667598049353846,0.19424784817623214,0.21146348210178298,0.20850344961531678,0.213975177457714
CANS22,0.15084934335968775,0.16072856452771958,0.1465320425435688,0.16084757165238997,0.17321160086287055,0.1751384235107098,0.18001565637014733,0.1719043625989929,0.1678181285078524,0.16683760105302026,0.17366396256373265,0.17141310177344474,0.16674624778099761,0.16026318450229,0.18300390938398695,0.1997419004186624,0.19977094875456433,0.2069105667150427
CANS23,0.14151794021263053,0.15505008554118327,0.13712585794706642,0.15611806661949648,0.17206829898699033,0.17777414944056308,0.1806418665530526,0.17631837584916998,0.17267684329297986,0.17089851026242348,0.17897000146319286,0.15972784845574559,0.15370062019048006,0.14553126077096795,0.1910936807620342,0.2107443538672433,0.20957993391250057,0.21988785447267625
CANS24,0.10723709921189073,0.11233228754471572,0.10815732865604469,0.11424154268465385,0.11974869958576657,0.11925255764483254,0.1218306035695361,0.11979692658298957,0.1167432540836965,0.11585250906699619,0.11948802568858033,0.11991886297212401,0.12067234864386713,0.11299926798613685,0.11669821287697622,0.11941069030171164,0.11941292080850172,0.12094032610789474
CANS25,0.16791966147807938,0.18298132890972377,0.1608056965915288,0.1771429147331623,0.19950953692481962,0.2012179680108098,0.20354628705077432,0.20362209929550168,0.19445130438492986,0.19262988769144734,0.2010022845199856,0.19784507126626266,0.19583229221447387,0.16393418062651716,0.1698943748317758,0.21288920096645447,0.22462200059722132,0.23690395337891382
CANS26,0.12945737909906743,0.13706154135938886,0.12761258701374958,0.13889665517139313,0.1476386303341667,0.14994589317666607,0.15176865184706545,0.14880790836240734,0.14366626912240338,0.1434935489166168,0.14936014719150795,0.15648955451829524,0.1531316189462178,0.14982151532560506,0.17461842993067458,0.19538658681631418,0.19711881395192035,0.20454295918635218
CANS27,0.1548673671066015,0.16496297597974763,0.1499030662459824,0.16297123829651342,0.176095496598243,0.17743486671603068,0.18096879805159632,0.1822646478874767,0.17280199922610828,0.17171920819374217,0.17846477819466885,0.17477634924750537,0.17331733957196258,0.1694921970450224,0.20167973692816954,0.21270580542301115,0.2081547896133084,0.2168054559954062
CANS28,0.16858192466638253,0.18188912081599848,0.16112771639563195,0.17790341828465742,0.19733893717926676,0.19929236663208869,0.20447926142922623,0.20783080074498964,0.1984585603906175,0.1971225489593789,0.20753146239692932,0.20795253173146708,0.20133730248263454,0.19047121827158345,0.2522480748018193,0.2792653312909512,0.26489306813777264,0.2789937902144633
CANS29,0.16468848351817936,0.1783450072593827,0.15972554836035133,0.17829317413736598,0.19557933549961773,0.200780510714226,0.20557761046467096,0.2033364834145481,0.19895765714210745,0.19569932857814457,0.20623393763458397,0.1994371187705184,0.1916365588885152,0.19390416764778373,0.2319220554232157,0.2461639700192228,0.24242140002714013,0.2525458038565272
CANS30,0.179401138441944,0.19294382118190112,0.17240786924826543,0.19189525252962042,0.21289463488380184,0.21506524179172481,0.2207452761440303,0.22510686308351374,0.214548607910373,0.21346154418953753,0.22441308926043446,0.21887073722734826,0.2149056847906542,0.20579460527969287,0.2678548046899086,0.2976257431141315,0.287998205102017,0.30228105364421204
CANS31,0.1599435931691305,0.16947021502233806,0.15332774610840177,0.16537108574053327,0.1783207249116054,0.18304884953073408,0.18630355832955706,0.18592599024447515,0.1828764639519743,0.18037585017121824,0.18795429580373418,0.18616711581179393,0.17963064169142032,0.1795959539786913,0.2018611352630276,0.22178988155895116,0.22211516447840027,0.22617783999326654
CANS32,0.13406642099353935,0.141782036744906,0.12723074806554727,0.13784252565086516,0.1465173119581738,0.1499159063345031,0.1527615576476102,0.15385190191820883,0.1536997085374559,0.15128786578173123,0.15737795424925805,0.15665068888786388,0.15004218717212164,0.15613499519312976,0.16474891362966115,0.17778710718314392,0.17661648062046378,0.18089458041499892
CANS33,0.15138655939346637,0.15918849869345142,0.14444287573016792,0.15563943888005088,0.16654062210010326,0.1680882913361827,0.17170249412913144,0.17328100815906247,0.17024010621669908,0.16854154861487816,0.1745799309826137,0.17590266005544009,0.17048588717589033,0.17093149932978477,0.18958518952118333,0.20358394959373735,0.2032508097430706,0.20646453422805075
CANS34,0.15869208381134706,0.16959123659764277,0.15295025023156572,0.16829265873599644,0.18387669778250182,0.18566478344048343,0.1903530191452955,0.19290124239471118,0.1837700264969776,0.18326311932590345,0.19129795315490347,0.1868829589235558,0.1829070687292421,0.1786681873838058,0.21369641291960878,0.2326840658245597,0.22946755746506503,0.2383464461758268
CANS35,,,,,,,,,,,,,,,,,,
SWIS1,0.11260065847322343,0.11809268061523873,0.11492999723426173,0.11620711817584257,0.1220238429677363,0.11900382918476032,0.12041261938105238,0.12141479178557,0.11829363972882585,0.12231710895904153,0.12078680950530396,0.12725428692234936,0.13084623873298543,0.13592566925594848,0.15263854067209126,0.15334249117233295,0.15543903369288356,0.16134830911868453
SWIS2,0.10019201481768465,0.10200348390868566,0.09712853657976461,0.09759677260354359,0.10208139975747965,0.10091516868551322,0.10232911247868448,0.10152805096899288,0.10008094235773372,0.10353496839062303,0.10807760348331147,0.11426318899142,0.1138446536409536,0.10258278606019207,0.10773575805371387,0.11051694012997473,0.11151136331082971,0.11315229224139929
SWIS3,0.12138177746581,0.12801137662132303,0.12423627043867903,0.12831344119495258,0.13704709299310866,0.13323738133979876,0.13523464181576547,0.13615457277435342,0.13254686351113726,0.13186482344120376,0.1351259883079435,0.1475119709769424,0.1485314089727977,0.15484899721501802,0.1894274526479451,0.19127943397290945,0.1939283902562497,0.19930255711564318
SWIS4,0.39542429982949506,0.3904727288670956,0.3810856976873553,0.3626068879364388,0.3497821469411404,0.3422504716610305,0.3240140655736839,0.31172880910695167,0.30529758878934704,0.3283630250016822,0.3961109777517644,0.47776971267841295,0.37349898024886174,0.3849752520849899,0.37799267372400924,0.3672753866610676,0.34785242788133613,0.3268954471202992
SWIS5,0.39804815056295967,0.3937291671163128,0.34042411258677724,0.3405383458166432,0.37563646632892184,0.37534990475959545,0.3714728835694088,0.371830483241606,0.36510960487941563,0.3677635067479515,0.3976751722830543,0.49675762433381954,0.3910037492719539,0.38540491480370836,0.43137810696518014,0.4332320036771059,0.4287846888738329,0.42376299618395663
SWIS6,0.10688876636090437,0.10953260135663553,0.1088289844316768,0.10998337585926607,0.11656705162331638,0.11383626470528112,0.11553239055951053,0.11606420207419406,0.11281766375718646,0.10996219653718446,0.11451897836753425,0.12313079258393195,0.1233822168572015,0.128549115744944,0.14239737298743166,0.14792923980409556,0.14690181528669297,0.14945321857361782
SWIS7,0.11894732345438841,0.12626471622187524,0.11871978073841354,0.1253746285408041,0.1354915350753137,0.1319671721728796,0.1337227819695887,0.13412635103085313,0.12996472451708113,0.1283046059034043,0.13302968931964793,0.12798589417832676,0.12854932274405997,0.13629513964616113,0.14675745007968552,0.14901650577907585,0.14804761947729983,0.15561394293198455
SWIS8,0.23092444764356357,0.2637637979375344,0.1977667887485109,0.22878863024320986,0.266294407560077,0.3026838520470562,0.2696414535607206,0.26221496482269263,0.25348979768831464,0.2710055346046227,0.31625998102497854,0.3594438641614096,0.3587385225869507,0.4298432383133554,0.4155678581232848,0.40931192416433615,0.409744322836647,0.3885793198594938
SWIS9,0.2628084127885979,0.25951180725444845,0.21277107970931905,0.2614131649621281,0.28427999398415343,0.28356544112750914,0.27548152908977885,0.28704809165313105,0.28242963762665796,0.3013104084708421,0.3709157962406842,0.4582198365325998,0.47721744905027597,0.5327139964028512,0.5885061306621282,0.5994598632367147,0.5934638720346881,0.6208158445034432
SWIS10,0.20116221306436907,0.19362478232964167,0.16172101369419734,0.17110369681308857,0.1749295362265516,0.17050166874215722,0.17031148662103154,0.17374572363927257,0.168663403137345,0.17810140669041694,0.19648974376106448,0.23362561486777747,0.2901522049603693,0.3689745280782871,0.3621073549627145,0.3664993554778051,0.36373924514931577,0.35709947503387596
SWIS11,0.1240398558775717,0.12663473905547606,0.11692510346069501,0.12128138552863174,0.12682911492339402,0.1235607020840965,0.12508741127257042,0.12652818287149953,0.12215643852736219,0.1250890853568341,0.12765198577841125,0.14201817242100234,0.1508370710294365,0.15730546244992694,0.1737055889304469,0.17413321117670158,0.17442840127003836,0.1753478941452742
SWIS12,0.20686232422482254,0.208820976771667,0.16620987621511765,0.1727398645542845,0.19016109267284828,0.17461178333589297,0.18076605453305228,0.17803182757870537,0.17769660286093844,0.227176467990032,0.20508930133620457,0.2698470708362789,0.2618511262763556,0.33499977405460685,0.334674306424187,0.3608561667766024,0.36966039184344235,0.35947939549895197
SWIS13,0.18311499837883377,0.1947677433300858,0.17211334991939412,0.1858225846184065,0.1905128691950055,0.18457232690976155,0.18706681556722146,0.18511660431211469,0.18093088400138857,0.20468809521966977,0.2058131956432646,0.24543987529019454,0.22612440446957502,0.2964439329102965,0.29451953197632813,0.298178035364829,0.30109507027634896,0.29311075363505046
SWIS14,0.15527215625289517,0.16824162088554087,0.15072535424437356,0.16342196389756586,0.17647779494579607,0.1783835252419838,0.18207504811095027,0.17559711998835995,0.17559777841083776,0.17637616945847984,0.16620989467439867,0.1790361341228615,0.17633916271117142,0.22263184221094612,0.25005610785843163,0.27099684066392027,0.2510894333737917,0.24613016512606684
SWIS15,0.2773057810455299,0.27443184717992636,0.2759466546549796,0.2440598008566416,0.2475441973082996,0.22732403011397553,0.22111741465947066,0.2324394408978151,0.22672729140533154,0.2596773978571159,0.27008874171798014,0.30708936830134426,0.3482927290531231,0.41548413652265903,0.3854178744533556,0.4188707725360608,0.4145131605551375,0.3952248425568494
SWIS16,0.35313256819003447,0.3515402754632271,0.3240102841699673,0.30852413837716086,0.31963122932582794,0.30820757519473035,0.31755666598815274,0.3043418064797458,0.29458456377109815,0.3263278921706574,0.32989756887694266,0.38111547311109806,0.3894735244450135,0.396576199060126,0.47922682753014617,0.4685990518499338,0.478511680686318,0.4299519431851081
SWIS17,0.10130414315986902,0.10988968209794206,0.10531413708866061,0.10983636650979202,0.1185342999276311,0.12489130722947403,0.1328492287509755,0.12568751490917623,0.1271616113930086,0.1577796501203397,0.1482723735918279,0.17941549851030592,0.13675101113734264,0.1415460879097289,0.18411627524224408,0.17129965732293287,0.16822438609830345,0.17882504907691898
SWIS18,0.12755577585221586,0.1334731102709569,0.12821839947872557,0.13390788060101758,0.14315078538011852,0.1412304383104713,0.143417848582545,0.14444385714473687,0.14073398726336003,0.1411574833132012,0.14404961941657848,0.15851499958139656,0.15506468251500777,0.15879959392120174,0.18450431575598022,0.18398208552723117,0.19154043355703632,0.19788454952881598
SWIS19,0.10721856305287611,0.11149814771802664,0.1076407539236451,0.11135844387276365,0.1170640950765711,0.11579278144129428,0.11607587377548968,0.11694346737449056,0.11516061142032236,0.12252966040736538,0.11916989447006665,0.12913352792215776,0.12750584448837132,0.13989586429242298,0.14785847567115956,0.150020413873719,0.15331528669810235,0.15441637863721996
SWIS20,0.14578218815017843,0.15558953633045297,0.148670604442186,0.1561214127791579,0.1677496329025879,0.1693732769608041,0.17269052910972363,0.1762869212380687,0.1701212882119313,0.18533073423133845,0.17787324326419474,0.19999228041302008,0.18662436387087597,0.1904114737405127,0.23253634991465585,0.23018351033159976,0.23475386916332164,0.24257305664354475
SWIS21,0.11653080481372785,0.12503510426328246,0.12147688506160959,0.12669273487799806,0.1381075162600105,0.13579363571908057,0.13799780862786015,0.13846538265977784,0.13559967268730974,0.1436703286619894,0.13966454256707317,0.15465157804244076,0.1512866824710419,0.15228218063917195,0.18721987909348395,0.18325720919874172,0.19040200617349562,0.1996101544855709
SWIS22,0.12649114586980628,0.13166389319866434,0.13434421131817167,0.1318201069296477,0.14337235875374613,0.13802892241926393,0.14089984517797588,0.14193367892401942,0.1381696346388497,0.16545326617522876,0.14383776549340357,0.15902693438049118,0.15514001609561265,0.17568877390610507,0.186144800349751,0.20012758744589726,0.20162816479122628,0.20167453461897894
SWIS23,0.14015448070518544,0.14789263189177576,0.13885158550608184,0.14730319189919816,0.1578303226319684,0.1593132405803417,0.1629211029935441,0.16604020115056944,0.15982120285496595,0.15977135032566508,0.1664158263869221,0.17581116742517988,0.16609683430355135,0.17467169876019495,0.19673943203311858,0.20067221297789867,0.20404551378536134,0.20505192139643735
SWIS24,0.10479419399486511,0.10337035255287227,0.09641231051300632,0.1129135837681634,0.10326356599077212,0.10188673005391932,0.11469405352735881,0.10751118154798707,0.106443631753193,0.10718579787393828,0.1155309829991333,0.1366362506521101,0.12157499082372374,0.11678509944593325,0.120498702785469,0.12907343977491212,0.13573454611582164,0.13512911387341256
SWIS25,0.12596850482471794,0.13246081344013846,0.12408448770068765,0.13220051603524052,0.14158536582858586,0.1420052666132594,0.14551664047265175,0.14810982176990953,0.14309270546493066,0.1420981120193718,0.14942706090817715,0.18269086733753578,0.1634349617023434,0.17052516320944797,0.10387191484983023,0.12393909122111238,0.13191659095644637,0.13045887979677107
SWIS26,0.11465203327788039,0.12354971048462957,0.11921057251933344,0.12733657361045136,0.13787729301176624,0.13842059914119817,0.14106108043649673,0.14306070376342306,0.13783461326274243,0.1376737690922506,0.14132450010058545,0.16429170412193211,0.15682017618174815,0.1564741342329466,0.17878987731611654,0.18818099990331444,0.19528112767373945,0.18676652128076313
SWIS27,0.11005539081640772,0.11939284553858621,0.11360681543293046,0.11872420103844201,0.13183956710466913,0.13026345081034585,0.1317069173987197,0.1323168931246786,0.12887822172068628,0.12629400694099663,0.1307185410877271,0.1324730586935274,0.13134932106490058,0.1358603754469759,0.16183563822491667,0.15700900913547014,0.1600572972543861,0.1686821993241328
SWIS28,0.15032027110925436,0.1638687379266577,0.1578286769537592,0.17314564336218655,0.1930685107432348,0.1968148788019691,0.199383002746684,0.1995664353342811,0.19464487855174206,0.21982680724278109,0.19939159538165024,0.21620946405387456,0.23246686500029748,0.24471119646811232,0.30265768521923125,0.24543400194613477,0.24789741312585972,0.2759260962384922
SWIS29,0.10919496344094724,0.11738799526168556,0.11605943862255981,0.11984466312226535,0.12749074708855,0.12633407728417267,0.12810555876797208,0.12870643997278491,0.12664600410023014,0.12594775154645912,0.13432221178763692,0.1411281004626889,0.13782116235700242,0.14081816312647577,0.16189247560992337,0.16217081264592265,0.17012029796246128,0.17763557153736945
SWIS30,0.1394726485944253,0.1510788595682774,0.14498598485216438,0.15511430283214844,0.17320166486218658,0.1722427607077287,0.17689614868346318,0.17823198856405129,0.17403482294875589,0.17766281424500535,0.17849137546488492,0.2042608683689554,0.2127836965232111,0.22288310783439455,0.274816107774058,0.2450709836498333,0.25058600215994764,0.2682652883473586
SWIS31,0.11351765409696933,0.12236977413431216,0.11964924052358668,0.12534549190747726,0.13775415534635788,0.1360114135669888,0.13934755934274337,0.14011349122926384,0.13830051364064763,0.13897832172861185,0.1422262731625479,0.1653513865251403,0.1657911538776486,0.1706317155905575,0.2182095250267418,0.2088703916252366,0.2163569480531271,0.2280602276581413
SWIS32,0.10375848060643927,0.11188781047690718,0.11022468095565639,0.11464588127689904,0.1262549190130954,0.12415289438036463,0.12706364569209436,0.1281887475362915,0.12712592659233043,0.1280586213753105,0.12901426185634832,0.10283068246098995,0.10104880835383012,0.10531000386125881,0.10865788875325678,0.1102298469491157,0.11426470729956428,0.11723968191221969
SWIS33,0.1342686440945803,0.13168850053146097,0.12510884816331486,0.12917675898411787,0.13349788359222817,0.13269805230245507,0.13714618424762207,0.1399779391946315,0.13591268936029982,0.1365182392921352,0.1441015605094606,0.162750161968357,0.15046247070737967,0.15688885436750102,0.17267118657334787,0.17686350858190125,0.18031664031155376,0.17959495971620798
SWIS34,0.10532796173483691,0.11261157680460836,0.1102663747290262,0.11553747865080718,0.12799532249304213,0.12572817473823497,0.1283555153198995,0.13017965790541003,0.12751306890201608,0.12846587639572632,0.1333654090488574,0.16325556888542228,0.16139728800280992,0.16691401741039616,0.205454579232988,0.19975889200991306,0.20316051358745538,0.22889365509887202
SWIS35,,,,,,,,,,,,,,,,,,
PRCS1,0.21495391770491076,0.24971817336871954,0.2256962155813198,0.2573931852120609,0.2802783930874076,0.3037569874591694,0.3140484167305407,0.3062774047418339,0.3106993715164593,0.3046104269285845,0.30858316495542504,0.3150226215816598,0.301522915624234,0.3004127751645014,0.3594437598892003,0.37915995253379725,0.364484936702543,0.38057474498681954
PRCS2,0.22285460973576218,0.2661976634694815,0.2328060193526661,0.2652692748862866,0.2837213739368724,0.31173732907364904,0.32089951321615084,0.3128575063356517,0.31908878485138525,0.3104449707840879,0.31153734039108105,0.3003726814484259,0.2923792475337655,0.30281299364863173,0.3557716918037984,0.3797325023805913,0.3665005812679378,0.3832744778466553
PRCS3,0.21449246203828407,0.24722136647174384,0.2247194406462607,0.2563652652437318,0.28082545717059765,0.3030996410487752,0.31368314472678216,0.3068212319769991,0.31009375446416826,0.3043206457202147,0.30858251666457215,0.3168976873311611,0.3017675044569955,0.3022460577090267,0.3599851969711143,0.3819872868999154,0.36797323162933165,0.3829177817248177
PRCS4,0.20065871853661243,0.22474183615633425,0.21081612107117145,0.24028209804110817,0.2643261107907432,0.2821197958043164,0.29517760511012453,0.2892677619686876,0.2899106472275194,0.28747091614463877,0.29365498238861865,0.3078632194235375,0.2908021306866076,0.2862767367671154,0.34857878031520356,0.36530760090420084,0.3531925833566478,0.3681749528541212
PRCS5,0.18190973992269285,0.20390284426233982,0.19195516121534995,0.21592097548598968,0.23903560368507254,0.25527889865621073,0.26910358532515305,0.266156398599313,0.2645640843803324,0.2642896674623715,0.27026582036480673,0.2815369829839765,0.260547529576533,0.25864416150249914,0.3129719081700089,0.3257330888187654,0.31647061354021494,0.3278486199633058
PRCS6,0.19644544643767384,0.22164079971021586,0.2059722613082663,0.22887520065593903,0.25409716952717765,0.27226204327897346,0.2849880877874538,0.2828744050594908,0.2818491124225955,0.27863099365092475,0.2848567834236404,0.2939750182739053,0.2806393077263286,0.28355373005568146,0.3330000381472521,0.3516923956412142,0.341466567753341,0.35570850776591484
PRCS7,0.1978786850379915,0.2308515318068478,0.210496552294858,0.23767576427792383,0.26037529311788693,0.2818585699626547,0.29269226003318466,0.28499931713120413,0.2922754606150708,0.28710970227155397,0.2908760372709389,0.3022544586324957,0.2916977265604109,0.2864098784417404,0.34098389545181307,0.3625322161413083,0.3490083846026905,0.36531710393076894
PRCS8,0.22911489104892344,0.26926928747014384,0.23724321189552205,0.27637187441676153,0.3015473121383544,0.32563311114070237,0.33523608409897765,0.3250948183347941,0.32883777284750915,0.32097039324351706,0.3235751685879965,0.3178967360282412,0.3230859605810487,0.30834528614391843,0.3802801007176747,0.40598290330668535,0.38496906356209043,0.4076091351039973
PRCS9,0.22623720504158779,0.26503067216136406,0.2338602346519661,0.27000768662152197,0.2927842396370341,0.31809842775259145,0.32767030961228916,0.31733084006163265,0.3233822176347639,0.31608109876334783,0.3186213395489325,0.32607405933703043,0.31561936827805753,0.3102257840309512,0.3749803382293645,0.39667920921476135,0.37862723985930696,0.3967394079786228
PRCS10,0.22230478671456344,0.260830218130013,0.23086570166494563,0.26510094569190407,0.2853094384849965,0.3117390195368855,0.32120837127946683,0.30813442215563064,0.318102708931178,0.3110188030487019,0.3132052097566538,0.32413997562630165,0.3065991792470115,0.30283012583716273,0.3627802168953022,0.3874875173489873,0.36838996683816555,0.3859827723955958
PRCS11,0.213353052018222,0.24710813379994806,0.22368973115226173,0.25315493316451537,0.27378120685387397,0.2986204081114649,0.30943836728152274,0.30211670485058467,0.3062154826720103,0.30089600936379923,0.3038522891502354,0.2976019243143276,0.29143039884190625,0.29968304754073904,0.3683205360287332,0.38203266812996894,0.365935131899625,0.38300496617054636
PRCS12,0.23158688440565514,0.27713492333573647,0.2423854736329104,0.27621843177918876,0.2980708898629665,0.327398502002651,0.3386435928506171,0.32631176956556773,0.3309288835438285,0.321622688871855,0.32469888636552674,0.32457232631720123,0.3220927131624581,0.3229109648351491,0.39034810027728417,0.4189305023058124,0.3972065314770341,0.4188866270155959
PRCS13,0.23089678151116472,0.2705789017434627,0.2398673256915229,0.27351458749186225,0.2961202046950389,0.32032306700039404,0.3316204623963476,0.32327744299966954,0.3232024967856869,0.3161127667900506,0.3212514297913731,0.32886805953455883,0.31935721779597415,0.31949381436891716,0.3860820584175319,0.4101773852287019,0.39141935876622924,0.41009296832913894
PRCS14,0.25901203672939727,0.29861121842410776,0.25488486670596927,0.29277612740981956,0.3098049225518105,0.3406549176736627,0.34979705531973615,0.3343711053131988,0.3412804255070859,0.32944443366283127,0.33282241833633514,0.341257410342291,0.33285825114454926,0.3322439156300712,0.4004209996613836,0.430366518588359,0.4057720142920151,0.42452183618796063
PRCS15,0.2131486066042992,0.24583482026463374,0.2267917090373493,0.26152017612029027,0.28935106766575047,0.30563509263009014,0.31941043337646174,0.3134111216154441,0.3116497128498356,0.3062586810584629,0.31518306270620483,0.3193662403479649,0.31384427087255606,0.3129360632752801,0.3774519267556559,0.3993699358321755,0.3803286048488045,0.3990073242945841
PRCS16,0.19868010080431475,0.22387848305123847,0.20426547165433917,0.21959744554697525,0.23885597814527662,0.265182301391624,0.27879697072478576,0.2742247066142707,0.27656799545893296,0.2738805025942231,0.27593373667140614,0.26946939482773385,0.25645860474806875,0.2928750983341992,0.3634350298071434,0.3838935168731101,0.36794686879387145,0.38713137493103433
PRCS17,0.2276418250311843,0.2662674048631056,0.23397004361591847,0.26661473885255405,0.28444387335918864,0.3118020488933758,0.32106800146886566,0.31541246442290155,0.31881064306986506,0.3113227264387111,0.3134393410781646,0.31954410546515716,0.30264438075440403,0.3081996174557827,0.3704549787020272,0.3912350650424697,0.37709793347194354,0.39301672843303337
PRCS18,0.2123920280905775,0.23730955500884715,0.22079333789973385,0.25413172064383804,0.28643282552437466,0.29794425407358943,0.31434193992594206,0.30744758603975814,0.2999185746392853,0.297534879645647,0.3073349961151827,0.326271736759658,0.3191541907801847,0.318232707281471,0.3819119210286476,0.4062462657468649,0.38671445445424757,0.4038621603341873
PRCS19,,,,,,,,,,,,,,,,,,
PRCS20,0.21785182186158056,0.2588520010982864,0.23046271921634917,0.26434010492421023,0.2862460339320367,0.31158567863039066,0.3208526806052439,0.31079878750514545,0.319989589296046,0.3111151876272932,0.314630309419617,0.3220039869633835,0.30662702098560135,0.31455971748523603,0.3697686384244872,0.3962427388105396,0.3790341624407866,0.3963818396579467
PRCS21,0.18244231508490813,0.21607741676363632,0.19955966758546378,0.2305238517214888,0.2514366578576134,0.2745523640416017,0.28659017386869534,0.2818372704780238,0.28724031953195306,0.2826077974143506,0.28946379130217803,0.30299219660203264,0.30093264267614844,0.30998757689301715,0.3621982618928576,0.38842263367771895,0.37273988244127015,0.3900613804035494
PRCS22,0.20795595953389223,0.2403634998190396,0.21877465185104453,0.2489022270691392,0.273687200751218,0.2929507623548868,0.30366674719055453,0.298623050955092,0.3029891379405451,0.2959928132130198,0.30228040239376514,0.30998492097296143,0.2972071588274517,0.2983319863280092,0.3530237076271271,0.3775155740773156,0.3646470744677341,0.3796023545737444
PRCS23,0.2084665506570314,0.2421457460251798,0.22005592070006133,0.2544184204034512,0.27810074511653327,0.29935920103717273,0.3095241507079983,0.30469898650680616,0.30716919423438416,0.3019652002048296,0.3063662181707005,0.31291667048721833,0.30399436853234374,0.3034344943435892,0.36229932229559675,0.38207440627621975,0.3684532227405013,0.3864058398424059
PRCS24,0.19893654721029794,0.22231719681496512,0.19770608229689046,0.2211416390391658,0.24653810285697594,0.2543241381240351,0.26540437394076566,0.2656030186966796,0.2641552515589116,0.2614034479923856,0.26847888446536605,0.28115211912344207,0.23623952284914843,0.24913892809237304,0.290489813737362,0.3011472648680599,0.29936177534197067,0.3124397414521088
PRCS25,0.17884952920354757,0.19733035846759317,0.18339170136408636,0.208898756393274,0.23564113768027614,0.2441027472739972,0.2556588017455607,0.25676607347982744,0.256362569267672,0.2541364664881423,0.263642878010895,0.2757312206143631,0.2598703860424298,0.2526095048806413,0.2977853639936252,0.28830881324221297,0.32398776423079756,0.3468729098475516
PRCS26,0.1863169104881978,0.21105883115280444,0.19436818899343017,0.22399900804227316,0.24888103584476737,0.2638043007900751,0.27317408030525786,0.2718534377405459,0.27325298311190194,0.2695369241003534,0.2748560026055159,0.2889107778980563,0.2745226899997959,0.2904985358727256,0.34651181252735946,0.3639731241450739,0.35327537652902846,0.37005299653812185
PRCS27,0.20565683405100663,0.2308895788848662,0.2058902136772176,0.2334247880013445,0.25753038291614444,0.2740209231337301,0.2868071855582767,0.2855875225066949,0.286156735301803,0.2836738334350525,0.2899506013454791,0.2998717891333848,0.29301829068291824,0.2986918870780609,0.3621820867817387,0.3847153114256302,0.371786759749683,0.3886841316721502
PRCS28,0.2061149447365134,0.2419050286908296,0.21967425444755478,0.2501842655732084,0.270368259285514,0.2954499747085282,0.3062358134260212,0.3027314251748799,0.30992613684474124,0.30249273349235745,0.30652758079944453,0.31550059300425665,0.309961647124162,0.31533855358528246,0.36904001380306567,0.3913465338395653,0.3786875578227726,0.3959296719908626
PRCS29,0.18627983147953125,0.22035105090808088,0.20704529721425327,0.2373358039415519,0.2578884898181263,0.2821745414915351,0.29225330696870877,0.28458176195485974,0.29653393202395395,0.2890752838674888,0.290880647151287,0.3089965260479057,0.30124788393837687,0.30906601375027964,0.35824141981801716,0.38269217642710873,0.36975291948569466,0.3848844330650678
PRCS30,0.2285112875560738,0.2650884218271662,0.2350020684452487,0.2696267192346708,0.29224932055368463,0.3153884750127673,0.32567332397197957,0.3161320779755304,0.3229586305754343,0.3139501544896947,0.318852715714592,0.32689540027707725,0.317172658802992,0.32230627499081144,0.3811031665164373,0.40707491083661285,0.38912365408252786,0.40671214241382225
PRCS31,0.16536451471561117,0.19971904037099303,0.19562534211300758,0.21643939708072613,0.2381825880410422,0.2530168673758842,0.26545810717639234,0.2688662865227201,0.2730607191051579,0.2722496930240552,0.28067504649322506,0.30692967926153025,0.29318082660289757,0.29207551935859793,0.3483395405023971,0.37191438490008794,0.3608478784819622,0.3770852865691424
PRCS32,0.17370287551579047,0.191524236561618,0.18400424484927624,0.20240908061865573,0.2235642457257301,0.236696970527693,0.2507735971952315,0.2563680727942014,0.25937206837704274,0.2570655788163995,0.2660867014597336,0.29772861622167957,0.2894566982827412,0.2744307700515734,0.3277704768609374,0.34698679464234183,0.338880902757941,0.35394671996060206
PRCS33,0.19495211084993325,0.21246344813392298,0.1960522619425491,0.2175145398889324,0.2458792150330883,0.25372949010753965,0.269201398475897,0.27050024777734855,0.26689840126563347,0.26770906214525114,0.27884480692917607,0.31277881490091713,0.2991311746742026,0.27953796922401614,0.34155633621254494,0.36033492916987536,0.3468192071261565,0.36299856328946606
PRCS34,0.19502000120968113,0.2203501094488202,0.20332758841330795,0.23087519936800444,0.25479095294879844,0.2706573217969607,0.2829527700240914,0.28163637183982604,0.2836483443558157,0.2788384136086342,0.286434606118576,0.31600912681166854,0.2850619959215334,0.29187785101595776,0.3412886838948278,0.36323556332570334,0.3525803423665135,0.3675224092231384
PRCS35,,,,,,,,,,,,,,,,,,
CYPS1,0.12133830458290208,0.1175151632900485,0.11015200471420018,0.10470397238994343,0.09987612166742958,0.1024990196241026,0.10379136501699994,0.09484445527992283,0.0952327197646495,0.09758804241582306,0.1019470298620857,0.0874326417411499,0.10133378974708421,0.09564695528768398,0.10059984452140637,0.10144308083727265,0.09662465723580836,0.09793130890894908
CYPS2,0.13003587669691868,0.11606833309400652,0.10564897413629588,0.1017978080611209,0.09693094899073815,0.11232549302432394,0.12788904379693133,0.11962749791454355,0.12506407943142897,0.12559747442220962,0.12200911954482759,0.11778661297200115,0.15630792037507035,0.12158262592196803,0.16955513541781492,0.15550747984964347,0.13596490669285635,0.13308869513003138
CYPS3,0.11035044771613682,0.10091543703933555,0.1064275518605335,0.09725656067774939,0.08969806433992061,0.09092924560928745,0.0978852249979033,0.08592744448092107,0.08428614176117731,0.08746899890094999,0.08631022817183727,0.08204373386278846,0.09059829973809136,0.08880363203707307,0.09695736781246554,0.10361833376854963,0.1004341392742277,0.09886881688013127
CYPS4,0.15027658906649202,0.15730824969017324,0.11772789886540971,0.12529803290186783,0.1423179384836038,0.1449427985952526,0.14272036261162505,0.14716702823606162,0.27530934519757233,0.25971211209536155,0.07697333358931743,0.2665076582879639,0.36451380259882765,0.4262414517493327,0.44436728370545875,0.45059700414163484,0.4242162603102755,0.4300800980914483
CYPS5,0.09733546868232745,0.10870785218853123,0.12718173054505202,0.13164648893100922,0.09688505844875231,0.09937916642663241,0.09782920324573624,0.09961043843997167,0.10311062783424887,0.10295924649033775,0.07762523418476193,0.07735694046607001,0.07694888225913803,0.07700713324535506,0.07688764417437993,0.07789008818189946,0.07781512732716861,0.07762033651276837
CYPS6,0.08891509664467018,0.09315694395632694,0.08564737059975945,0.08512170149325883,0.08239856094082866,0.08564974912577202,0.08787766320669761,0.08777197389822472,0.09127822786024416,0.09180423275467842,0.09171110200390731,0.07723073423977649,0.08538316049430779,0.08429148776144177,0.09149812568968187,0.09994147665637985,0.09756405519645801,0.09663585645036063
CYPS7,0.14932916527722623,0.1519812124675236,0.1942945839380694,0.14390901890030267,0.11317921382107628,0.12476458543980747,0.11611522177411703,0.1377583891658063,0.14502228944271298,0.14509453649170806,0.13367790507676924,0.10930664544001277,0.11876018222501368,0.11168396449343335,0.19700250174376652,0.22184807649089308,0.17951582224097143,0.17394614100072356
CYPS8,,0.1095096175505789,,0.5073530823661214,0.16111675549539728,0.09056327302073343,0.09678552246129278,0.08864950965364728,0.10252316149995401,0.10558894525948617,0.10646340187211666,0.0922953067470013,0.09766560621709866,0.10487112298819351,0.10868637667259755,0.12435788908882343,0.11185431266241995,0.10240099086467194
CYPS9,0.29634414911390405,0.28248995655979103,0.15246238285228408,0.22845707359624853,0.1889865536239241,0.3073996559598207,0.1887306992870338,0.31662445687342483,0.38591830475688166,0.39234065368070437,0.3975990416027075,0.29278794208519615,0.35065884631606636,0.3682257887889363,0.41574173030408434,0.4508576467622681,0.43908686758318555,0.42400349800090215
CYPS10,0.15879272457717256,0.16083436925224798,0.1360593620012134,0.14806599625309164,0.1405268724319794,0.16420027109030802,0.15880931047222432,0.18920784876863125,0.2127078958739145,0.21177317705634832,0.2179156336744349,0.148850811589021,0.20506567825351626,0.20916209387636023,0.19762654898432466,0.2708294071872186,0.25473013283873824,0.23922116069759108
CYPS11,0.09990666205649455,0.10008155464320333,0.0915105203205369,0.09176033706181967,0.08732750216834445,0.09328755586722126,0.09894483282063646,0.14267275228910808,0.1767153846231076,0.17639051830144162,0.15596025718147258,0.10813575794407035,0.12602161228298553,0.1325781182569689,0.15639022485589668,0.20816611333371354,0.16331738840528118,0.16029377586206398
CYPS12,0.18237385531586073,0.21929891189599707,0.1459176230696932,0.21103741116366032,0.17914147850399637,0.2513958583802024,0.23975988283467967,0.2765204499449926,0.29459803624264636,0.28243024786942794,0.2816697309225184,0.13224529199308915,0.17668702425486651,0.17616964870547258,0.22976249792758022,0.2649392694549329,0.2556937174569987,0.2327544167588415
CYPS13,0.22493728271070298,0.21438740352392466,0.1807778864600814,0.1932749978384626,0.1581698671512449,0.19604434153518935,0.1957189976592665,0.20799668605426194,0.22710363006433806,0.21770806941379944,0.21892420600743473,0.15201259919610968,0.15814663255220487,0.12986673371084165,0.13849290343628157,0.1407909137834596,0.13862354645305802,0.15294887290111286
CYPS14,0.2957558211292125,0.38213037952910506,0.2497263728353318,0.34254319684727336,0.3115501318545511,0.3865729265237304,0.2873578201259438,0.3297923527345633,0.43813945602150983,0.4381002415605078,0.44312165130059167,0.29920473747708315,0.31675251121625086,0.24536456526567538,0.32878618679601573,0.33963663450791426,0.32525234563720123,0.32096133775049496
CYPS15,0.28961928744617194,0.3483478770956443,0.24754315320134376,0.28462261493360497,0.21768071176247444,0.16853310990474343,0.20186922417493014,0.22268149374770976,0.39464385050028367,0.3959034251305051,0.4003121308413163,0.2759887420567771,0.34381089235200796,0.283823587048246,0.3523710937732513,0.35872474257829556,0.3439418799010287,0.34062141293394277
CYPS16,0.21702121739798194,0.2586832731467815,0.185631487101635,0.19313639644687774,0.13430062763602132,0.1455904816651032,0.13449684424362543,0.1762202770573401,0.22797235425529466,0.19535501664785154,0.20299080143107787,0.1179615397157514,0.2576298170818321,0.15678183717146146,0.20372753525480036,0.19882947852563476,0.1821674557563012,0.162219342713763
CYPS17,0.15414381576182462,0.15641570692266699,0.14557005806686585,0.12383755688229367,0.1236306207299786,0.15077065158280153,0.150409468249003,0.12619294479547583,0.13454827494166785,0.13576320957435908,0.13198142846970498,0.10045095783332449,0.12509186483846324,0.12338398229728234,0.14282969125360057,0.1437380060966305,0.14132107193702145,0.14270933030367036
CYPS18,0.09851822436167698,0.09601001095089481,0.09173115144736185,0.07969869644846499,0.07130981984421825,0.07376482761775112,0.08949539438236537,0.07752059524226229,0.07988391514673841,0.08164056183916339,0.07523106623418613,0.06309354334494874,0.0620274654705535,0.0649199177001261,0.07096609241611529,0.0830235336419529,0.08282151731874951,0.08166018793174791
CYPS19,0.12270331450969219,0.12602400518679896,0.1155117334061609,0.11636844152101425,0.10994483078979557,0.1192398363123289,0.12192861480707695,0.11833592097300044,0.12398354525001681,0.1236912183482388,0.11772183302739239,0.09628737817562508,0.10790213359340685,0.11561180563392941,0.12587205051167566,0.14011462356795867,0.13749316397658076,0.1314049485310112
CYPS20,0.09295168606962471,0.09477511959798385,0.09016581082356899,0.08865560598053868,0.08998425388960403,0.079124883639278,0.08398060173920638,0.07996480558801533,0.08160582714198956,0.07992622152519545,0.07840900845748021,0.08897208386624057,0.10430011792289282,0.1160156829950253,0.1427978371968122,0.1402743263643542,0.13753598487964744,0.13414230120455337
CYPS21,0.10110841143409197,0.10678476572278062,0.09976360637855645,0.08913483388991812,0.08342607347546861,0.08103122234833465,0.09399643962654342,0.0806892864986307,0.08020631604195619,0.07905358447702954,0.08325855623965452,0.08915732875332572,0.10284063087788839,0.10062274536503793,0.1122235341921968,0.12477779613288939,0.126074776479282,0.12517004221167352
CYPS22,0.10085897083638369,0.0927252843686293,0.0829446402296859,0.08726501860062533,0.08536846836882352,0.07926009782355299,0.08071718257008778,0.08557229783595707,0.08462547375080351,0.0858483691468327,0.08450995090606281,0.0914839915495754,0.09532061815985143,0.09628272318108744,0.0975904472130678,0.10167924395475675,0.1025683973804105,0.09957668445148682
CYPS23,0.12495081035503942,0.1264630817323685,0.11766174133986981,0.10607331055941521,0.10354551402990968,0.12442894348351671,0.13096254396431098,0.11662504277121521,0.11886527562635013,0.11731216998660927,0.11368101381216128,0.1097042272215119,0.13554918529214688,0.10936760871614046,0.14168573605085033,0.13841563333596266,0.13490954263880314,0.1240557532391384
CYPS24,0.18563551966211622,0.19706256300843272,0.18720807685778612,0.20267320432104521,0.2080601719604822,0.21432910117150164,0.21941786884912015,0.21773885979112764,0.23859892331774998,0.23496512869955058,0.24719971825908638,0.3155926798912742,0.36604588424677353,0.3645492457347455,0.3893496918799662,0.39084050809761123,0.3826631996528493,0.3803672002377267
CYPS25,0.2830997313627185,0.294118077030573,0.27469482183148214,0.2743932089445358,0.2842076806658925,0.27842038251396956,0.2871077933324388,0.3095477910183289,0.3332237493943869,0.331795136083874,0.45311162218890133,0.36298078132813644,0.36839477114223956,0.4733417373921051,0.49349185703425946,0.4953707650607239,0.4975357346310253,0.4966656898820255
CYPS26,0.14602924460025288,0.15466674828894766,0.13633218840331332,0.13936114830411359,0.14801639729775354,0.15909888052847787,0.17279159068736283,0.16875699795813975,0.18519154031467322,0.1828848680760353,0.1882964095008724,0.22237426760797627,0.3111087948544839,0.3547476058048036,0.403783135367165,0.42303762837906034,0.39892426104436707,0.3857898726766178
CYPS27,0.09566571094686706,0.09660683113987277,0.09014238848543901,0.08371378140657083,0.08178793160556752,0.08691675768180179,0.08487116565268074,0.07767484116881838,0.07943215972029746,0.07975310854952616,0.08463309091408155,0.10162246671095207,0.12026571006016643,0.12082682785815659,0.12950804743282718,0.12524607495378917,0.12972225622258915,0.12303622682387919
CYPS28,0.10491815086576486,0.10870106780646353,0.10110059743737966,0.0969528841850798,0.09527423738443674,0.1057766236801419,0.11519210269755319,0.09363353227042873,0.09707056981888798,0.09563139872621866,0.10794810907061982,0.21962951889765606,0.26539395739313487,0.3016457103961588,0.31769466026090315,0.3509062761893314,0.33071491010617843,0.3324788101157607
CYPS29,0.09460754887368734,0.09534928396030096,0.09140305934287994,0.0810570576062532,0.0760009822949297,0.07709743402179876,0.0841431620388602,0.07294393882396141,0.0744277442309226,0.07503149707838372,0.07788491482362739,0.0941967132120387,0.10443286783216187,0.09939542571354602,0.09842164464958492,0.10114122784096782,0.09845426733997152,0.09904494780901206
CYPS30,0.1247521317258291,0.12589591475627218,0.11440176631155419,0.12139503659323007,0.11079367455830429,0.11280654929666882,0.11742708733894433,0.11812998546045836,0.12408563020325068,0.12268584691719686,0.13154617435562685,0.21247616749750228,0.2858609136951773,0.3074017490353645,0.3255173667715279,0.392882373286467,0.35645982555855177,0.3528489162294801
CYPS31,0.12434389058817602,0.12235841965662235,0.09519416385210684,0.11277995135028618,0.09793474374322954,0.11778095016588166,0.1230770929604539,0.12407362270871725,0.13801336095808037,0.12981068468767243,0.12726501485991001,0.16314123048744555,0.21388313799283076,0.16621536426971872,0.172663825095163,0.17568134196020413,0.1713362083994163,0.1671880846890211
CYPS32,0.08094693140743087,0.08122427006990307,0.07950343970964568,0.07725933365154111,0.07418973466968369,0.07547421086798643,0.07834738389824282,0.07610084205048741,0.07693655274910476,0.08021287484755395,0.08320216127701702,0.07750343057703171,0.0814764314817445,0.08287802169070906,0.08627781527880092,0.09231322480445264,0.09302352785104877,0.09145676097483792
CYPS33,0.09275731398985387,0.09244544131840696,0.08416159606595938,0.08915864346906205,0.08643185366114949,0.0872436405888062,0.08924241239607493,0.08799081300119194,0.09044987208644208,0.09108996991567235,0.09422046751612358,0.09323687255434039,0.09923060734666321,0.09174843282025266,0.10202859744812054,0.10785063495334975,0.10562201646801363,0.10263929218517329
CYPS34,0.09672082522256618,0.09221329024125485,0.0836741074761956,0.08399867260500654,0.08216319843878912,0.07949021432633085,0.08861623458359803,0.0902962313864785,0.09033481369491522,0.09161615069492857,0.09584096304778435,0.10381514783664793,0.12833492155040563,0.11796905900813723,0.12939029164814167,0.13022675347208051,0.13237108593720118,0.12344192407986879
CYPS35,,,,,,,,,,,,,,,,,,
CZES1,0.11444463493926253,0.11745303997475928,0.11293029149912863,0.11809482632168791,0.12177847747405533,0.12082412602822326,0.12311762217721288,0.12198618087179894,0.12056054994192346,0.12292464180803944,0.12172826114160597,0.12338846524275938,0.12151463359127408,0.12570113578549047,0.14031868543206164,0.14113659967347078,0.1365309803518322,0.13548204162673683
CZES2,0.1079974959067066,0.1176124334534226,0.12324887637270487,0.14329030661084546,0.1468464062875316,0.15592078571182572,0.15048197337527344,0.15589206709367692,0.16181261900274968,0.17135371157216028,0.14390615695727185,0.14626330958302253,0.13172356728131826,0.11577670544703367,0.11805148937960769,0.1138363198117867,0.11649443401368134,0.11460129727119307
CZES3,0.1124594744517348,0.11498798675326936,0.10917887608895759,0.11422469017061915,0.11714771796661198,0.11448244025291189,0.11616989704358206,0.11532764025077462,0.11322509527902366,0.11297974100107105,0.11491244466879029,0.11899274565325184,0.11333366893026449,0.11356345377477108,0.12446764905774971,0.1262781021493719,0.12847596030535224,0.1282170361879805
CZES4,0.2411027807686548,0.23878501920780604,0.2484257619900707,0.3098536547993594,0.34846503024451075,0.34764286693141266,0.3475088738520764,0.3578544315783626,0.3781645929597978,0.3896724751667739,0.3897599493222741,0.32857573409761953,0.33047504376548587,0.3097118460318394,0.3270965182981633,0.3135747340849113,0.31164371188634826,0.29361597560280484
CZES5,0.20114958900139174,0.20324365886432297,0.3956060598282417,0.4153496229748599,0.3343031458088208,0.35858964945404564,0.3568650649397643,0.37817957324834245,0.4176586494155216,0.43267079498119015,0.4399992899434759,0.37674466563382353,0.3670882288232105,0.32973050890816014,0.34656761333386554,0.3121197678224833,0.31776305100606017,0.294418546520047
CZES6,0.11100380396800917,0.11254870621982724,0.11181549812429578,0.11892776888634335,0.12080035694020608,0.12387161522417903,0.1260917776317748,0.12904889126950275,0.13123221240590985,0.13402340598513987,0.13931088440366582,0.12322797703441145,0.1254752530399963,0.12774800071261314,0.13791310898832065,0.13851473630610642,0.13110894771698092,0.12980512850538597
CZES7,0.12147377275876209,0.12594237720706297,0.13313599899763187,0.1387125277422273,0.14423732755610544,0.1513091852529289,0.15715008447436188,0.16558944751758395,0.17141927521901698,0.1786613365046769,0.18630678999640146,0.17825087965065692,0.16083782755544102,0.17367384644996203,0.19302902762641494,0.18674857174894235,0.17248387555524114,0.1685952463234476
CZES8,0.17037539614472863,0.19465017565069495,0.16828503783806054,0.20421419322869142,0.2155219798412925,0.22737626279405057,0.23854633002611245,0.23191213034321317,0.24460429871945522,0.25530356155921785,0.12374024545904065,0.22183539240943995,0.23260010865428987,0.21574411763909424,0.2477875273220772,0.23569033386125282,0.2338325513369181,0.20843377909074806
CZES9,0.2139311117637867,0.20592423273655996,0.2146979579411164,0.24761566757026873,0.30355733812814123,0.3227235950818889,0.34450189423200744,0.34517221025928835,0.3621148252230384,0.38472504861598944,0.32752086222995497,0.3359850023800155,0.2864276766966896,0.2838112967696566,0.36016928370173257,0.3758794322088342,0.3695902394351246,0.35904720597468215
CZES10,0.20424950101801295,0.20353712402811547,0.2138806698051823,0.2434901156678299,0.2643889224028804,0.2881919684499489,0.30321979555411727,0.30703399016959115,0.3212854222134974,0.34001758632377854,0.3542214997524705,0.2844223421114916,0.2747495771617196,0.28282173630629787,0.32888974724368364,0.32189034562344426,0.3174886067900513,0.3102359456699398
CZES11,0.141333782371201,0.13737583369771975,0.1385858313047222,0.15203238292134136,0.15673545775943334,0.1739761416022941,0.17491326633420473,0.1797505575348879,0.18726799230756414,0.1980266778341841,0.19650340989182125,0.18220734147970294,0.17576640325647147,0.17190774900996478,0.16956526070836742,0.16667850228058712,0.16748682310810917,0.16421410537314787
CZES12,0.20546255427112706,0.21647078651672877,0.1949071513195479,0.22196160882182203,0.2455057271429157,0.26678887264640067,0.2745003444905249,0.2666993807055842,0.27614350885081584,0.2914119699844966,0.29579910588051234,0.2474605349514303,0.20983892107979168,0.20094482971775895,0.24637763366741708,0.23850244590563974,0.23091090601954203,0.2257294167640797
CZES13,0.19251481963302672,0.20428122217372788,0.19424199329470984,0.22276787500538275,0.23515507445509376,0.2520117436650426,0.2571267553280616,0.256867689463781,0.2680334886151569,0.28103104811628915,0.27510034820400386,0.2353671012800144,0.19668428267049418,0.19255668582223667,0.2274886068913668,0.2157252006801201,0.2188558389256769,0.21635825537976258
CZES14,0.42421945701232366,0.42156826719478385,0.4395060977733173,0.47375987652952173,0.4724752161390989,0.4604977382490906,0.465255102576171,0.47491862343292945,0.4928001068087444,0.5034444032099697,0.518521753601002,0.40270626834340656,0.3905567677336703,0.39004582015194184,0.45928660281122635,0.46723286752471804,0.42590224934863846,0.4137576807275538
CZES15,0.27209494717993044,0.2831205944333885,0.2744703683857431,0.29071472098241297,0.3010799445033941,0.31589939217245394,0.31387981139298465,0.3220843796328315,0.33586949520452264,0.36602651293196786,0.39664316074294625,0.34139446200503837,0.3132729824529828,0.3222457966257124,0.39539575308268887,0.4005655368177964,0.3379499246027111,0.3423829723372985
CZES16,0.1630008151339434,0.15251662448366238,0.16181780652725467,0.18368824111291468,0.18314145403196444,0.21800403817407324,0.24539919398268015,0.24441634133844706,0.25943614991902797,0.28533326200201,0.2997622573321671,0.2871744892615008,0.2997867558548555,0.2907122218602966,0.3075145060861955,0.28479586174252386,0.2903762250967106,0.2656944508185164
CZES17,0.11752023506591851,0.12843235640797387,0.11128022182788062,0.12111791140522993,0.14078452532870464,0.1354350623135768,0.1476287349160526,0.13792998165460799,0.1424150961985687,0.15519130286967048,0.1753310359416487,0.12356916630866317,0.12656622351423236,0.12154025922723662,0.1283999042146884,0.1407363319199954,0.12962958786850098,0.1275143404314304
CZES18,0.11382473199340987,0.1231157301303175,0.12032902160045886,0.12160831430879011,0.12342052366251745,0.11794925091356931,0.1188022932502554,0.11578116381757658,0.11388607458447245,0.11360035282513845,0.11525841147077906,0.11964826362879934,0.11854340908020787,0.12090890261803183,0.12902240498224982,0.134092831611878,0.14024621463312628,0.14088102797965063
CZES19,0.10652110145805255,0.11504029647566617,0.10862673346072312,0.11631187253329558,0.12600104716944843,0.12194068339157763,0.12513359134431118,0.1284691895417069,0.1279168803438528,0.12761083694821768,0.14097756760540467,0.13570160308400653,0.13176122897225356,0.12590755983112564,0.1423047422838614,0.14898712806677586,0.1559935471737032,0.15819832730888617
CZES20,0.11007277362028241,0.11703776500926517,0.11394637032876828,0.11485808500131454,0.11934456871931096,0.11188070043236832,0.11434915256143652,0.11387396305358874,0.11262919466664079,0.11264990886281517,0.1133403010235236,0.11792099159384155,0.11480871801706283,0.11426302458675373,0.1239261071874738,0.1289773351542141,0.13727106085638396,0.13860184273120552
CZES21,0.10253432173965676,0.11023851535173912,0.10665810126187024,0.10917107426261254,0.11434556509833249,0.11206078542017081,0.11085242482418592,0.11262084516642853,0.1127398036412132,0.11186664179395764,0.11504782296693773,0.1261237292616034,0.12243823516679435,0.12518099761193086,0.1375563297510407,0.13891095390110453,0.15088201895106795,0.1525971038483093
CZES22,0.10581672594059596,0.10893007119942333,0.10553669402874195,0.10580863671954528,0.10432093497441573,0.10400883991275693,0.10084660650296237,0.10180907890338393,0.1008370728654428,0.10040647938783058,0.10428632462656542,0.10995860245363538,0.10325867314539725,0.10168535989001679,0.10783844610403479,0.11028282318690928,0.11713406322668972,0.11855494482261623
CZES23,0.10762478943750407,0.10943695280304044,0.11048336536801999,0.10922534044290277,0.11252613558090609,0.11036376366022324,0.10954094686357678,0.11178131122141088,0.1098212475988136,0.11278690796653107,0.12104178666295444,0.13218676629756684,0.13448769074833763,0.13213809960907277,0.13235367962876246,0.1311940285747595,0.1391975026119696,0.14262770516634868
CZES24,0.11029667502286646,0.09716545427316574,0.09416334966434503,0.09687520402004855,0.106036762940644,0.16214767614897066,0.10602304615220692,0.11420094273486485,0.11739060831565466,0.11542815054365077,0.14278371603114823,0.19206375130865358,0.16573403968221118,0.1465642821389219,0.1476487489857066,0.12983111962935273,0.13397943404826293,0.1313990050767599
CZES25,0.12068224771939572,0.11193715251652314,0.10801687026673257,0.11350069564446796,0.10759063681482083,0.11315328803568163,0.11077652531031074,0.11850326498410345,0.12110240701737549,0.1253808043894958,0.12049498822951653,0.17274865824362667,0.16769232724028588,0.17048217570659058,0.1805912424691301,0.16890907214019432,0.16991795150527222,0.16703757061010097
CZES26,0.10054779698066518,0.10646589654818839,0.1018306993892895,0.10413852872344363,0.10561150354160707,0.10404010898704448,0.1014574389725149,0.1035942703706316,0.10026737534568578,0.09938875376623321,0.10362104825869264,0.11890640161647557,0.11377526964832858,0.11103007154965591,0.11795497815496599,0.1165786425452443,0.12630423946796418,0.12768895360197643
CZES27,0.09313146935704744,0.09629907734146921,0.096851852950109,0.09691564931463484,0.09943273226235758,0.0970954928547237,0.09753411321666128,0.09777481029963025,0.09760234613678526,0.09870585294805354,0.10131126865095122,0.11013983361126069,0.11344332226346436,0.10677348691691572,0.11024880105123781,0.11234069637014583,0.11503819204544075,0.11668285130139926
CZES28,0.106985685079615,0.11216337784638677,0.11038165342172368,0.11025145454462526,0.11246620490878295,0.10501062635926997,0.10693046446699886,0.10335688589984492,0.1008588696575436,0.10114899534076542,0.10338307050919414,0.10817908391228895,0.10701684748708193,0.10657272822362748,0.11441932841054146,0.1222060134497109,0.1276601124954527,0.1297544822252422
CZES29,0.10886564795449158,0.11879002161171313,0.11348931941639043,0.11408068444068187,0.11754079376992255,0.11516664847101499,0.11328077248810316,0.11437500301463148,0.11220914151849141,0.1103552271527482,0.11318038140733028,0.11860668329432913,0.11730925320316041,0.12109214014956705,0.13013588622255148,0.13402695507136125,0.14319402133218065,0.14443517334218506
CZES30,0.11840541698643507,0.12624462643529907,0.12329301398950458,0.12280879949162961,0.12561197663801718,0.11849322048169018,0.12086895799377378,0.11932315593833084,0.1170332375010704,0.1177610875697834,0.1236356430763058,0.12896682691256256,0.12587145107773698,0.12186447903844655,0.13217653467561988,0.13851780007057637,0.1467903735775682,0.1493313225663012
CZES31,0.09796221042789995,0.10361961982883434,0.10187721681109246,0.10247449852455656,0.10238578210203432,0.0964593849914375,0.09837379893020988,0.09502431621125618,0.09377636964869417,0.09390061115722953,0.09650723087803488,0.09811439539982747,0.09829653782895294,0.09921294345323403,0.10233610140542941,0.10586631044753143,0.1095043890542446,0.10997441447752804
CZES32,0.08485103630957586,0.08902832106905773,0.08615411969709355,0.0882562935316213,0.09033009247425812,0.09125269499908067,0.08985665353495875,0.09269544367649439,0.0929916726541375,0.09278586322108041,0.09369222618667936,0.09175519695077307,0.09231570734806764,0.09209304716907904,0.09270956654992765,0.09303832585294486,0.09898502629893235,0.09898672210433465
CZES33,0.1015708376388192,0.1059809005062155,0.11134507773094914,0.11356814496801736,0.11607946988077325,0.11711281470579801,0.11669330236605298,0.1181203941695507,0.12005198440338917,0.1217220207501381,0.12424838781072459,0.10675635717984855,0.10613403108718662,0.10649934835061071,0.1130415675980557,0.11075016010497318,0.11337739523248408,0.11245866263685285
CZES34,0.1039497154651405,0.1108379355865749,0.10893217689930583,0.10889996908747981,0.11040036971046478,0.10575179454779549,0.10709078248696623,0.10748022209581237,0.10674249731541702,0.10843374965845247,0.1011782655614275,0.10412026729769133,0.10190163458395907,0.09887774114444937,0.10973897327675686,0.11364428758133105,0.11735727530133613,0.11891050597495834
CZES35,,,,,,,,,,,,,,,,,,
GERS1,0.17203591884704028,0.18349041605942923,0.16688725826468356,0.17623001204756983,0.1918432069294003,0.18807034403904074,0.19498266433342631,0.19542824593536312,0.18611640423368372,0.18343947725601933,0.1949684782015441,0.21065604563693777,0.18838134009773588,0.18856959929237155,0.2139842922866914,0.2185236708572344,0.2273028180230744,0.23445663549149365
GERS2,0.15634434557903884,0.1651935013231971,0.16656683387614307,0.1667645630770933,0.22329961483225105,0.2318000282543695,0.1573172701660217,0.2288923980501291,0.22731868397433783,0.2841738995334302,0.3435823937997691,0.3323385129184832,0.26824768848101016,0.2604441878353408,0.24632381914447446,0.21570713305538577,0.19317902325318745,0.199731315016269
GERS3,0.17676830116117015,0.190042376266365,0.1741237182281982,0.18643333511113536,0.20617344824444547,0.20420330177106097,0.2094648184688494,0.2076314217877886,0.1986481718355993,0.20458103621328524,0.21537485787242047,0.2275778559608829,0.20176390001923125,0.20183427209967547,0.23299220166943188,0.24278444139727073,0.2515003086279144,0.25775874467674303
GERS4,0.27827397839247775,0.27184792335004404,0.21675374430750813,0.30796658330824517,0.3287467749131197,0.32480106418540294,0.3310769327060328,0.3240285128996261,0.3165788539722366,0.3042429441572485,0.35355043837159417,0.3611988188148491,0.28370841174449507,0.3099708541444234,0.3490955482645251,0.3500067521447214,0.33803362128545,0.3436001888676214
GERS5,0.27038543501425605,0.25875186011397733,0.22094082970000728,0.317614996818347,0.34269608387973116,0.33594007178876106,0.34540028789020033,0.34552828532857827,0.32789071005192505,0.30883888382912333,0.35674801932779854,0.36057287461438,0.28392217876185916,0.30450984550098553,0.34895479366790877,0.3451267899504522,0.34303928864466315,0.33088555866191355
GERS6,0.1697361377836594,0.17841757674849223,0.15803551937374424,0.1670919021006752,0.17766412834975862,0.17316351926516682,0.17948175769081678,0.1809727904253331,0.1728500144355677,0.17710093812207012,0.1928519763349742,0.20212752914844134,0.1802920836311398,0.1919448612563292,0.2253327142354167,0.2233832932194208,0.22000983620758274,0.2248273169264644
GERS7,0.19841585468280873,0.2155075665772736,0.1889985854497805,0.20456663917471035,0.22212149702050582,0.21932767868962294,0.2263531922089401,0.22803236538792332,0.21797639282230244,0.21528717345166873,0.23269100288196562,0.24914136720058516,0.22269740656724224,0.22205788777873922,0.27345382369562293,0.27675341327383474,0.27822298858709654,0.2872063082716924
GERS8,0.2676692796212488,0.29505670236387216,0.2672921996436662,0.2944115297441298,0.3576079401923627,0.38796676312451756,0.35011657672743635,0.35656808092813574,0.3433208708759418,0.34134395949133195,0.4103269309501575,0.3820346569954023,0.3188730903676151,0.34111504001941545,0.41599059436256186,0.4127438785328882,0.4179498562897334,0.41737634655891975
GERS9,0.2725469399999577,0.2902415408635129,0.25758873500699303,0.29611826973491295,0.3257551527461453,0.33254864778282595,0.3382570578928472,0.33699879419291684,0.3191270629641712,0.3048258316637855,0.36328045323484587,0.3999736319718274,0.30500346884928514,0.358786077010452,0.4308561804536176,0.4163328437570914,0.39842243423674745,0.40556110241146587
GERS10,0.225666888168704,0.2391196436244911,0.21557483750202303,0.24290721768831056,0.27019401373422824,0.27333822706930183,0.28232815929037886,0.2843114588916956,0.27195530952664815,0.26987162629077555,0.3112703934076391,0.3231712551461838,0.27642130820599525,0.3041902822815062,0.3382291695420469,0.33884530229396564,0.3297806678530297,0.3384338053321241
GERS11,0.18851944870619847,0.20570362155331087,0.18059535925457657,0.19443349328866047,0.21253796607580389,0.21086585234407076,0.2139893327268502,0.217651494072366,0.20837260010126568,0.2055622500143433,0.2220018082754318,0.23526189823367558,0.20932184081816793,0.2090004655259469,0.2528369984025437,0.2540568805491686,0.2569494656064352,0.26688902842889695
GERS12,0.23861239185648045,0.2583331108678094,0.21490928436023204,0.24179756375757663,0.2676170470946569,0.26767859725855453,0.2683866281701407,0.26897241323675136,0.2608070388003004,0.26716834728649863,0.29323871425765513,0.2969160978189293,0.2508706443653898,0.2587661206976044,0.30296890823871436,0.3224484094279797,0.31489688663424964,0.3166354147695709
GERS13,0.2395290563118693,0.25400022093939484,0.2233385623869118,0.25083395015229887,0.2692034398570154,0.26792039587011635,0.27661880975000225,0.27827343229635926,0.2658063935872233,0.25966868906022766,0.2910825367920192,0.3011208132012338,0.26189091293826056,0.27727282816235926,0.3224544116172859,0.331187276457061,0.3225585221520368,0.33429872764283597
GERS14,0.2757264192717026,0.2928374672853597,0.2560771900624219,0.3004569693528697,0.3107379886363138,0.30687927376250596,0.3207130910234662,0.31791039345560096,0.30235853225205,0.2912690948927371,0.34021672623041854,0.3646480883280923,0.2952944891510914,0.3492761567153155,0.4155894923757925,0.4342549427881706,0.41226182740419526,0.4301552468406021
GERS15,0.22059894183841627,0.2345734960729332,0.20662218364518659,0.23858471836915623,0.26488904116732065,0.26753143153559444,0.28344255995199874,0.2920807257165419,0.2815056797171428,0.27760289971009877,0.3185230348951475,0.35314859874621785,0.29722601458362174,0.3211673429010866,0.387265974474408,0.3889238108890561,0.36211097608196646,0.3611142005862896
GERS16,0.17936703069081716,0.18821808917520158,0.181516237771496,0.20573801563850672,0.2151945744466541,0.22282679920293139,0.23730931905010264,0.23196996918455337,0.21829354385038247,0.2106826334485216,0.24736299809573037,0.2541531420053003,0.2218735007926873,0.24468414913519837,0.2738372600346352,0.26957223728792346,0.26344510456983894,0.2712811892102347
GERS17,0.1920337611700135,0.20743049923512755,0.18080881737032778,0.19212211064452006,0.21234695617153415,0.2172668523837355,0.2121590025272753,0.21173067895626194,0.20352075256267782,0.21072317260941575,0.21759313968286526,0.2273069353571519,0.20686536837568642,0.20105356879258057,0.2554313058952435,0.2538456145298033,0.25858925763011886,0.2579958927461997
GERS18,0.19686941466134658,0.2153982637210679,0.18911589209338137,0.20591916682098868,0.22392876238033013,0.2196972802753655,0.2254291908533743,0.2275863886515311,0.2194375199077488,0.2177530750073252,0.22902345957254003,0.24566084900649052,0.22644703960040646,0.22527193281759164,0.28031498886151457,0.2817452991764023,0.28414282080477077,0.2950364876880577
GERS19,0.17018843593582744,0.18156888103583502,0.16325366629166901,0.17522072054387605,0.1968643586911232,0.19220793725589966,0.19882845094472182,0.20105094443171875,0.19578910666410365,0.19445017344675908,0.20240446361396058,0.21172082546430987,0.20688228944990325,0.19783348534562678,0.23381615882701898,0.25722282691430104,0.25202491950699246,0.26256251164501165
GERS20,0.19306458460514944,0.21408200098122548,0.1868023807606274,0.20201672987231745,0.21830544718774297,0.21399406682188674,0.2211815743324903,0.22271110072948805,0.21542362858994488,0.21176746910785305,0.22424126160927024,0.24342631676260795,0.22236633489280672,0.2168620006647688,0.2609370790476512,0.2751017702197233,0.27603039718179373,0.28802882251699813
GERS21,0.1750313823228087,0.1905206827084419,0.1734314262114387,0.18472702684484704,0.202438703328412,0.19939603553867966,0.2060502125313751,0.20718540462891571,0.20009636856858354,0.19723513359825787,0.2076844265246049,0.22632291025685997,0.2092762531754398,0.20052375977723313,0.2372727276683208,0.24494628109932992,0.2513897356390725,0.2600662258041412
GERS22,0.1542586373872855,0.16455384403059173,0.15373368964271897,0.16490809032973722,0.17549287811264797,0.17261247831379153,0.17823958481059926,0.17709796555804355,0.17027727039274415,0.17307006886827606,0.18073154428958535,0.19123154161671374,0.1742638484174759,0.17066141680968233,0.19606305632109092,0.21449303072406695,0.22089200247235388,0.2253435570491289
GERS23,0.18151545609171046,0.20057907675137396,0.17511450490621455,0.1866250201466581,0.20174377356707504,0.19761706152846242,0.20380032400328144,0.20468560837486235,0.19770391279390478,0.19723738927031761,0.20718269918939322,0.2222473921951998,0.2067949465587502,0.20193441967298864,0.23674269184277721,0.25015901542818947,0.25185441275337167,0.2630334236574485
GERS24,0.18532849825696707,0.20670590374366588,0.18765243590182173,0.2228468746992905,0.21607308790233973,0.21393447454340994,0.2249801328002369,0.22014296218793583,0.2076668143513937,0.3223462243632377,0.3889859430412347,0.3917364501887324,0.3833789616137027,0.3318702542353611,0.36737950001837,0.36634017499261623,0.3672296865219853,0.3828189170374121
GERS25,0.18261144273424032,0.2012874799702489,0.17393698974241506,0.18365163641709353,0.19955495020011432,0.20213894090470058,0.20549214110592554,0.2004232331619562,0.19355148577538805,0.21844596576875006,0.24515084828673914,0.2528067714076788,0.2105075388931533,0.21773458523606323,0.2500624496970246,0.2666920451212871,0.26077107672868005,0.2669935148829638
GERS26,0.18141183860204632,0.20116994270008345,0.1747058670580419,0.18860665972366655,0.20557069038873704,0.2015604741053385,0.2078586098398134,0.208989683262936,0.20123206051201792,0.19861827384264463,0.20804688875432778,0.23019376524678156,0.2119968667896472,0.20603677571940104,0.2459495947214187,0.26088774560688743,0.2629293839224867,0.2722544032393212
GERS27,0.18096235627418367,0.1980436961663217,0.175964714849667,0.18909356068744568,0.20501238046313064,0.2005063363750609,0.2067311560915823,0.2078623970495841,0.19919696742741874,0.19791293487334963,0.2080791728229545,0.22613503813999283,0.21066479393518345,0.20578097837439,0.2529792774542523,0.2558579723842565,0.2608572341377296,0.27190620749488575
GERS28,0.18647226098168207,0.20332542276685336,0.18208714441110843,0.19650670090563963,0.21492565512730988,0.21192014971860546,0.21923250581115564,0.22106212501081213,0.21304617724345123,0.21228298347652005,0.22680973896785495,0.24406946498248946,0.22428587588451274,0.2172244223663573,0.2627717981193471,0.2696934109322073,0.27408931261569913,0.28925180549891166
GERS29,0.1948681310168918,0.2134384514317801,0.1872917510752106,0.20357140899625675,0.22128566355382437,0.21728718790874033,0.2243570894905189,0.22664977730801444,0.21941707174604885,0.2167433978811012,0.22771373028397543,0.2434635535600876,0.22622178800712336,0.221988997188981,0.27814182110757896,0.27879219198804284,0.2815124023643529,0.2929846914415043
GERS30,0.19835845342907288,0.2179356672457104,0.19063023212446992,0.20803252660804877,0.22854015177872236,0.22750853911607105,0.23615231935202094,0.23942038408408886,0.23134162124251686,0.22804999728951092,0.24255460385360633,0.2578226869346992,0.23523672923585573,0.2280424406629072,0.29122342073737384,0.29115281430589246,0.29465768470349935,0.3068439900805583
GERS31,0.18099795967378254,0.19689124627940813,0.17719799441631406,0.19036416376060875,0.2075559612664571,0.20541822828521134,0.2122699616110762,0.21388431244427558,0.20621761618402082,0.20414668723203283,0.21459379719356506,0.2340945906988507,0.21433072720804244,0.20962288129811457,0.2570474087636352,0.2591387668757852,0.2658669220634278,0.27788562067781586
GERS32,0.15288153872992422,0.16724045367106016,0.15067466935069454,0.15793929982939722,0.17102118979231037,0.1690769389274295,0.17577801425189177,0.17632423235507924,0.16959843334580074,0.16768432988005064,0.17486184555162596,0.19186467393932108,0.17987674643154264,0.1769834267428356,0.20746767779560227,0.21417377597722898,0.22150950161061236,0.23229367264074033
GERS33,0.15732409325328847,0.16804969476238324,0.1546444949955227,0.1572119726969387,0.17078709468932496,0.16762374196972984,0.1738144157846751,0.17446516503258916,0.1669150193708935,0.1658780957730309,0.17486735988786156,0.19642811362046736,0.17139763427737428,0.17117396993844858,0.19747005767387557,0.20650854464031715,0.21239828311546372,0.22101702081289926
GERS34,0.1882643574051537,0.20589432025082832,0.18115237716367913,0.19508549161750594,0.2131637788765053,0.21083934682067687,0.21816588541046764,0.2202345326654813,0.2119468462279364,0.2093028493005948,0.22168960702791318,0.2364515075918478,0.22153779814902344,0.21461986595841487,0.2648558391989478,0.26894114347162223,0.27328662051114155,0.2841642233528349
GERS35,,,,,,,,,,,,,,,,,,
DENS1,0.12011044751175295,0.13040071903020586,0.12364683673909345,0.1301915373270105,0.13403035513907283,0.1366438711681223,0.15750462325915687,0.14200224491804836,0.13837780626485527,0.13841592633324398,0.17235364177268253,0.15675291338148198,0.13822106457005592,0.13740790812482356,0.1427857430085296,0.1498213941049492,0.15469659890572585,0.16496596464588523
DENS2,0.1329480137970827,0.14328294470832476,0.13250546443523387,0.12802405416638543,0.14484183517262064,0.14810165395007172,0.16255111097860903,0.12505562222278674,0.12645493472050276,0.12617000278464166,0.15790003676360692,0.13843581258009863,0.1597804217827038,0.1412041812036985,0.14084319729618333,0.1422481898319851,0.14811607500028795,0.1519500437742108
DENS3,0.12207907638264746,0.129935812758841,0.1223612142909325,0.12375895636214476,0.12597904023836834,0.12815587977584372,0.15335695015981698,0.14791293104851583,0.1473587804437695,0.1462799365012566,0.20007101553581697,0.17442258885295,0.1607259046559289,0.16852819747004608,0.184663063233118,0.18806990027023696,0.18590352309923197,0.19521783810898033
DENS4,0.40320656850276476,0.38482872280499897,0.3224626333274701,0.3580625184332429,0.3727966306564576,0.36737833863944225,0.38019295657845936,0.3841562547130771,0.3935181070552211,0.3941352733034694,0.4527620148971713,0.3848150959144817,0.34725376622756343,0.37041692643266283,0.3625427545138297,0.3714324318078078,0.3880710947863773,0.3855318075868248
DENS5,0.3509452341740524,0.3148004177605106,0.2532640323760315,0.3012711922255813,0.3114317021254645,0.28252206516583517,0.33489260618496763,0.3348741149443773,0.3572686469435674,0.3570556832501526,0.41042179421943065,0.3550049499650522,0.17848942398698575,0.40724367301606323,0.41981526561418464,0.3953808854243492,0.43657972619879154,0.41601464382466
DENS6,0.14247702210235663,0.14378510676054532,0.12907404648987178,0.13936257102309788,0.14079956842630575,0.13308082408357574,0.14165332504849254,0.1397710484488334,0.14203801033739183,0.14062119739468953,0.1767368753586563,0.152293404760033,0.17397721327498084,0.18619255037278518,0.1897423678847755,0.18700046571828893,0.18595124546558495,0.19166641241469118
DENS7,0.11932407788328171,0.1261660888764999,0.12146358777649514,0.12436377178749264,0.12739471375091868,0.12322219425838954,0.12315148422983688,0.12366978640685614,0.12126005577291203,0.12133300251778183,0.1393977522389845,0.12686297569659205,0.1374929321383381,0.13444104195186865,0.13800707775377344,0.14197004691314447,0.144062550596478,0.15497900063470493
DENS8,0.16725618875047116,0.18884345952397014,0.1925154404308932,0.17847211121664014,0.22781450878744872,0.21710171133477868,0.23637668048056604,0.2012829290577539,0.20118703917817227,0.19948174671892707,0.2804072385308734,0.22606084569158502,0.24915858794632922,0.20807919067846806,0.27514794140769727,0.29584860656174844,0.29763474621128966,0.30793957940203415
DENS9,0.28950277350243936,0.29441456529662025,0.2596562238683894,0.2806335467392273,0.3001308127853615,0.30040433108805936,0.3300106386917405,0.3269827751695331,0.3412485338675704,0.337038004626394,0.4071929972671045,0.3543819460899691,0.3159741662744594,0.3390286888792229,0.3765607185199368,0.4129443567522574,0.4566294954292798,0.464634822308423
DENS10,0.23039369019336967,0.2505671457556837,0.22934264929591083,0.26809944633336746,0.29558167248193695,0.3127527039359925,0.30078974605473097,0.3045369951928053,0.3197654148154684,0.31708162945431717,0.3757066512571067,0.31058549026344656,0.34596679070634523,0.3303099812191848,0.3308898693875025,0.3304516793574586,0.33296442824637396,0.3396815781410398
DENS11,0.14312561004801402,0.15319900875335263,0.14429226944313714,0.15063303465229486,0.1506694953671618,0.1472439393495685,0.14251160386306466,0.14005080553481902,0.1421263862431121,0.13981397484254793,0.17389306215440845,0.14290068923320245,0.14788469502268553,0.18173309886380587,0.1891867235935401,0.20621629957418222,0.21981635048065937,0.23206269763303483
DENS12,0.20766349948747181,0.20987021738964637,0.1673969723470579,0.19284230161445576,0.2117825447726265,0.19851108368683087,0.20460015209094098,0.2034614431814858,0.21116802575365845,0.20978955216755182,0.285060150222047,0.2383379388041327,0.2228281615073038,0.27768480072041096,0.3174327596704722,0.32491679425949865,0.3534254355711122,0.36286343200898996
DENS13,0.2019360742824964,0.20548958732578024,0.17519177274586153,0.20003052506286317,0.19530782120776158,0.19258928582172563,0.2086411082219627,0.2091250512102917,0.21617742409102697,0.21540736197274254,0.29942124669084746,0.22957276798662002,0.2507745315225789,0.20745338141375316,0.20584897577987896,0.19578719413686796,0.19763451881810146,0.20850255661177497
DENS14,0.33274006796121136,0.3308296275636595,0.30217678552845173,0.3323679436225235,0.3308373985693393,0.3327016040672741,0.3576174515140113,0.35667248116430433,0.373591748539234,0.37164180075877096,0.43258716034614064,0.34933951527255136,0.3169504916319957,0.31592373095471676,0.35385753716805335,0.34282675741252744,0.3469515600929504,0.3440935160139814
DENS15,0.36403560566149784,0.36032972335126834,0.27398185639808903,0.3146868548919043,0.2992455335785453,0.32917975831974333,0.3384426805195537,0.33960624587605326,0.365972003634772,0.36203880131833704,0.41935326105664084,0.3266425500456866,0.2688032882337937,0.28070900696438705,0.2903599275117805,0.28702278368592815,0.2999272885599709,0.2953998272731423
DENS16,0.23363152164656215,0.24320503071377708,0.23308516105868057,0.2904454224547035,0.28294169337297626,0.27292009773058934,0.24801950109306597,0.24455963628542213,0.26023116452665457,0.25698636746344794,0.3044129052964677,0.23144478020925,0.22937145958538743,0.2714213523234099,0.2771059157642903,0.2647920631895816,0.2872215279191267,0.2995296136421855
DENS17,0.11156679271768805,0.11495090917158905,0.11138541610755937,0.11467593874203558,0.12342306226130689,0.11579811015461634,0.12563056010437365,0.11094199139849992,0.1103984014554671,0.11176892200868788,0.12935457641340076,0.11639091398194017,0.11309807664083987,0.1699808337378443,0.1596640734669806,0.18566807240758204,0.20607637869657514,0.22372416699608536
DENS18,0.14848134469792634,0.16029937483201942,0.1485339053891923,0.15098535812620204,0.15325581994801593,0.15485142890311432,0.15420155515928338,0.15251652731419355,0.1503472143904739,0.17081980649192205,0.19903252645456848,0.15977771757364675,0.17867029729445588,0.14774425546632441,0.15482013860849386,0.1638032810266636,0.16852283791476058,0.1741382141751002
DENS19,0.12259901689726038,0.13019360183652534,0.12048423338718413,0.13015015683468564,0.13196154523097814,0.12773531868507657,0.1283328431878965,0.1301516632483134,0.12891584418985116,0.1276388415430116,0.1420733631591067,0.12811529597599894,0.11821142599867854,0.12316957662485453,0.1294835288319475,0.13971581436755134,0.1433828703722101,0.14600647457253238
DENS20,0.1498026127865422,0.15923168989914785,0.14807657770051807,0.15697706519655444,0.1603645220247745,0.15631235979690897,0.15762294750205813,0.15774650562522977,0.1563819677917487,0.1555032509080139,0.18916421070364126,0.16787930443115154,0.18217822081960894,0.16023731934485502,0.1819768566376572,0.1838196698021959,0.19527894928207704,0.20431563851516635
DENS21,0.10824287301193102,0.11457591819477154,0.11079149805375635,0.11626595365227364,0.11698282491461605,0.11658393028476208,0.11519908445528233,0.1152150885640451,0.11304325894086371,0.10534511724536487,0.10959458868524109,0.11610629055030833,0.1178968067017296,0.11611092261167288,0.12076967276587901,0.12464650928467781,0.12397340334622024,0.12634226801697007
DENS22,0.10814082439901963,0.11459212142674938,0.10975952284151404,0.10980025970580247,0.1096999658830238,0.11056203786202273,0.1130804859548945,0.11496266435255564,0.11053015835695625,0.1093263684025087,0.11663747308998448,0.11647428255898865,0.12539593271885863,0.12409036366092764,0.12286386622836314,0.12920439164640207,0.12854622968564347,0.13151613148027852
DENS23,0.1361377405886624,0.14562810671237975,0.132112295973785,0.1424813744998788,0.1333519276627073,0.14474154058816677,0.1476456776812069,0.14041192343500117,0.13830383298212473,0.1368990157942597,0.15615559682318708,0.14811463766454175,0.16306643879869193,0.1324954862247272,0.13005604415154082,0.15399461953666432,0.13457707814810077,0.13959400246801476
DENS24,0.502094272286446,0.5265403858408104,0.48209995961615115,0.490773881966122,0.49423188872741586,0.5164772355149279,0.5193001272327039,0.4959932378993261,0.49740415182350983,0.4839565344187865,0.5563907816786052,0.5177854254441351,0.5044187089780715,0.5401744687002197,0.5698851397402904,0.5782271423007389,0.5522564708890566,0.561802724557706
DENS25,0.3365790410556947,0.3090430252104591,0.35131783581114767,0.34248486373466425,0.32896390221028826,0.296395103619857,0.32539925325209806,0.3331797574191361,0.34728529834967525,0.34582079440576824,0.4224709293632287,0.3708813437682376,0.3794798886870679,0.3503611650115134,0.2447296296320724,0.27298064499521907,0.3014829225298453,0.3066110247184577
DENS26,0.128640130839908,0.14605940682234667,0.12969319732792728,0.1426791207213215,0.14472716705200625,0.14480547740054803,0.1496935517577848,0.14702104750926606,0.14148803618537525,0.13493521373190245,0.15680340899929918,0.16028221287448155,0.15346621090308055,0.16158678510478328,0.16701815067333672,0.16721552510751012,0.1613898423242663,0.16735795965184164
DENS27,0.11622082759780158,0.1221990364730799,0.11947380783509394,0.12013484494881094,0.12216586745296618,0.12045414148768459,0.12207171700822707,0.12204563955086054,0.11688141347586818,0.1112227797015407,0.11676775181762761,0.11633043907406426,0.12267980783775616,0.12187107395887652,0.1268498055646764,0.12824486822333792,0.13561213897925176,0.1416985223886115
DENS28,0.10574229998582232,0.11199210955726041,0.11481657927524823,0.11346477245251683,0.11476033287485193,0.11283043383118019,0.11598319571942767,0.11650122181246549,0.11206077455059427,0.10598764994866945,0.10681066788492376,0.11288148366494206,0.11507369654343391,0.11133972770450981,0.1186196394203099,0.12309597895246349,0.12553377559879028,0.12962793048621662
DENS29,0.12026246937618813,0.12384475693649324,0.1189593914654336,0.12348888445878217,0.12609311616786945,0.12415391413621656,0.12421696011159596,0.12581629648840217,0.12061756536273781,0.12133380106177473,0.1257396775415394,0.12667601169745046,0.1259475284944131,0.12558936251656827,0.13258663423726413,0.13842881434561966,0.1405049413706139,0.14456797456411663
DENS30,0.12972421935786077,0.13655007064636665,0.13431292342543544,0.13346762625969635,0.13655774446132837,0.13603906937972243,0.13893643512858256,0.13919336199645194,0.13622647400279533,0.13083983799983367,0.1408411392213756,0.14190186943089425,0.13821044512609681,0.13497806693282868,0.1565465160964492,0.16468937016645152,0.17626158966063996,0.18685547846051542
DENS31,0.11441518649556641,0.1174915491893174,0.11441296251514751,0.11524150814174454,0.11586414844566365,0.11511306531859661,0.11740843522312436,0.11781324447076555,0.11212246859705903,0.10614469800538226,0.11144770730278158,0.11383296096984898,0.11536459819112677,0.1143073702747734,0.11814915404198237,0.12033456838263755,0.12344125859141002,0.12715930452200958
DENS32,0.10201550850314965,0.11027855652691466,0.10952364352971998,0.11120894908937752,0.11227350136210346,0.11196281485565046,0.11517298080929186,0.11594945227952477,0.11079636563846787,0.10603085198574301,0.1153574850567065,0.11318270555496578,0.10558968207422242,0.10655217337298206,0.10808110596389264,0.10860273944829307,0.11127245542332177,0.11568707089321748
DENS33,0.10836424162310782,0.11461340299730943,0.1163611458043961,0.11698501248498103,0.11778479031546958,0.11810002472641049,0.12061637783678582,0.12313194788169506,0.11954292538630334,0.11436321963714056,0.12357285543031937,0.12052957025433504,0.1289309219338038,0.11537389050886608,0.11852172876502841,0.11942992305622237,0.12279057980113989,0.12691758900171413
DENS34,0.11725952649389654,0.12344769306414372,0.12077217431127894,0.12222497948199006,0.12436648823169401,0.12204131273095906,0.12444542769740602,0.12541956588664271,0.12025805524449747,0.11348248323794383,0.12021391665804852,0.12225325094121624,0.1206429303504467,0.11854361214879434,0.1272436876201585,0.13205902351404483,0.1358716572392293,0.14028886472037871
DENS35,,,,,,,,,,,,,,,,,,
SPAS1,0.1568503329178377,0.16836257367218793,0.15317004853008243,0.15965961003940998,0.1665332936236946,0.16680621702643447,0.17380104328483675,0.17300960450252345,0.16862372806508336,0.16781385254803408,0.17081024636618575,0.17530176779521406,0.1627879073192187,0.15709468586943207,0.1782437189747016,0.18756288379969172,0.18601951336496525,0.1960741803645709
SPAS2,0.13007158737773403,0.1424370583809533,0.1254020429661323,0.12785955815523073,0.13801173689140492,0.138736032590347,0.14318824985946066,0.166863995274161,0.15317237391430807,0.1545048400853774,0.16071491288444217,0.18147122639257035,0.18117707778811218,0.13327512219607893,0.1633434149097466,0.17334860428273835,0.15985743437557706,0.16327105102446357
SPAS3,0.1637966530035449,0.17817858950299395,0.15870552999700385,0.16516857802250023,0.17243801167039177,0.17371399755331526,0.1809788011885828,0.1800891387041287,0.17587626663472108,0.17468047167691092,0.17787280896501265,0.1801625819818799,0.16842503978946327,0.15947477913122715,0.18359860964669533,0.1968812703582136,0.19423335256703655,0.2042585487474047
SPAS4,0.13522216849248372,0.13885551781456149,0.12568294857080936,0.16031593359879756,0.1616437544878128,0.17248700857526514,0.18293887450564705,0.19559397940373857,0.18988609754387045,0.19466397375066205,0.20236245693322555,0.19730444494614885,0.19054989898249577,0.18063415200902808,0.29318022473469196,0.2980265229820573,0.2999168222286571,0.29194888677828945
SPAS5,0.11661138583785882,0.11680412704750684,0.1108183521679875,0.15649411372999222,0.16195646301384864,0.16962841576536417,0.17644226512248617,0.1993539074478638,0.18862641973924957,0.1952767094881906,0.20169868910399544,0.24148029790974487,0.23712673957064545,0.2203297894724602,0.26747772365813755,0.2659079641023567,0.2614282906276695,0.25440462394993524
SPAS6,0.13221982985152225,0.13355955890103013,0.12408890568486511,0.12545048443989273,0.12589884790441008,0.12003179231725788,0.11897866877013417,0.1194453174005905,0.11549674139682402,0.11613529637574942,0.11923096087950248,0.13216934426928087,0.12846383556824187,0.12835246785855714,0.1408294937577221,0.1464602602894465,0.14749267360186033,0.15048767772803176
SPAS7,0.15263239603403547,0.16142967471127823,0.14488156826446713,0.15202673972134534,0.15679845242839044,0.15403030839990947,0.16008063799121372,0.15976322897724698,0.15532530297483935,0.15371592454615848,0.1573914732339398,0.1661717623474883,0.15699189740542166,0.1490896005260902,0.17132140154242262,0.18683157204252343,0.1845936630273121,0.19167742488125425
SPAS8,0.24647683583543337,0.2972425810497288,0.27638167986494394,0.3455491055646354,0.4269575576142568,0.43478106741950356,0.44132602954797867,0.4106685487898667,0.40038487301683884,0.40289385705024267,0.4221365943932441,0.42526788259314596,0.43192164465207666,0.41080424449208036,0.4807926364811568,0.5636122773586988,0.5552219814916407,0.5583067266435079
SPAS9,0.1674416982757009,0.17935914949896548,0.16686921116339867,0.18629110466632245,0.19669864899237374,0.19872749880793053,0.20412263989650056,0.20588241715549574,0.19911824219863059,0.19967566673595774,0.20945356651148564,0.23696237508006227,0.21019453887499834,0.21102264347641467,0.2690445772787821,0.3063720189649993,0.29428783834333805,0.2867185664442387
SPAS10,0.1413032305004142,0.14809100283761026,0.1379888613612065,0.15165855473287182,0.16431686369468157,0.16167873014289924,0.16623551890665828,0.168607022442236,0.16263183781420995,0.16313838843111023,0.170742892620529,0.1963519818886742,0.18383636200691675,0.1794803623863075,0.22039055210486963,0.23819452076474124,0.24069546492084487,0.23954710002248664
SPAS11,0.1535335503399644,0.16301615216488888,0.14522461103985032,0.1539547403769236,0.16137847778341116,0.16244369686128532,0.16836710903844995,0.16762097009068638,0.161127917550491,0.16060901262307123,0.16417177965653382,0.1966870855452641,0.1647012024862581,0.15584723201618014,0.19257179952478187,0.21326928332112907,0.2017895443399316,0.20793711088414615
SPAS12,0.1726008624933718,0.18562727286370917,0.16270039556962376,0.1835171243264396,0.20596690389772615,0.2044453891363283,0.20568349218845852,0.19890229870921258,0.1935809350817012,0.1933219435748591,0.2005390014031179,0.23689356328587222,0.19572216800206496,0.1871685775642311,0.2414583653725405,0.24692805707679003,0.23303295200224716,0.23400573683411297
SPAS13,0.1574006180601895,0.16781825450208096,0.14623443374459222,0.15621924842365534,0.16971098225478112,0.1658839481303361,0.16882053690552576,0.16688305718942062,0.16292490371987395,0.16197567397327017,0.1681595623219829,0.1762278490740785,0.16466540685403186,0.15168771733100306,0.17849900959066275,0.17693638802626702,0.17471701874967474,0.17983161749970294
SPAS14,0.16651423240939806,0.17434504796360392,0.15751199140939842,0.17572781619660527,0.18999641521680216,0.18468005332538145,0.18910317954349337,0.1891303876603521,0.18298252099393103,0.18357003820217202,0.1901201929186705,0.1910781622567424,0.18629020338304772,0.2178405923594603,0.24476830737099273,0.24997423968666846,0.2439186529636848,0.23906672969229553
SPAS15,0.202158542633088,0.206310408981255,0.2020288921234661,0.24653831791807357,0.27296972720574386,0.2803770930144489,0.3091981341506914,0.2982181592303822,0.2861780121944882,0.2913927619167892,0.311256287543564,0.30492121678435696,0.26875911483352777,0.2635861084647446,0.3271434124377325,0.33657393472295305,0.3137987247180899,0.31350757870314333
SPAS16,0.14059911449285362,0.14510633739402481,0.13210133113931932,0.1339292396207659,0.13349510088766095,0.1280598989997771,0.12764704803482382,0.1278152257375646,0.12345887926732989,0.12275915971026415,0.12553674782645988,0.12887557966300267,0.13368847465392186,0.14382313515373774,0.1522746788371424,0.14778231436695652,0.1478693445602877,0.15221184290034168
SPAS17,0.16544807319580027,0.1946914959822438,0.16413197144572894,0.18088128095072273,0.19523731564303404,0.2037477177284454,0.21148735563800794,0.20233740693032082,0.20549907701528589,0.19782150347742228,0.20191123951746362,0.1800278100882486,0.16952775448406368,0.15313812701147617,0.20954242105812537,0.23709991082734796,0.22071226879769465,0.22035015251285844
SPAS18,0.1670038219661918,0.1784406180286266,0.159638985994388,0.16607960030875504,0.1695902933152317,0.16566153207797354,0.16802492129414373,0.16667940064895084,0.16192042769610057,0.15970076695089502,0.1633658550473147,0.1665073021722442,0.16082244782697874,0.15516883544372875,0.17695545682500397,0.18635413430808154,0.18271459905374846,0.18822429497357523
SPAS19,0.1422072543415643,0.1459594584408925,0.13597292321416837,0.13925841396706323,0.14381607078905,0.13864187990549384,0.141320752487477,0.14157023264753466,0.13573518594890105,0.1342807718463533,0.13710389667603587,0.14883156379524937,0.14369661790280847,0.13820266940698483,0.15331511379865148,0.15750074291745592,0.15931646163359922,0.16562171155411493
SPAS20,0.16354657862158312,0.17813820836888805,0.15947906454100583,0.16489101014927832,0.17096113843722108,0.16991091600266478,0.17366383836913038,0.1728598954518397,0.16787437331778132,0.16583986892575564,0.1695293100575485,0.17758160596165212,0.16985268647904211,0.16231406104188062,0.1841252523968431,0.19461375427301594,0.1929501297967572,0.19810056052815508
SPAS21,0.1593684509112318,0.17509425138456816,0.15440663778836108,0.15579100678763133,0.1593353376057717,0.15690527172877153,0.15970568980042868,0.15839410899861842,0.15236721869110226,0.14840612358160676,0.1520163598842745,0.15673086648777304,0.15214958155117625,0.14675724319693906,0.16573339462722916,0.17449728017247587,0.1721040461706794,0.17695138743337271
SPAS22,0.1611442539832751,0.1745220882803829,0.15741120593727065,0.1645802884305099,0.17102986680427318,0.17126145454908284,0.17818039236573663,0.17798456348432787,0.17286248396036938,0.17142962028638314,0.17430274366140092,0.18099786446345384,0.16861022853136684,0.15579965287780087,0.1797935006258026,0.1907626523346549,0.19083757956553493,0.2014709935783456
SPAS23,0.15981185851380678,0.1764826292060888,0.15012410652890895,0.15159221443887044,0.15675341844947038,0.1538118669667515,0.1559570014909571,0.15594598619427102,0.15133856975973461,0.14932879761700643,0.15160527543354313,0.16263253313473783,0.1570525641394632,0.15039799886963504,0.16502223993177514,0.17247735517429286,0.1759246150340309,0.1811444389160966
SPAS24,0.12268866893648935,0.12300334895294592,0.11888289140672482,0.12378964415448437,0.13257137480448522,0.12424224576708029,0.11819304951146416,0.12089134077427852,0.11644947641295861,0.11738769449468356,0.1221895796524647,0.13895213028286746,0.14451187429170326,0.1224485882900513,0.11092372870909432,0.11042465288501695,0.11653523917787041,0.12002011704570313
SPAS25,0.17813365564644673,0.1886908448272764,0.15660756632018485,0.14974248508251364,0.15985538942731228,0.15419871736331173,0.14901558038820084,0.1530517020849935,0.1471249990555408,0.14491371396157784,0.15118894305609906,0.19129473127348823,0.17937541596786094,0.14222309303435335,0.1507362309907469,0.1813870406205612,0.17913899514526244,0.18862102998619107
SPAS26,0.14898366571096594,0.15990164001121696,0.14381925911412125,0.14748984860349004,0.1514428877068969,0.14820098630444198,0.1495206695838193,0.14938696985564262,0.1443891247769721,0.1430347609012864,0.14545852790545707,0.16111946445239317,0.15550804189458883,0.1487247530595091,0.16495210254280554,0.17243719192142626,0.17583056680840356,0.18066398581508078
SPAS27,0.14550348816273326,0.15410432618382086,0.14156183221001886,0.14557378451870195,0.1483761104584801,0.14462838752882695,0.1476491391079401,0.14734353117263907,0.14215276139499478,0.13943886701712743,0.14190834846316014,0.15215387572816508,0.1467205867547969,0.14291047455766767,0.15976821593998947,0.16328036420836403,0.16667643863482487,0.1726443366277862
SPAS28,0.1531317336898506,0.16168871930947154,0.14569652983382597,0.14850276387962758,0.15278966859768206,0.1505232736755729,0.155083174555543,0.1545098134398159,0.15003540329111317,0.14595743625520544,0.14816377563773794,0.16147870703379882,0.1533932524594324,0.1473093518186615,0.16646666781464178,0.17019216933549505,0.17173629543683125,0.1799996030842115
SPAS29,0.1637910566730706,0.174178492756856,0.15855918230565028,0.16112262755427278,0.1633582524579626,0.15915003709759595,0.16170960947067375,0.1614590936719546,0.156950891098731,0.15345338123976926,0.15506017557627524,0.17023896743844358,0.1591579834185666,0.15399004000333072,0.17328334288461195,0.1769203965904312,0.17437087384062455,0.18358431195510755
SPAS30,0.17566558256219886,0.1852742804644238,0.16049400277138817,0.16483930388101595,0.1699976836233931,0.1688514666227447,0.1773756229856138,0.17834315849706275,0.17435401144510668,0.17053400995960746,0.17259343698801954,0.19351452921858955,0.1760590326770975,0.1625630764971735,0.1893254814280221,0.19682537961808247,0.19669203541076302,0.20658619725507524
SPAS31,0.14073481472170404,0.152953020176993,0.14282476021052212,0.14693011597811292,0.15098402398373725,0.1485868692129169,0.1506482069440816,0.14969906159369725,0.14399991406867357,0.14124337094893186,0.14362575572828107,0.15240072156151308,0.1490559704977671,0.14108110932075518,0.15721817125850493,0.16497860905804926,0.1672108155875412,0.17142798673032358
SPAS32,0.13109048103732987,0.13703252956587064,0.1288692077389639,0.1241814667718787,0.1252989641229703,0.12400487394934707,0.12713323820051184,0.12614549221129914,0.12159042684144507,0.11653156650983913,0.11763633939365213,0.12769795457735217,0.12545684315754993,0.12190556047467689,0.1367874556464915,0.14142233082505457,0.14563707365567446,0.1498645766240706
SPAS33,0.13442739532351708,0.14387436939860995,0.13960579179178695,0.1437415754237004,0.14738093600916688,0.1451628521799485,0.1476969093230668,0.1480987866752581,0.1425340157283449,0.13986953717593273,0.14228688283382002,0.15064486565857604,0.14818205850624358,0.1450939323357693,0.1599083579884516,0.1647851277468649,0.16560658735192363,0.1695546582237192
SPAS34,0.15301251751919562,0.16183596986114107,0.14848255800441534,0.15713567194751893,0.16361373645809343,0.16181776463277156,0.16479768235442238,0.16345678845889305,0.15861851644376915,0.15711000071498546,0.16107260710538865,0.1711013279479889,0.1629194524787802,0.153643069080112,0.1784861877995805,0.187646524705542,0.18243319712428752,0.18936882953069065
SPAS35,,,,,,,,,,,,,,,,,,
ESTS1,0.11205200435392221,0.11690217607286575,0.11285935219660566,0.12051704876453731,0.11788934702483407,0.11956466080513335,0.12069454872256358,0.11413225738187384,0.10786052827056554,0.11261273787071263,0.12189670855015035,0.13454524922682431,0.14468801413526872,0.13195050101393496,0.15457271005630457,0.1789901631833048,0.1665424542489254,0.16757460970317714
ESTS2,0.12509036818945507,0.1177164621257723,0.11121554706803605,0.12299588560776843,0.12907568553939838,0.13904556036900928,0.13515316690050688,0.12208289642999322,0.12700477600847088,0.1266278534733726,0.1356472167222796,0.11845523970396721,0.10976276507838717,0.10215023925119669,0.10863072725973653,0.10360788330916296,0.1146156280917932,0.11950096871440932
ESTS3,0.09439116616165337,0.10629507344109196,0.09699892873135237,0.09948428499819888,0.09821989737536571,0.11053966682523116,0.1160734884890316,0.11475992353129094,0.11221934264643058,0.10774894611117969,0.11135085031015489,0.128659078523386,0.1511353828097554,0.12155548290101126,0.13527278719646083,0.14897479319769194,0.14971462714510367,0.16146130566414804
ESTS4,0.29484768858347143,0.39101802270846003,0.3580648028501345,0.38856002143370355,0.3606781745115848,0.39911593004376156,0.39976633482207674,0.41067071989166226,0.4005548361886682,0.4361123856269454,0.4515610461723021,0.4302821567387719,0.4315197695119567,0.41470820490894467,0.4263780425965888,0.4171573846116919,0.4205115882324275,0.44317413353521967
ESTS5,0.3256650512066738,0.41814796508511587,0.3936070701627477,0.41757467941657084,0.40065245607033384,0.4237544936567735,0.43016727219335577,0.4422705880713426,0.46243494318851275,0.4901844307441717,0.5058747045701766,0.46712200025887424,0.46363849002427004,0.43066898570949247,0.427723031807507,0.42173862819554037,0.4247716482608732,0.4296054129867079
ESTS6,0.1499086332130857,0.15638817719854428,0.15102025888694987,0.16095801608561486,0.1621540235776362,0.1726877379553827,0.17312301668883812,0.16681049786138183,0.16200598058409904,0.1898115311181326,0.20504634262197285,0.18561300830345823,0.1959355454301976,0.19008880064950695,0.20214813799304404,0.20587334992798062,0.1915347503636161,0.20223478201547698
ESTS7,0.1513381607270045,0.17549555847632464,0.1443145183930575,0.1924579486231234,0.1923556709536543,0.20902284552277317,0.2587465017732367,0.25325317712794876,0.24333937394831537,0.2877421022008155,0.31398721600113605,0.2780260937105749,0.3014767959607909,0.28958533695593025,0.335429084269767,0.3379416923958454,0.31416440443014704,0.32482358435174635
ESTS8,0.23382682691255816,0.21487410536853985,0.21287187883680334,0.2358504325392707,0.2198533024486361,0.22704398720216004,0.16447339883371925,0.1654856596196028,0.1580891051241736,0.1770100430949869,0.17619317221569383,0.17512316918538468,0.20345107451107156,0.17686596219565637,0.1995436718759974,0.18317964124416639,0.1719914272699415,0.17278688264292283
ESTS9,0.43110537367064566,0.4470633409686725,0.4304178501197518,0.44044054799977495,0.38954089917554174,0.45674673683287853,0.432475332994697,0.43468838978411106,0.4237256215457559,0.4689745733173269,0.4877132851689999,0.4459843042855532,0.43737905610507855,0.42389811317047893,0.436996936553287,0.43562224988684306,0.41675038993637814,0.4228971092507868
ESTS10,0.29651154252194467,0.34193744658678915,0.35123746901593594,0.37837469258959217,0.3709810961105983,0.41810126068513404,0.4086616529793576,0.3966529179763687,0.38471413643244207,0.4183975846728922,0.44790571100765225,0.40717698106469036,0.4265012365516617,0.412527955809934,0.44539255973444386,0.44785795555437286,0.44772579171263355,0.4592738976052108
ESTS11,0.15327414619501353,0.17092523830719558,0.1740461792651655,0.19642531576824152,0.18680391454521572,0.19212133907263215,0.19567073857912504,0.18175668819070911,0.17541057369553656,0.2069843680726224,0.2213143588687477,0.20586179771006033,0.23652370331594108,0.22881531819228554,0.2534523577229572,0.2637607711092507,0.2518530642239987,0.25965202959923145
ESTS12,0.2699885868457271,0.27403697583224496,0.3029468709460952,0.3075981459990372,0.32237915897146424,0.3603910521859857,0.3597551198432076,0.35793537295963473,0.34127660407620125,0.4034081997672392,0.4334607254409147,0.3873034144263811,0.36806319584245334,0.3630736203227977,0.3782456437813297,0.38264162269421625,0.37890352957432777,0.3937046540264949
ESTS13,0.20991304722644905,0.22679957417255023,0.1896399026756588,0.21181681966234508,0.22216546938887025,0.2525861521170877,0.24068437948171756,0.21661129322236702,0.20729062479114702,0.24377205478986427,0.26755475234286663,0.225596132511932,0.282220860235308,0.27367498298942716,0.28433474384081847,0.27750978104589813,0.2907046764117729,0.31291472742595533
ESTS14,0.44807986787008514,0.434682674057201,0.3867554533210423,0.4597631556535756,0.4906653185275897,0.5012694674703573,0.5016555151334309,0.5027760504559071,0.49257263080736974,0.5227310014883726,0.5417716834769424,0.4950406285583721,0.49798368605577814,0.4652449644373287,0.46813362423592203,0.47544200343548104,0.47679713763947035,0.48813464991628175
ESTS15,0.35732827148773894,0.331898534621622,0.21546416799685228,0.34912088611803416,0.42642496085685794,0.43971675997101484,0.4244367815335632,0.43135335142628,0.4178705612514999,0.44978518090275116,0.47051025607468777,0.41384714848811166,0.4320464009457412,0.42181186499080464,0.42789059446480554,0.4221665559389075,0.4242929956775893,0.4400953511341382
ESTS16,0.21967094028040993,0.23797235912400364,0.25065700405452646,0.2816572556059217,0.27603466365204476,0.3133849606594734,0.31908056759147146,0.29733900619581893,0.28381116784095983,0.30012353336844527,0.33516442251293777,0.31272980482053037,0.324990425454633,0.3260323706578615,0.3432795356023916,0.3337199090820354,0.3177722662792397,0.33410231207999624
ESTS17,0.10450633083756929,0.09811116330052494,0.09576803867848047,0.09920658741728693,0.11016223479568796,0.10958586888080757,0.0973907839931814,0.10744126377585675,0.10536687153640505,0.11287927251040669,0.10159373142212572,0.09207820143115641,0.09884416911653959,0.08742904225468895,0.11188734145683593,0.12151259111117946,0.11559569386079725,0.1244819829332953
ESTS18,0.11665570916847479,0.12388493176269667,0.12025753186352417,0.12841542139827725,0.13610712508523465,0.13614179140247698,0.14064570485100944,0.14017041379724146,0.12615035202781363,0.13419918024106245,0.12324659002999662,0.12604891611342714,0.1311905745880077,0.12617320730988996,0.13307673580059626,0.13165445883728036,0.13922950319923114,0.14243895656800507
ESTS19,0.11073886108504048,0.11208593161357044,0.11236157956889187,0.1179093887928454,0.12048611862701682,0.12363239265580617,0.12327994105415667,0.1240063524680521,0.12251111016976517,0.1257367073493488,0.12633165154888645,0.1213084018545225,0.1355662840576484,0.13197763628263517,0.14632240420789874,0.14739625492740746,0.14345020451159182,0.1474677752856875
ESTS20,0.10085679849602192,0.10164424340083156,0.10876206569923383,0.1026688376110451,0.10287858084331718,0.11234128664398653,0.10942232518522196,0.10532007860880624,0.10031766033125035,0.10430680955970936,0.10704988050480194,0.11287137745501574,0.13221852904281622,0.12466078117123637,0.15831138209540116,0.14846996489219516,0.14819442493087415,0.15627010944555975
ESTS21,0.08836569133612568,0.08788365571380373,0.1013380736124015,0.09953433642104112,0.09998860422338848,0.10303847138396394,0.10329305360607242,0.10143672751758684,0.10100310959798162,0.09985462612926914,0.09685933399374583,0.1057972336089066,0.10198717297319262,0.09280795546359948,0.09651328861112103,0.09612274800039439,0.097806160253801,0.09895573064943634
ESTS22,0.08634960704965268,0.08901000990521306,0.08887310139305245,0.08934483555194812,0.08613568784691115,0.09260901964725873,0.09530081859537491,0.09962280968751037,0.09680910872059688,0.08778657149594266,0.08691297068142596,0.09675282089415763,0.09389378315802528,0.08881361577794314,0.08450959199069637,0.08865309035272033,0.09921151910108457,0.09851795028597794
ESTS23,0.10404808260148571,0.09933835527548052,0.09881346296182951,0.10161298483000003,0.10521732576402298,0.10768101876630982,0.1053290490162102,0.1091627496552634,0.10607948808870306,0.11256528730346134,0.11149560582280643,0.11815978395568194,0.13016087903365178,0.14046076112583075,0.170053411393355,0.17400872993836422,0.17332538381581555,0.18145469737830225
ESTS24,0.19759437763720417,0.1952865429297595,0.1895162783939596,0.20091763609203167,0.1875257361466973,0.1928754791965073,0.17816426214309988,0.18313065181869057,0.17549657428878526,0.207784585792991,0.21289627201367,0.2150645022554884,0.2471685009227598,0.21633627620919973,0.2125236685740998,0.21204057190881118,0.2408613401043895,0.24341199589102436
ESTS25,0.15816361867605264,0.15457626994976137,0.14843617823060137,0.15671734147988745,0.17982270611212114,0.19100696264159167,0.1745772287237604,0.18346271272968243,0.17444509137394526,0.2084746433345019,0.21282951689962884,0.2067735952337037,0.24749186768541867,0.20987745805228822,0.2094865716317076,0.18418504717667966,0.1837298309517689,0.19151480834049503
ESTS26,0.10785877988299261,0.09931758875669507,0.0987273029333091,0.09969386455135817,0.09906019950748439,0.10138293495778673,0.09773501354923303,0.10561138887936818,0.10164505106046536,0.11500378908732031,0.11848513545479038,0.1312554590857007,0.13350003140787775,0.1113248794742791,0.12937142645640667,0.11840777268695153,0.11397466189202038,0.11860663143744384
ESTS27,0.09036429488147887,0.09329472117614501,0.09701203649987925,0.09824981532948457,0.09953667978602047,0.09806869655060878,0.09936714926971904,0.10121986284965874,0.09971810352935849,0.10262634430648021,0.09456889857943022,0.10376225625703146,0.13463229030451135,0.12489621250469303,0.144905211978439,0.14541443606149196,0.15155655439784363,0.1543454692861123
ESTS28,0.0872473360579575,0.08774840680507981,0.09327898866813743,0.09773084361727541,0.09333164163881573,0.08949616812406293,0.09125234958637626,0.09165412044825721,0.09085211441095559,0.08869687957779887,0.086220392265426,0.09215537599185282,0.09563563725715578,0.0890594125880408,0.09361199629387924,0.08838909241799885,0.09832802411960871,0.09530978703920263
ESTS29,0.08238250982398422,0.08513957641853329,0.09863942975817207,0.09805247175300383,0.09398537332356283,0.09063258237220354,0.09113224614032085,0.09853574097221506,0.0957895396324124,0.0895382400632839,0.08767384404589232,0.10659403953666712,0.11081165197558449,0.10158706857616913,0.09893588780213748,0.10365545290612567,0.11025559864519285,0.10633750341905332
ESTS30,0.10854078825412218,0.11037561887326808,0.11282096427918528,0.11820237156436994,0.11400352164140823,0.1131314994589404,0.11366858756873846,0.11675569335593979,0.11314628805513811,0.12200447674669672,0.1493522586575815,0.1515914890756939,0.16571889273349158,0.14934096253810022,0.1613614674080549,0.1452429038363295,0.14781258558035765,0.16026508883399018
ESTS31,0.08506955805897037,0.0858104267733277,0.09508278761952574,0.09818539776203548,0.09637799164809817,0.09547557293979528,0.09624229095037645,0.10375975510648924,0.10122170600426769,0.10655664698305617,0.10409395433217962,0.10725742552807949,0.10632118269248941,0.09250065733502741,0.10579025874735361,0.10635774228561384,0.1102378395836644,0.10994927078150896
ESTS32,0.08405826881187405,0.0823602644478253,0.08080919783578788,0.08393042108855223,0.09172014634716837,0.09252676056028125,0.08487681268903437,0.09585685441324612,0.09341268260352348,0.0963220519877511,0.09709328133505452,0.0982178349090594,0.08434506341141562,0.07885874472664352,0.08314333654287451,0.08029697176287662,0.08250491422932481,0.08079837437932219
ESTS33,0.11438689458374446,0.11265563506155399,0.10598395133091607,0.11200428222882988,0.11688235907417567,0.1207739505469775,0.11488882071787498,0.1235554474238058,0.12100209083464901,0.1323762092583545,0.1310592811952966,0.16162505034730476,0.1466739075056738,0.13564581997306308,0.15681270240605033,0.15539917341092196,0.14167258426661142,0.1485406166481419
ESTS34,0.11478685368093396,0.10951842661971559,0.10843171774860977,0.11100222271302425,0.13025347882593175,0.13528207029981743,0.12938371124338519,0.14481007707840568,0.1413285722138541,0.15478968324822967,0.11055157741513447,0.1091957876016605,0.10588330668899033,0.0958071311954419,0.09760199268791611,0.09970809951876988,0.10457884209900475,0.10301766136832191
ESTS35,,,,,,,,,,,,,,,,,,
FINS1,0.10477820354636844,0.10827089131682284,0.10356794585146277,0.10763793845376858,0.1144882148983279,0.11712716233155157,0.11835856621194579,0.11587342917892669,0.11155580695846708,0.11235843867848222,0.11411095898875266,0.11109266978473208,0.10886915165705847,0.11295986144482624,0.11316035045248131,0.12113155345681634,0.11624794713760285,0.11731041626404251
FINS2,0.10620816680224184,0.10904124597367107,0.10082127709353454,0.11782226371760765,0.12878041830550604,0.1289346903514535,0.13282946730985826,0.1258569737509372,0.12654199756669582,0.1292969487929556,0.13017813769046074,0.13020938005241803,0.11299538793619002,0.09765744626073113,0.11035742290869438,0.10908378870307665,0.11437572229278067,0.11057314453016989
FINS3,0.10386793358411782,0.10849911705884834,0.10861019352632799,0.10853234522225398,0.11429218022482603,0.1147561417771645,0.11620413207044812,0.11578804987825575,0.11011092691540242,0.11060427730687002,0.111259904559373,0.10555209860510247,0.11864758822841774,0.12044197910242893,0.11861691599783947,0.12404390259014898,0.12244789800836424,0.12010277421091425
FINS4,0.18494648189647583,0.18568650345259924,0.1882242593738749,0.22431432541980362,0.2402540954336885,0.24730832928116434,0.25666637487400473,0.24087714858198778,0.25321971579287594,0.25336825656805145,0.25462095292459486,0.3753445138943079,0.22551005280484504,0.2259595304090635,0.22377178440212286,0.21679802976335213,0.23243244587784678,0.21260975149837638
FINS5,0.19127728060831256,0.20143893346196487,0.17311247609478803,0.18944200494740318,0.24040905984550484,0.24199196609890777,0.257359297369462,0.24276517973202066,0.2547141330444996,0.2624018483885968,0.26828563929438576,0.33599939565979975,0.3756116521005816,0.3213030084787379,0.33723054565422594,0.2902193628294086,0.305625668782731,0.2861552333306875
FINS6,0.1186426455323268,0.11837933429843213,0.11624452526601745,0.11804598463649961,0.12035592588121803,0.1185216879437045,0.12041285728301429,0.11940342683739076,0.11663733354306562,0.11740650066636373,0.11914040160596776,0.11626202730569252,0.12337074615695989,0.12311736779632773,0.1247827516721985,0.13116439577196998,0.12659967112787546,0.12766528682902906
FINS7,0.140364487901984,0.1462266327098904,0.12846441146362553,0.1345078230336789,0.14649798822134527,0.14309144683659805,0.14886624748438856,0.15163280632652676,0.152461775361351,0.15284772361337107,0.16102288343563356,0.16779937896345018,0.17291692878831313,0.15878042640585244,0.19086346883657623,0.19312811385811926,0.19003204549412292,0.18540875209670943
FINS8,0.24295873491499803,0.254939471997841,0.19576380324290804,0.2522957011578657,0.26849715767948795,0.2945695427749779,0.32356259418345795,0.3236839991545052,0.32869862079843465,0.33177240448651363,0.35150779757374884,0.2094447611177481,0.3065940858219299,0.27877729268249596,0.35062769851386455,0.372459248292749,0.35764827121478004,0.3449882199311369
FINS9,0.1842050380000098,0.18782118682299023,0.1351225119786608,0.18267121904832093,0.20214677630865222,0.20139200372187754,0.20244699348432318,0.1711789299895395,0.17296595028204031,0.17388502265444528,0.18490992386889446,0.1773811992050068,0.22499588236167564,0.22066222027706364,0.22868242625897672,0.27577193384686083,0.25222130545988725,0.24705633997560295
FINS10,0.16516630498864315,0.16337131640232735,0.1564269312387666,0.1863323974223386,0.17907095273131343,0.1821521300731284,0.19362991459195986,0.19762756190612768,0.20248934715188743,0.20382574184337582,0.2137898535607714,0.2026794908537743,0.20555402084339217,0.2011270380013944,0.21489973342135396,0.22764436593626236,0.22036899536140966,0.2120486464800488
FINS11,0.11976980921913971,0.12049824907644023,0.11392571488154958,0.1212992096945994,0.124942353496713,0.12327350897834197,0.12593844013408187,0.12481909694081657,0.12437911150352629,0.12539267950478636,0.1288064803962648,0.12458007238099056,0.11794715811020012,0.11958822898323505,0.12005142639493081,0.12192300527335241,0.1199702156257588,0.11723055150225122
FINS12,0.21096197621338658,0.19853493693294774,0.15917730125653476,0.1950444019607695,0.19720859847871924,0.18037727558869954,0.1832437167638045,0.16945069634611307,0.16918580434439842,0.17099899246555428,0.18053106967084526,0.1869194923795846,0.17422249114114383,0.1781866536739022,0.19326889941212563,0.22449715474757034,0.20532138833240685,0.20419967759019847
FINS13,0.1404569255424997,0.14217524244840596,0.14049745866615262,0.18404228473207707,0.18332641643534225,0.17655997894328698,0.18740097536472464,0.1924708108020103,0.19542754519235633,0.19495184033018162,0.20148405915937828,0.20749458800941115,0.14142015006261677,0.1404755082335806,0.1491311047447007,0.15058240179359314,0.14779894708552918,0.14817661434373036
FINS14,0.17438361091831164,0.1909359623032351,0.18519374673665945,0.18724060544707258,0.17868039480736753,0.20196839303658612,0.19779219299441925,0.2066909691217125,0.21181019853062188,0.2102459138102911,0.22175474863232844,0.21860588886054363,0.2731961904232502,0.29003208689246635,0.28121807749002997,0.3340708576006354,0.22921355622860884,0.2666742490496799
FINS15,0.20392175893093503,0.18727416537521657,0.20794843436013918,0.2142911272680435,0.21653469129479286,0.19968637920292354,0.21976327982979002,0.24912189336090798,0.25935803475917674,0.26903648181324824,0.28962761201521314,0.23057599931863693,0.13719296667080452,0.14236257602127664,0.1493737829124857,0.16475805786879216,0.17197891490063166,0.14835305822894745
FINS16,0.09949117155417621,0.100005616560612,0.11606200455489736,0.12635549675981833,0.11775061728222386,0.12143444668691199,0.12334883112275319,0.1327212827040263,0.13453767534856387,0.13511001637697276,0.14157588682050096,0.09840790632587403,0.11397651333840764,0.11581781788869848,0.11966530634232936,0.13283476326244828,0.13470673513395545,0.1348112223089998
FINS17,0.12182167432230154,0.1307709411983816,0.10653854443598998,0.11727569373172662,0.12246746343651717,0.12240348578609553,0.12324469285133831,0.12138999464301974,0.12276669710982777,0.12286541716243267,0.12303786953750266,0.12091984258629845,0.11023551640467931,0.1143902228411818,0.11753817958449754,0.11990447664988885,0.11820451126284737,0.11715440779178105
FINS18,0.12128047442645216,0.12445961752821631,0.12381945190474268,0.12592184108250085,0.12828065623003485,0.12668628575029947,0.12776574220007386,0.12928222876764717,0.12657239033484882,0.1278138624117967,0.1295074560831644,0.12439658559236459,0.12736321588091773,0.1282584545499039,0.12835843927506585,0.13009709627771324,0.13110002504093832,0.13101257213456408
FINS19,0.09531694966460347,0.0992706035536543,0.09777813446700495,0.10019529336093591,0.10492848120317434,0.10500510783900888,0.10709664842949193,0.10719086321154063,0.10344890273142743,0.10463709615915731,0.10612492538223586,0.1042135668451032,0.10939758621078167,0.1116171031489147,0.11454428964361964,0.12637300538071256,0.1248801223006866,0.12425705443654363
FINS20,0.11024017860684844,0.11298235887040879,0.11200086606414308,0.1125300516827442,0.11764664786446359,0.11798192772110683,0.12090895116830554,0.12028729847854915,0.11519494452480382,0.11762475565058463,0.11877810839920395,0.11798379731119867,0.12869226875471473,0.12496481301288097,0.12717616692818443,0.1249364367681612,0.12610459632759635,0.12677469435320457
FINS21,0.10055768033103576,0.10482498270191787,0.11051327932645996,0.11178094412632843,0.11478078055993853,0.11152288507206312,0.11313136252890059,0.11468602168638563,0.11257826013937201,0.11316930618546957,0.11427415426712223,0.10853836585660316,0.1269270710500932,0.12248835925439297,0.12226624159594918,0.12170811568793509,0.1269729789516892,0.12631272101838645
FINS22,0.09689447549301504,0.10101270903803788,0.10665470877366766,0.10806076244903685,0.10936524801518221,0.10795203687076196,0.10909324701553819,0.11183442879157475,0.10912149246148092,0.10981642211944533,0.11049838045268429,0.10348921068254652,0.11494372745500281,0.1122946603408805,0.11064312992888321,0.11338628886461326,0.11763069757301238,0.1161307413702176
FINS23,0.08871570224781866,0.0968146313396863,0.08574198157373716,0.09163609638816886,0.0964642002916086,0.09475216136991486,0.09798604687393458,0.10053877564736438,0.106175741068264,0.10676580528252078,0.10910627857511639,0.10246360288905741,0.09613472595292535,0.10348868082021026,0.10516898867028514,0.10637939621603669,0.1088785461499017,0.1122656412731316
FINS24,0.11226978021295973,0.14093940382509712,0.1309436388896681,0.14219447934214743,0.15314097732356563,0.13696931690994776,0.17067522889740652,0.16896605142394883,0.16917034693398036,0.17031870389836698,0.17833811955111983,0.20117782064773126,0.29889684622514057,0.24720618574524195,0.24104399981031852,0.26859247568101596,0.2700055468813305,0.2728511644282356
FINS25,0.09500590361740212,0.11060355421584679,0.10386766276587249,0.10844391507835152,0.11328740046647823,0.10781459790039985,0.12200122068018471,0.12441539104903235,0.12876854998049028,0.13080748274378218,0.13447530862119222,0.13978748941203867,0.23998146167192036,0.20853970442939526,0.21656977665351793,0.23636732206568786,0.2442837440032612,0.24431499845852991
FINS26,0.08678224086521753,0.08837367363688599,0.08225078517663771,0.08850436445924062,0.09230142110356085,0.09079279231029241,0.09403295245402177,0.09912084781909448,0.09826142521560889,0.09926951808449441,0.10146999070490316,0.09694684193542512,0.10455960155545727,0.10623451263927987,0.10791425242070457,0.11053300321705334,0.10899474492024926,0.10896323347786824
FINS27,0.0941569353057859,0.09770652855964719,0.0972435892000208,0.09363969091183225,0.09930185927113899,0.09726329284507697,0.10102359767187895,0.10164327343777423,0.09763616355946995,0.09887952196038384,0.10007416898621846,0.10046583932476996,0.10919776815053459,0.10979264477787287,0.10715159116617985,0.10792621231946857,0.11054587081818427,0.11083851894376104
FINS28,0.09268418630933933,0.09723874819209763,0.10180226230970409,0.10253236249117312,0.10742805848838632,0.10734673652559366,0.11159898031019473,0.11200962316296689,0.10843399066513731,0.10978965176039547,0.11063646615506863,0.1063286966693234,0.11521790861048074,0.1154942662627102,0.11390354521269994,0.11251181868041535,0.11535527953714127,0.11560016144325755
FINS29,0.11260282155586201,0.11572774783897091,0.11886513840467809,0.11796275128073258,0.12186852277083784,0.11788097797204761,0.12038361965866096,0.12397666218927865,0.12079666156163922,0.1216522215774618,0.12311445129662363,0.11842753634964436,0.12483939541549692,0.12588641650766866,0.12417541550688652,0.12359071854077058,0.1266476798343175,0.1271271512440052
FINS30,0.11465966237317614,0.12257087112170924,0.12130213378395785,0.12193366259409114,0.1292108488333499,0.13034199311896183,0.13350114615642963,0.131930944675012,0.12707098951749407,0.1289601336736091,0.1317785386683928,0.13603645157381095,0.13798775597765342,0.13366042929590205,0.14278144904968781,0.144083443061315,0.14057331692624103,0.14212447089424984
FINS31,0.10078955105824466,0.1058016588497538,0.10983946911491663,0.1090763093757915,0.11252471538907247,0.11108866226862645,0.11469576858947318,0.11475431139987906,0.1116465537189264,0.11324960605415012,0.11411851707665854,0.11323296495277457,0.12129118281299973,0.12150464825786719,0.12105600573956093,0.11796373611809642,0.11717798710081653,0.117707206160357
FINS32,0.09253272164873409,0.094637341232712,0.10267216755790738,0.09894454408698355,0.10210647920218358,0.10018561523139066,0.1008350865775578,0.10210679310477168,0.10006175096694682,0.10089342983730237,0.09992193403981753,0.09368481792268787,0.10282848902620076,0.10105230192636748,0.09940522652932542,0.09972664332340293,0.10368377203664592,0.10267870672300138
FINS33,0.08946682974590109,0.09319163287550432,0.10047133597241495,0.10071696741968193,0.10459790276575012,0.10458461937031607,0.10611016703315973,0.10697849463261934,0.1033649271167294,0.10457092873538379,0.10507743982777704,0.09786195440420335,0.1099311998701106,0.11103116010248705,0.11155033167695252,0.1154586782026685,0.1156184048188116,0.11470197484704957
FINS34,0.09653675983633635,0.10163598125345893,0.10720179144444199,0.10451280548625563,0.10910017131059821,0.10990802505339867,0.11207235325238453,0.11148172939088612,0.10669805905215607,0.1086168976431664,0.10967945938049657,0.10836171878168616,0.11695491862970571,0.1164374943019572,0.12047801518298779,0.1232974026592254,0.1240752993013765,0.12546283453761706
FINS35,,,,,,,,,,,,,,,,,,
FRAS1,0.1675701916514755,0.18206818166465322,0.1678719481315686,0.17638062314962438,0.19163095666802082,0.190787369801736,0.1951263362311126,0.19469035193647197,0.18305887936619383,0.17995937799217204,0.19181636798765128,0.19932146333311365,0.19081083723718245,0.1808483789383272,0.21146331226986764,0.22870349379403443,0.22133152375983625,0.23117485858979864
FRAS2,0.15036272363693143,0.16373880805192625,0.13824480974867734,0.1417942747000826,0.1680721970594491,0.16686791879023136,0.15992502821550225,0.16882925035927954,0.16707846625729741,0.16314778378965836,0.18958612408851308,0.18445720363266255,0.20469433736035403,0.19242636762935572,0.21660973255777694,0.212180382107074,0.2185318202693556,0.21347325759648386
FRAS3,0.17006710530023345,0.18489519122424172,0.17176449187187692,0.18141614495958724,0.195694322643498,0.19680358239154983,0.20066621894314046,0.20228217840934287,0.1915167484804017,0.1912828503613753,0.20422571585176533,0.20892943072329884,0.20237691142621606,0.187008059589865,0.22230479354037094,0.2442965563510636,0.23276477086569383,0.24302385389251455
FRAS4,0.25712253713619093,0.27346643375934715,0.3058068300551941,0.3146457762755996,0.34692635388108184,0.36998465081962745,0.3695715674436048,0.35515191371044946,0.36335098501623386,0.3665971297229548,0.39928998967290025,0.3765071514016898,0.32486979557831297,0.29563186904567557,0.3177733413792205,0.30837274753401744,0.3020670193859268,0.3010137666963059
FRAS5,0.3153926818332217,0.3313715025745844,0.3631979369184908,0.36932091704428954,0.3931781146933421,0.3919608768489042,0.39395744288041235,0.37867464947985985,0.3829274604752692,0.3823732298790019,0.42073018209867,0.40437868884728123,0.43130856559413305,0.4066651067734781,0.4002008417401203,0.4163817858932447,0.40746755087269726,0.40805974278111795
FRAS6,0.14546368695194214,0.15378452557105182,0.142404766338409,0.14543153681377435,0.15241981660413734,0.14812998362626648,0.15072063448774597,0.1504939517052983,0.14159191846943217,0.1396149715273989,0.14299872578053582,0.14861670472669433,0.14524451807241784,0.14014910967383443,0.16012109032170777,0.16601229743055823,0.16353526630015486,0.16602607084132504
FRAS7,0.17596936846097216,0.19055898547102154,0.17199457074036287,0.1800001156317227,0.19252015396618916,0.19048462537122246,0.19389978304325056,0.1967689366171435,0.18536545342785657,0.18927641667374487,0.20443878644384186,0.2144637759887492,0.20597473345726203,0.19357341540470416,0.2277086068956207,0.23903779287683496,0.2286806940118199,0.24109524191071136
FRAS8,0.29446455765581536,0.3468050332234193,0.2812054102432443,0.28728858043850164,0.31636970360224065,0.3232093492349027,0.31752215388150057,0.3140354552102881,0.3089656475323647,0.2890323544233686,0.3285288746855565,0.31129496442737276,0.32391324661170634,0.2631926278925481,0.2909640796070003,0.34154986253347897,0.3119145635680864,0.326003950649521
FRAS9,0.23084038115782612,0.24710242781423697,0.2231785577358572,0.23487538691527465,0.25709250361491714,0.2699606455680385,0.26782284693469993,0.26901606590877664,0.2619924514395794,0.2648044534981876,0.321323824839359,0.3011411073587833,0.2705434687162021,0.2646987868363741,0.2934787855827476,0.3576375062286017,0.34472028823916456,0.3274490689441322
FRAS10,0.19135819636363172,0.20121283047719304,0.18513696853947628,0.1961194801601537,0.20971246580807565,0.20725279739492727,0.20987719306936073,0.21079763755770609,0.20706357138769665,0.2058044153305998,0.22971926022484906,0.23042794679068587,0.22790802729581688,0.21346242572224902,0.26097405463251494,0.2858271130282638,0.27751454688449745,0.27720863980736116
FRAS11,0.1622163493441158,0.1742808977749309,0.15868423908841486,0.16527949185738758,0.17601307530327223,0.1731848228793221,0.17625576045873956,0.17792444872829205,0.16537906092289734,0.16867346164321217,0.17603160285615368,0.18641509321174476,0.17777656353842297,0.16824788150703132,0.19585503907796945,0.20695883561578293,0.20076996103071285,0.20820542521463684
FRAS12,0.20902993581191642,0.22287905752377912,0.1896621794807477,0.20642362620301635,0.2260800055874498,0.22089767710848393,0.22375828630116124,0.2204762517474528,0.21100888419777183,0.21239032608519806,0.2396083618823134,0.23957003942072772,0.238953250427451,0.21383696193828053,0.26391494313176816,0.2997657198755037,0.27852688368551476,0.27996177489615687
FRAS13,0.1997157459059453,0.2123464663458874,0.18758037472669356,0.2047404106239105,0.22054223055474576,0.21963462179673965,0.2240959194665357,0.22516160905072058,0.22055050013293295,0.21738573022084132,0.24433810486871776,0.241348174986136,0.22278717842967408,0.20177005659531388,0.24101032157032193,0.270595507517936,0.25691614611665076,0.268961794894124
FRAS14,0.27582344971018213,0.2954016109835467,0.27830540363866796,0.30338323662947064,0.32231696069363186,0.3218046195744214,0.3243704593384642,0.3278346119899145,0.33191456231448657,0.3371434815570627,0.36647973862737415,0.35072456795642276,0.32742027306676424,0.3159739494769396,0.38714971534662285,0.375595226201873,0.3836232510096063,0.38182981039603225
FRAS15,0.2971884144845014,0.3149376643912451,0.2730944619949711,0.29542561545082757,0.3234981287831927,0.33373136685435595,0.32320240809444034,0.32643987854163997,0.3302380181966528,0.3354685560910325,0.3820006585865178,0.3704676537118881,0.3428405287687109,0.323297180612379,0.32373113561961503,0.3863587210003479,0.328836284365087,0.33884262073444005
FRAS16,0.15154666260875374,0.16066021251142412,0.16383407802937655,0.1665568231760706,0.18113717831987597,0.18453974478744775,0.18914264982833978,0.1972850850005458,0.19762051853890392,0.1912447264290279,0.22967408400350772,0.2005423213470114,0.17642900927359398,0.15818589036410888,0.21923905659273646,0.2179318320271513,0.25811518337574957,0.24207838506451335
FRAS17,0.17037745351360162,0.19681270071584325,0.174272300183927,0.1880347969476006,0.20689987987351952,0.21931172129078566,0.2119102717837408,0.20427955980414617,0.19034988691970164,0.19483446749309954,0.22172115296115055,0.21750686436914327,0.20322179048336456,0.1882646993386939,0.24134409840272275,0.2804285892685096,0.23557109409007412,0.24711516968479919
FRAS18,0.17569147700065435,0.19048505468768703,0.17378564762265086,0.18195708999482227,0.19607714616978114,0.1952005315724518,0.19837709764322226,0.20292414713575915,0.1911444259418005,0.19132385493692486,0.20001286206733837,0.20594034493254773,0.1993679634304752,0.1858835413026923,0.22130923502138067,0.2409231033515145,0.2269336972248713,0.23470005386393683
FRAS19,0.15150303967081064,0.16070806026584553,0.14734430917883248,0.16049796081256887,0.17279693635162488,0.16871737814556476,0.17295274888528572,0.1747520993726409,0.1687588437451423,0.1680680828131685,0.1749271382861561,0.18743447859123233,0.1819245727339922,0.16579188974129147,0.19006837555641073,0.2127032978186181,0.20833595958215986,0.21378537036978115
FRAS20,0.17681068763871546,0.19271426444992595,0.17449518442340317,0.18843219082178939,0.20459479105866993,0.20617205836427013,0.2097002554796881,0.2125241188322571,0.20325208930934974,0.20390446003187218,0.2169500676876226,0.22274111581543168,0.21547206516467873,0.19918520990899732,0.2370193631191941,0.2543010394430917,0.23940448473701123,0.250103352560714
FRAS21,0.16637090725375847,0.17860633614254595,0.1632165550396746,0.16308353582321994,0.17242394392606603,0.17209506917980202,0.175741865704037,0.17928031260978408,0.17182543201741607,0.1717981472799812,0.18381625016698042,0.18731352268309343,0.18293682928494176,0.16952226825021216,0.19696096943212002,0.21453761025106594,0.20662207837828175,0.207577966377192
FRAS22,0.16296915006211676,0.17679423891591164,0.16643861743040433,0.17685521135110965,0.19094486404188615,0.1919866453082529,0.19576290894238377,0.19700657168238597,0.1857948317867306,0.18588805703103012,0.19811140156251078,0.2040257044737952,0.19832188233871326,0.18249741998547223,0.21833706796569544,0.23892069044236117,0.22767740789088042,0.2403096411462669
FRAS23,0.16673018628559855,0.18430634389229367,0.16445964120354803,0.1794355968905254,0.19664537473050267,0.198339898977793,0.1996600966007002,0.1972756179166928,0.1817308052676285,0.17846509078314315,0.19098380270800117,0.2025130319055898,0.1953285563978343,0.18145260733862678,0.21515855043102475,0.2261321961315885,0.21734723244170884,0.22798442845120578
FRAS24,0.14330375580503332,0.17214632751004635,0.17299946276766057,0.18501568790591227,0.21218173156012335,0.2171644297297327,0.2203935474841659,0.22020542784642322,0.21643079033349308,0.22226827000351057,0.24256376800084106,0.245267664897771,0.22701846235899464,0.21543470995043842,0.23607043962105828,0.24758096272928426,0.24458919180636327,0.2434927036483669
FRAS25,0.1734078393843969,0.1899570222016419,0.1873257340677012,0.21621290422230396,0.23300996371481086,0.24754866027268604,0.2571623476665181,0.2496754301008851,0.24514054413637434,0.24781840060108326,0.2841377517725951,0.2788467433310583,0.2352300233846883,0.23380400912684918,0.25586850661590377,0.2638641458465852,0.26476114630406455,0.26689542987503734
FRAS26,0.1623546489793562,0.17636696071122177,0.15993381378977403,0.16846156056268052,0.18045331507806156,0.18055521794089732,0.1848605952870833,0.18699845553898484,0.17718762776147212,0.1836283671999001,0.19733965450837818,0.21027227899597098,0.20361498242771736,0.18908909298939452,0.22878387142648393,0.24212372860527498,0.22943478044521362,0.24259453798971387
FRAS27,0.17108951381867515,0.1870856380427282,0.1681151435117802,0.17719439838868514,0.19092133215115598,0.19139296982293263,0.1950579257323555,0.19814318474808718,0.18493509522309923,0.18252672378396048,0.1920956745627439,0.20161738946334407,0.19436359842318343,0.18521982959759578,0.22045124656883666,0.2302871922466277,0.2209989725045094,0.234806894549921
FRAS28,0.1760680733472697,0.19224983341322258,0.17306777321668387,0.18244808288746706,0.1966812080047722,0.198518798749371,0.2038274579682568,0.2088778880809039,0.19724793795940684,0.196208731273522,0.20951104166650047,0.21585469068034402,0.20862792257789853,0.1957702614723253,0.23633658480944367,0.25213047333465866,0.2361147531083554,0.25001035689887463
FRAS29,0.17489547798821195,0.1900918592001703,0.1721573373013556,0.1821376877223003,0.19563838054568358,0.19714114103156585,0.20242290490859008,0.20706008242106522,0.19433031466554335,0.1933462984018564,0.20465631680027907,0.21293780419014396,0.2050479420861707,0.1938119689360183,0.23345816242135842,0.24578583057706893,0.22039620724365686,0.23853318467757645
FRAS30,0.1829575417347204,0.20021630900378284,0.17916087128000704,0.19061606439452355,0.20700733487498776,0.20998534865779922,0.21585584087022017,0.22231356620763326,0.21011560219651107,0.20918215138100474,0.22597559613888138,0.2314407637581437,0.22409716851458578,0.2071821842170517,0.2539607283436028,0.27208829526266104,0.25047870035187,0.26649275018666396
FRAS31,0.16807251485718902,0.1816541092067107,0.1680856668860947,0.1733132472502759,0.18561140746499702,0.18583581107512712,0.18984361307061112,0.1930861001190661,0.1839877165005041,0.19057798864304581,0.20419055110497328,0.20517984050867186,0.1956725882959511,0.17701197722938453,0.20035678175526084,0.22153185973086692,0.2114035899050161,0.21029068771674694
FRAS32,0.1541570454248518,0.16688730219715117,0.15445165276675324,0.16179922633744034,0.17229616531036526,0.17238513827408394,0.17619123002230816,0.17877506540073027,0.16954271313446959,0.17356312418746714,0.18097895372750317,0.19318810251350244,0.18642640266614796,0.1763731924092522,0.20841051595562915,0.21838183650530163,0.21113647794248688,0.22385205383557097
FRAS33,0.15170812504205972,0.162762634653486,0.15409420248637246,0.16007747232926828,0.16891981152963356,0.17041294838231025,0.17322144296407943,0.17600817279253464,0.1697668332764028,0.1677330057405868,0.17494180069695708,0.1805514751792654,0.17376624382686812,0.1649321442673654,0.19177610648915613,0.2094481643963295,0.20129045311798127,0.20496220540154197
FRAS34,0.17947583896955002,0.19694429400951513,0.17660845395193298,0.18690193713286204,0.20200303927881513,0.20519819509072343,0.20940688096482196,0.21048090303176123,0.19803545838898814,0.19654156138731735,0.20527165332159472,0.2122942949233522,0.2048640974204524,0.19046026980308714,0.2267766636608146,0.24822713164112603,0.23462412753295173,0.24624535967616737
FRAS35,,,,,,,,,,,,,,,,,,
UKGS1,0.15246631522223547,0.15615850108704749,0.1483468759524471,0.1561883203359771,0.16728351373921643,0.16920042732679902,0.1729430526155527,0.17614741576054793,0.1666417407201479,0.16195559912064317,0.16212506699973897,0.16942441033066943,0.16682658225837987,0.16226828570967747,0.1840818213084315,0.20220740390388234,0.20308444524558888,0.21439011890143586
UKGS2,0.1834756203408454,0.20499639191411684,0.18119469448291542,0.19702341935044587,0.22015078442495936,0.23415022275996497,0.22142894369516158,0.2060390950037818,0.1950370948325552,0.19319826987764813,0.2002162107941253,0.2676970520909453,0.25521180472942,0.22197505989850547,0.23800151166068254,0.26487537100039177,0.24835462852299228,0.25365640992048427
UKGS3,0.16577726501224377,0.17203042049823863,0.15787869863146214,0.1669496406129039,0.17964303379163182,0.18523530711245087,0.18890056221782295,0.18993285179508482,0.18149998192466554,0.17743748869705217,0.17793679397197554,0.18503969184383856,0.18399409504471648,0.1744778034507056,0.20246247164059325,0.2424059275006498,0.23555191844338025,0.24919480369504965
UKGS4,0.21265847241955715,0.21239827184249058,0.2279118483568601,0.13055928912006923,0.20906947264670478,0.13259179567651774,0.12939491800106906,0.12821653337438627,0.12578262620260258,0.12480932472443083,0.13157392829346812,0.16055849835693867,0.14768903768018424,0.13520104785520923,0.1577389619816263,0.16723909117530755,0.15188614588962226,0.1570606672703351
UKGS5,0.20917027400369317,0.2210152682770156,0.259595429878503,0.14261393366224034,0.25548722928281253,0.12900019951298272,0.131733863434562,0.12644380662523785,0.13135930121409858,0.1309554329562734,0.14996594734026714,0.19600615865473983,0.174028184500119,0.15878200800920078,0.14164467293486946,0.1376350696033682,0.12892389188498007,0.13702926241480562
UKGS6,0.1409730402099417,0.1431885845056164,0.1258622737148592,0.13560772104115315,0.1414992662070911,0.1408227939804933,0.14316374755994757,0.14772123720341732,0.1413237238890111,0.13849287850533254,0.1387558567083372,0.15020551197704252,0.15733134296328735,0.15339124286115371,0.1675551330110343,0.17689799285036492,0.1746743292698902,0.18060258824677525
UKGS7,0.18010789659271215,0.1848809232430103,0.16502491120867402,0.17239943387306786,0.18554512646371277,0.1873187168161471,0.19044973511163937,0.19041319989482008,0.18116717020409892,0.17659435503273546,0.17765711417907726,0.18702514705206846,0.1880716686712651,0.17280870906640472,0.1965949491704741,0.22477554365326335,0.21583515243369955,0.22557357815786608
UKGS8,0.2941618454993252,0.3799510266135896,0.26910186480011367,0.2756879298952407,0.3211064485281403,0.35271021558528504,0.2915855652359976,0.25180155816942884,0.23888526532642973,0.24171508145103313,0.2785610112629843,0.3507114644138993,0.3731679610774137,0.3585067866040824,0.36493844154141764,0.392323401926012,0.2963721886774779,0.29196134720682015
UKGS9,0.2623346509536952,0.2794410486157085,0.24263548790494543,0.23713974236480098,0.27374756002971334,0.2800157039674754,0.2283937056219585,0.21838553995049143,0.21449684038373576,0.21648923674932036,0.23415171587852002,0.2956369331048441,0.2816001299779904,0.2572170263379543,0.26933995731229254,0.27756697588671375,0.25945991877254515,0.2589501834685712
UKGS10,0.1803104324609296,0.18455270524782807,0.16745810609348177,0.17903449111361322,0.19406511868685586,0.18855086150013717,0.187640874141157,0.18901546419430432,0.17936378460215513,0.1773755643833743,0.18807636097058306,0.21017542179315601,0.22424121925205528,0.21033723690378417,0.2508880305167345,0.2673979623873214,0.24248228979256414,0.24835593157214875
UKGS11,0.16395099068769642,0.17083604963754337,0.15019865291432333,0.1611839311921917,0.17726143553515822,0.18082549355233352,0.18333301398431434,0.18605303101735152,0.17432271474925892,0.17202203723222875,0.17182275636310315,0.18167059236767802,0.1829947805315232,0.16911140406804487,0.19159697092149966,0.2302767013004228,0.2274404951421624,0.23405083674175237
UKGS12,0.20270519011193713,0.2230860802936069,0.1808983772166833,0.20936636754083854,0.2499030375234445,0.24554042095597595,0.24163965709310622,0.237691004511594,0.23389228508157311,0.23386279096307966,0.23824651168881278,0.280288032087817,0.28881530010723727,0.26301213444461075,0.27107418696854874,0.2980551175129485,0.2706958180848883,0.28047920933325365
UKGS13,0.19245888394536995,0.20192729423769826,0.17884180036581362,0.19938340589514317,0.22280100891805765,0.22265765024132772,0.21286105078563147,0.20310070686343432,0.20693118415079115,0.20447215056246404,0.20776100071233986,0.2369523340377516,0.21711299447485574,0.195112950141739,0.21381414451678177,0.22484129271144482,0.24148463065080644,0.2565790730333047
UKGS14,0.2453032868554756,0.29643397463810456,0.21335286320504207,0.2867999727484187,0.3094056534676593,0.28089675141037657,0.2511457574721555,0.24596307291985697,0.23723265225678636,0.24184093376829968,0.2533429944833571,0.31599205848548845,0.2781691712802841,0.23281747957057553,0.2320336550740804,0.2480929268870732,0.2417904756980283,0.25065350867598446
UKGS15,0.24273080176969442,0.2530178067392441,0.2436417629256614,0.2903954366432023,0.3266065223208482,0.3187271177313471,0.3027995221708418,0.2966687904082281,0.31389473761774106,0.3190412773887376,0.3194795033315507,0.4158484251529299,0.39787392404741406,0.3694652671383026,0.39884267070438656,0.4585205224976889,0.3715345581268985,0.39149294264050105
UKGS16,0.16136140304696212,0.18365244500260372,0.16247641907443852,0.15123804138841454,0.1566187802084828,0.1517567968427661,0.14613332662750908,0.15071444373662196,0.133441657202262,0.1333741904839429,0.13639563198924395,0.19359236707472685,0.1850064745708433,0.16716081144957265,0.1707365574529241,0.17272254936458145,0.1702888741263458,0.1771592377068001
UKGS17,0.16670784912610198,0.1825180258496647,0.1622906854388829,0.17734749911332437,0.2037691335215432,0.22179844030191206,0.2194704990458852,0.20320461243669935,0.19892295045608702,0.1941126705584589,0.19310844578977274,0.20346779576002325,0.19416699457841777,0.18981624784808362,0.21896888318625407,0.32501751507011495,0.2883103347486561,0.3086791079950101
UKGS18,0.1863773858615785,0.19134888577167328,0.17244838208193272,0.18319505812863054,0.19993742979929474,0.20375505523014928,0.20864478017335922,0.21031434703978605,0.19938035016233072,0.194208171374322,0.20168025551363788,0.2169944879694891,0.22424101411985314,0.20149579999938308,0.2301847444408452,0.2689938855692145,0.269078448277369,0.2826124979137904
UKGS19,0.17026539377924535,0.17350659993336778,0.15846363335085964,0.16999079463314062,0.18398169805381842,0.1870864996296998,0.19246308167965415,0.19517657002852482,0.18791895000899606,0.18452138610286417,0.18646802784162309,0.19396641359557312,0.1956780359162101,0.17779082766535764,0.21058083639914923,0.24033125020503482,0.239172156732925,0.2517326771587296
UKGS20,0.17683550132314388,0.18084190297219818,0.1653541574280456,0.17732899838486002,0.1897892722465823,0.19366105411947998,0.19911842068333377,0.19573398444453027,0.19063119686650956,0.18722795512781876,0.1912811003295062,0.2116030402127436,0.21160207697868563,0.19153183049932726,0.2133052842589137,0.25392365349286344,0.2449020137712163,0.2553738829256345
UKGS21,0.1788960113315757,0.18355540916351717,0.16232284732138796,0.1606436786493832,0.17094223459057775,0.17509750659090442,0.17798696400963415,0.17652290835416679,0.17368006928147142,0.17296384542456636,0.17398522783744225,0.1844874875343433,0.18548591081958926,0.17009560217103678,0.19220418648951487,0.2225383050047325,0.22110666954831165,0.22959300929183757
UKGS22,0.16512188169909325,0.17077292966057708,0.15784902461376193,0.1680053414388328,0.18160178818450992,0.18648156469237606,0.1907168970734144,0.19229950271750065,0.18330337255673823,0.1796706732539274,0.18007040307907232,0.18996621177601722,0.19208802268299385,0.1654271302655436,0.1922733802835356,0.24005695825227086,0.22924302723730913,0.24036897190810333
UKGS23,0.1754718047616013,0.17975536681318655,0.16135087820418215,0.1696890233196457,0.18060350561836586,0.18443926537915137,0.1895087062376182,0.19176349312854973,0.18360951782043555,0.17842659663199767,0.1823693296453903,0.1929643633437872,0.19432303698371312,0.17920705916959104,0.20465420437487852,0.2430634751595393,0.2370373573031667,0.25221240273392015
UKGS24,0.19305137701510114,0.18935802311539748,0.17753439424003106,0.1613877944587505,0.17128863852357354,0.17316143330510658,0.16501600476687098,0.1617941962689492,0.1591993194003934,0.1561070428023849,0.1618154255140049,0.1741999917646818,0.17640803021993046,0.14961773033572398,0.16605640758894832,0.18230218201343082,0.173083053630251,0.1838816598022465
UKGS25,0.1832926693442696,0.19130365201290794,0.17900979112561977,0.17973238417315773,0.18940270493387634,0.19688642792508704,0.19166069185072512,0.19120989088328758,0.18277923624373002,0.1823100979093531,0.1923947099003184,0.21621306343548866,0.23796702643483358,0.18511314298333906,0.20118206281134868,0.2606990681152404,0.24573875177306503,0.2504056198288103
UKGS26,0.17015143767537638,0.17500524647190485,0.15615892604199663,0.1636439566611307,0.1745397948488672,0.17685162982817296,0.18236185365133972,0.18654345799976044,0.17712685897047742,0.17072911013679598,0.17437486111376158,0.2006591274325963,0.1972661759767498,0.17632231693410602,0.20626280661933388,0.23879303893409307,0.2408265771437414,0.25668949008621106
UKGS27,0.19404834189140474,0.20118995329590558,0.179511308659428,0.19421064127911952,0.21448115347214022,0.21829014361844865,0.22682342753523627,0.22594148497635008,0.20963888576265632,0.2030301176074574,0.21683429402876148,0.223256715102792,0.23051596986343414,0.2115807261639861,0.24643963311736763,0.2753978259436432,0.26925741778988554,0.2871988658412491
UKGS28,0.2123428179805191,0.22065409392499355,0.1973269932325738,0.2107125514310324,0.23466897279952456,0.24087707546816842,0.2512296507804573,0.2479109007139041,0.22893168674552475,0.22256957670039065,0.24878857608966,0.25998454137935884,0.27724195709482274,0.2489386161783845,0.28676495782526973,0.33203881256110673,0.3144179411477694,0.33921881845792545
UKGS29,0.18505863401228803,0.18917432810575205,0.1715303712024942,0.1805567351048401,0.19750120855245581,0.20155499233654264,0.20700582784036015,0.2073871925798067,0.1975574242583368,0.19173766868075287,0.19691409023903195,0.20883718559128203,0.21387002692060447,0.19845567454195354,0.22423372065837494,0.2602930095960512,0.25392836125226526,0.268458883129311
UKGS30,0.20966101027171768,0.217097010467016,0.1943540611732529,0.20792067483282173,0.2309963362219156,0.2365034730225695,0.24605987236135407,0.24372934149269201,0.22646757709082987,0.22003836575780514,0.24011301734489954,0.2506749812550416,0.26368635637811155,0.2370922011480047,0.2755704883536179,0.321312308666464,0.30926245514954764,0.3309570395543852
UKGS31,0.192411461565318,0.19957239963535683,0.17758300117978426,0.18926705473376232,0.20309817214819226,0.20689388175218135,0.21277136585704612,0.2147416997367603,0.19699104253149366,0.1922058985335738,0.1977779050234725,0.21529061510724629,0.2210752813277827,0.2051754858355096,0.24293828607217163,0.268295961780012,0.2681488855415991,0.2863127612449697
UKGS32,0.1760230526703467,0.1825158067691867,0.16523278594582239,0.1749336200696026,0.18796098122398883,0.19056508043586928,0.19659468384951498,0.19742939644725238,0.1840276541143452,0.1778964319957177,0.18255575819522366,0.20262805518133065,0.2084754216318224,0.19231711301477325,0.22667855992133149,0.25279204976963293,0.2568495366424304,0.27467143877523204
UKGS33,0.15311855673227837,0.1608379007914474,0.1530703656699631,0.16530788511873662,0.17303868167758557,0.1774732892080718,0.18486529524687603,0.18503797889695825,0.15706278945081265,0.15803890328858103,0.15887975172926883,0.17196038279560022,0.17210243283159646,0.16643863405139597,0.20107509212360172,0.21024197290413743,0.21107270061364047,0.22154136137032973
UKGS34,0.1835742317020325,0.18874582849703309,0.17086572673935693,0.17991689132925598,0.1947398812370307,0.19946408782774033,0.2053390035845027,0.20647322241846816,0.19949928379358728,0.19462911303616823,0.20380699586612064,0.20887090719749074,0.2152435762069408,0.19457305970154726,0.227182936684969,0.26292974296651833,0.2616408060852428,0.2763120403391158
UKGS35,,,,,,,,,,,,,,,,,,
GRCS1,0.11294061922744397,0.1163254445002048,0.11292813496350498,0.10952240621712421,0.11283932247838309,0.10869054424585108,0.10796806174585198,0.11449655819313147,0.10743911336235534,0.0918510115008152,0.10212498372307972,0.12753525738119567,0.12612547477766484,0.1313811087259019,0.14876143700648423,0.16940655840299979,0.1551157546158659,0.1613642207587286
GRCS2,0.09706573408891919,0.09764156316827423,0.10169930758108367,0.11395858834067779,0.12975484916470126,0.12738203138749174,0.10190972937463574,0.10225756571945084,0.09682163037881629,0.1044144659250889,0.12130131538546744,0.13428181083849527,0.12548331885054273,0.10894684017441712,0.139354433698529,0.1518625433632534,0.13029257981754575,0.1329086843998437
GRCS3,0.11588895055139804,0.11613835729332031,0.11725861623524557,0.11672345610755996,0.11824492622148373,0.115664333783186,0.11554602945281701,0.1152802992613548,0.0984582075061101,0.10243804563687926,0.10806613145060269,0.1191170343968387,0.11070781325504434,0.11958846235468001,0.12639136567895626,0.1381447169404343,0.12796816245449127,0.1281402118165041
GRCS4,0.12950534311104378,0.12223150520698839,0.09750312125843617,0.09810460466990582,0.08730142827308823,0.08521195051616415,0.08795902272556257,0.0866450152075213,0.08274324371584929,0.08636590418165488,0.08694522044520629,0.1226260655758223,0.1257041330933636,0.13016125316042773,0.1813914208721782,0.19876003512883794,0.20901695738556925,0.18511674113839113
GRCS5,0.10044259254266431,0.08735538810020316,0.08632053763436622,0.0856823439522208,0.0814153713506132,0.08065929177873248,0.08189091836446706,0.08334748667116947,0.08616565110612526,0.08475048137455217,0.0868573581374506,0.09615934034958563,0.09760368777178563,0.09219218646715725,0.11453270906352578,0.1402423971893903,0.14644313671148274,0.11782827199673956
GRCS6,0.09897014646574093,0.09917809928465188,0.09872886423033571,0.09113829449537404,0.09231389910826922,0.08966990646011437,0.0888296047218503,0.08799731258413808,0.0842180703030021,0.09527381066573208,0.10405639179000215,0.11425564823953169,0.11818852836495411,0.11590005492662872,0.14045660941666352,0.1539694067834858,0.13129469771348945,0.13023232893389308
GRCS7,0.09970859414769542,0.09740974115850398,0.09849317237495386,0.09648082154234941,0.09603304602589008,0.09240425608512998,0.09409689682320695,0.09331640666847768,0.09501746491801603,0.1049784049713864,0.1004944942854135,0.09658996119585615,0.0981453808521472,0.10321021764392978,0.11368636374430584,0.12149521467807184,0.10998596653593447,0.1093207657456969
GRCS8,0.3613250020261943,0.3263361730722228,0.3118854357571335,0.33392005777112443,0.45084283827832256,0.4457271199930653,0.4349637103438527,0.45289409952174475,0.42012542609824916,0.3177619484220692,0.3916875152974573,0.4736323014388339,0.4601602858067783,0.441751830901492,0.5295475467756413,0.577818277477243,0.5618474679545507,0.5590903442422075
GRCS9,0.12071512772584347,0.1240626254749167,0.10910096032827801,0.10807984375603166,0.11499194368874613,0.10598619912319023,0.1091551157716651,0.11526329651442765,0.10796746010010791,0.11642959261840236,0.1860762787340307,0.25122148601554073,0.25862131378398573,0.2616270491490642,0.30247564383020753,0.30747259052039405,0.2937566123965523,0.2929459364262726
GRCS10,0.10712343553062298,0.11172405635676742,0.10030347776485961,0.10474841898451136,0.10711334360880743,0.1039150835603157,0.10568456153926178,0.1087552009263548,0.10179219472328366,0.12266978290076705,0.16354778114973423,0.19792925260798253,0.210574028625187,0.19906304226922134,0.24721184387340553,0.25401977390394515,0.2440512337897082,0.24372426226948887
GRCS11,0.12000167539780736,0.1222715003335811,0.11915131711385045,0.11491076673031854,0.11240593749422821,0.10783648025987078,0.10867947915806042,0.1105958423109531,0.10732981450489915,0.10514394166217973,0.11755414864080965,0.13275123581116832,0.13770145877178647,0.130496693143993,0.16207188570383477,0.1589423025158376,0.15169236534024272,0.14730186096838896
GRCS12,0.13884916643125447,0.14405349661832056,0.1329930459130749,0.13383399517244876,0.14198323242039806,0.13552319840351032,0.13978325209268408,0.14564605547919549,0.15426271226574823,0.12973783168106232,0.19615483713496504,0.25460793080458594,0.276906377740711,0.29030626546840443,0.3358426360374815,0.39600453989479956,0.36135805265530285,0.3638247558089645
GRCS13,0.10204447647178172,0.10562540898868288,0.09997872510782214,0.09947467762954317,0.10135088245614017,0.1003720107625725,0.10234280478528338,0.10273481885022281,0.10135483837960439,0.09998757948757954,0.10703789060640297,0.11341275931756663,0.10603501975715807,0.10511994744228709,0.12883135881378044,0.1362491081959874,0.1201377590965178,0.11713203157774055
GRCS14,0.11670613564700211,0.1142818739915548,0.09681936546457863,0.10237663114957667,0.10703854962570797,0.10866062341991145,0.10705765959209208,0.10680551157718327,0.11042192054347194,0.1087983847569578,0.1391411556574029,0.17636032614185987,0.18716644162411247,0.1798456831476528,0.2485174762837495,0.26648206769249544,0.23245536936430353,0.24049389639882615
GRCS15,0.1015432469270154,0.10303531658468354,0.09884098341234444,0.09856557461496371,0.10601279252314164,0.09525805364844765,0.100440909374454,0.09628077273668792,0.09388507602503585,0.09334025541718743,0.10320019995309918,0.14324694731187992,0.1635093576447755,0.15027573992014226,0.167592542831649,0.2005990989980221,0.18148023858992118,0.1820026457702615
GRCS16,0.09280628603369957,0.09391257856906982,0.0930227684482259,0.09038042763291476,0.08926338057211225,0.08777980436659082,0.08941443046037308,0.08957555320273886,0.08702236817909201,0.09683021712490107,0.09215287496797948,0.0932648904860734,0.09993757792139228,0.10666114312589085,0.12008260821022257,0.1190981268759616,0.10497745815855718,0.10242247704445727
GRCS17,0.10634087006898865,0.10892441946405594,0.1058990628943826,0.10228318442787819,0.10148352804616814,0.0971929394623105,0.09438925343968509,0.09769319484408344,0.08883417314577563,0.09064913342704754,0.10133753920774992,0.11351781111047743,0.11372885598210486,0.1189131127051701,0.15724555801340745,0.17316706183369596,0.15974380047593648,0.16541393524593503
GRCS18,0.13326303971605508,0.1343834101028395,0.1313466855689393,0.12463101886085749,0.12552257581187162,0.12237406323835141,0.12313023880015744,0.12245192838924215,0.12132758345777475,0.11520267315184536,0.11992070813897669,0.1188939892963267,0.1226812501815578,0.11790848458980548,0.14328569600993132,0.17353597399368528,0.1442257458118097,0.14969506624103893
GRCS19,0.11176342123282469,0.11213317909538066,0.11099470460716238,0.1045481366737003,0.10204842682736989,0.10001517132392909,0.10130292938590964,0.10167474073204692,0.10060904258070942,0.0941602986373338,0.09778331483104478,0.1000216601193354,0.09807294460136284,0.09507571915898312,0.09560942250316562,0.09309107194704407,0.09302519633178331,0.09187115768891756
GRCS20,0.128644834064327,0.13250945591171132,0.12791998257913073,0.1270202518832742,0.1277990314799544,0.1222935772301892,0.12157568635504455,0.12142307554537167,0.1255340336141401,0.1251868533633496,0.12277906261653974,0.12521723627667558,0.12279943684438817,0.11988493778084666,0.12758481119932583,0.13601431851774123,0.13963692368124023,0.13819266343507602
GRCS21,0.12553141060023307,0.12463092097045747,0.12564748219732141,0.11956083839323184,0.1216567963356147,0.12197413063416235,0.12168031652159932,0.12068880447427872,0.14323199463103503,0.12770738204106952,0.13785052155560923,0.159929847791489,0.162104354828303,0.14145811590157917,0.14292017956739664,0.1452202755483652,0.13181896463237314,0.1333827698745614
GRCS22,0.1161075284330099,0.115431843803067,0.11598448456178363,0.11450473221273232,0.11504628276798119,0.11340946561236748,0.11740503456654657,0.1154748667752231,0.10944564967298956,0.10796338828744849,0.11301282399929785,0.11138753835032389,0.10752985437816663,0.1047303200928268,0.10818819053760412,0.12047911804672862,0.11738788853098972,0.11955855422539388
GRCS23,0.11685686409639398,0.11859534080878996,0.11834001643209557,0.11502652285895472,0.1114419107065545,0.10695504132972435,0.10878613496576564,0.10950753609658224,0.10103524140445624,0.10757880131630806,0.11176862560149389,0.1181444905137551,0.11418553110651744,0.11862895713045173,0.12922501731012478,0.13471329150283884,0.12572310789150495,0.12571136101487504
GRCS24,0.3089628435134004,0.3136037688143176,0.26284144452999814,0.26806149860851397,0.27643436044532266,0.26254248023334004,0.2649531396807232,0.2764365781224481,0.28597000377632475,0.37319922038811243,0.4237863963484234,0.5161426961109984,0.4986676553888108,0.5050872138194046,0.5330941543815416,0.5373335109749612,0.5272528510388287,0.5350684228097529
GRCS25,0.1614308635432681,0.16655139982389183,0.13709799858009383,0.1414140057172864,0.13815930845506663,0.12972779821907524,0.13711668151607023,0.1410456331993587,0.1538242995771735,0.10546144716830368,0.1520176642592238,0.18155593777385698,0.16984616447702613,0.14297190645689295,0.18052954650884934,0.1752940569705982,0.14672857496783498,0.14752262323489643
GRCS26,0.1019416671312303,0.09921801984552983,0.10448747094939197,0.10373543548423812,0.10270245558019514,0.10124489666572961,0.10223366042672674,0.10160031943368066,0.09884564868368668,0.10353927200992051,0.10379063485441575,0.11605422437498128,0.1107203026062003,0.10347129588513322,0.11177486150806283,0.13175811442694788,0.11945844888607836,0.11966397593321308
GRCS27,0.11422014484495704,0.11385189091724535,0.1144277363693238,0.11207782055607067,0.11037392436288727,0.10591789660658617,0.10641114449091557,0.10466067075543346,0.10233865926583219,0.10877808491771745,0.10945903666608046,0.10302339168020125,0.09969052088093916,0.10111911921246482,0.1037635474941872,0.0978688484898839,0.10083427696997702,0.0985614706092958
GRCS28,0.11328810644061849,0.11429547401258411,0.1155006807227544,0.11458350046975757,0.11389661937567852,0.10957659097994114,0.11066961489786716,0.10807428407198634,0.10083204364548452,0.10405461695456619,0.10400230470562614,0.10623577646446727,0.10269513703126008,0.1035017534822545,0.1005472353384328,0.1027215385009556,0.11103795907087563,0.11069538358190222
GRCS29,0.12264126145957287,0.12544259389425874,0.12290108711916349,0.11843750455090434,0.1203975510227572,0.11729183037461453,0.11738473329723674,0.11556380439668248,0.11114913976338257,0.11353836022803811,0.11548540396392039,0.10843290314262033,0.10583715629953282,0.10220945557084753,0.10601103335467886,0.10891887663614301,0.11249254361322387,0.10771155385595998
GRCS30,0.1268862430563183,0.129064082859414,0.12758156478231383,0.1230707691269916,0.12164492857509653,0.11944622630458497,0.12029815282717923,0.11902962222062373,0.11675474911779327,0.11484648612479374,0.11765098631195793,0.11350348637772166,0.11468331119062547,0.11051605567140114,0.11357915593311775,0.1128329480022582,0.11933224985595771,0.11931678653077911
GRCS31,0.10850990666699648,0.10675719507836004,0.10641049982887293,0.10499460977591844,0.1049317944665303,0.10329629258196014,0.10345698229763887,0.1008212970545915,0.10104249431266533,0.10334365802434185,0.09877174785338547,0.11055141946196002,0.10939347156592828,0.103364626309726,0.11947534966760358,0.12512016873503512,0.11192602892691252,0.11174758081613413
GRCS32,0.09872776513584394,0.09809432710419656,0.09897738706117105,0.0978632022912081,0.09545451700983257,0.09553206963209487,0.09732598482311715,0.09751884640499116,0.09255499886923611,0.09490334010805246,0.09663003373172319,0.10288158499032109,0.10056680976037953,0.0945230468837021,0.1004801016085373,0.09929950034150896,0.09880552568488649,0.0976677524602299
GRCS33,0.10894105211473254,0.11043203452015232,0.1092928613751997,0.10726251990140791,0.10404284008043263,0.10756077536659626,0.1090188359333226,0.10754911562946858,0.10203119861378798,0.10762714045916583,0.11043118491775511,0.12052323814835932,0.12307048448511848,0.1265672901938631,0.1357635601043685,0.14478043099266083,0.12247828460993096,0.1251609770720593
GRCS34,0.10996261172444045,0.11162693618960734,0.11197703767436346,0.10999010209192749,0.10954496368092222,0.10526215558506076,0.1085553443540515,0.10686911642841175,0.09788175491360222,0.09653326173389641,0.10278438036948388,0.10277088350771092,0.09894257529633875,0.09122724049341317,0.09248539366186435,0.09597180252159429,0.09959937061329906,0.10232705419774182
GRCS35,,,,,,,,,,,,,,,,,,
HRVS1,0.10831868933647588,0.1069648096178876,0.10171988314774812,0.09385938410192891,0.09328483826121596,0.09088593833887017,0.09601912315384303,0.10186328971666284,0.10240562121207826,0.10130177655072119,0.11132589175476638,0.11857166856419038,0.12482207789101454,0.12917660205125567,0.16619281880657225,0.21965713306769527,0.15676524071988193,0.16329438040031824
HRVS2,0.2406664285284655,0.24471916272573208,0.2136621041503047,0.2352776092095912,0.24064307799497925,0.2356692886897907,0.2618247917513018,0.2594019080591309,0.2806715685860945,0.27822844760552656,0.3135981407512409,0.3672588133040566,0.4037554145104238,0.37281410967846845,0.15702480712014744,0.16536459991115568,0.15621441208833764,0.1604772855983841
HRVS3,0.13430031269973458,0.13794194501796037,0.12474233144362953,0.12358559952976067,0.1282098271797722,0.12677722851244427,0.12851911992286374,0.13401941131542816,0.13690859188633506,0.1334735517685807,0.14519454939047632,0.13808683896505236,0.17360451390564952,0.1634711672540894,0.18601721268498356,0.2556633346468636,0.1875110225074973,0.1881827658279532
HRVS4,0.14366693556551133,0.1454490248238713,0.13135361640755144,0.13513981883017534,0.1250738826323189,0.1319644345294396,0.14248804517629052,0.15995296815930288,0.17090138815859146,0.16628888934136227,0.18730685264316532,0.18400085328067553,0.1829428336331944,0.1658458650106122,0.2581116785744928,0.3036455393264897,0.31258301441113073,0.3031887912350986
HRVS5,0.2549695710980524,0.26283314978977784,0.16594906276139443,0.17076167927152122,0.22786615897500034,0.23960813746896714,0.25289154652560414,0.2832004412021708,0.29816058328707845,0.29616448089791597,0.32270016333198714,0.37493971202996185,0.3754699432207942,0.3909428491474579,0.4020975873155284,0.4165914277973353,0.4156612530939286,0.40878644068938147
HRVS6,0.2512598570907778,0.2520131024232752,0.22378342048985625,0.2304992838403615,0.24840196423374902,0.25008451287109995,0.2593206940254972,0.2727409786001136,0.28846899753819344,0.28636735565459254,0.31893646362453454,0.33478453862320323,0.3478690203917732,0.3470173988451175,0.35444602410201487,0.40794746527505615,0.40871692986366026,0.4088998348683469
HRVS7,0.14888689208617098,0.14631542712209492,0.1322061256520149,0.13766447488148637,0.13869706227265285,0.14344525952028814,0.14433666685538782,0.15493378187412202,0.16439869063185344,0.16250148926857497,0.1840443030964347,0.21436482009868446,0.20923681622538517,0.181555033433443,0.2098536098352777,0.26212105129808855,0.256777443695255,0.2630556939540075
HRVS8,0.2570076615181569,0.25200263785754234,0.21581832492053096,0.24233221032219415,0.2536555663636074,0.24707093063434246,0.272800702550679,0.26988446653947007,0.2893488468317266,0.29133698663879853,0.24559002152352827,0.3380053086926786,0.3953694995356891,0.3348530980556225,0.3631743459057786,0.40822877682381437,0.36445478274497306,0.37103789059877706
HRVS9,0.2521860397555601,0.3124579678278008,0.26870648256714297,0.2834660661836472,0.29333268868003487,0.28622217094117514,0.27488121637915414,0.28281033529218047,0.3035218355891159,0.2994605216028548,0.33860269142780963,0.35237720757847024,0.3647381542176114,0.36335107053024107,0.3773186025500032,0.3881861323246901,0.38140592447938115,0.3804397666776574
HRVS10,0.20488256557592663,0.22728532117864797,0.20794341912047798,0.2156518221491528,0.23244608487392382,0.24040931460145648,0.27286688236749534,0.32444407733630803,0.34440892621280406,0.3412622564067369,0.38191263521203983,0.3838244480232853,0.4322375934041185,0.43684359007019896,0.3940482822121549,0.40354014593743903,0.406314756119246,0.4054030613263719
HRVS11,0.139289874722679,0.1417589360657134,0.12734998396515984,0.13611360963234925,0.15248513945942951,0.1530259109066691,0.17283574426639983,0.18576143244391974,0.1993040866574637,0.1994164878716731,0.2256010014098881,0.22701907289435844,0.27189843551300685,0.2611956869738944,0.30432285390424635,0.34628545850143244,0.300338385402901,0.3022423733831067
HRVS12,0.18899912685931294,0.19219188543279045,0.16959030735455657,0.18772957710936275,0.21493407587557864,0.22862987802696846,0.25987826880088355,0.26618663235690915,0.2847274956915861,0.28230538144049594,0.32090857371086506,0.3303039565546811,0.3453839192499118,0.33388173820892775,0.34024831948858053,0.38238100760772975,0.3036937378518868,0.30455213463931813
HRVS13,0.1305081857512032,0.13485479948884713,0.1121595957256314,0.11614411614568106,0.13345521992911222,0.13414937858937862,0.13663090665165492,0.14627059044900548,0.15607005089646533,0.15496702011945976,0.17115040044029392,0.162207842806432,0.17382318410369565,0.16640571665761103,0.20023931025110292,0.2069616703231344,0.17538051161256593,0.17309525520969263
HRVS14,0.2278423977402148,0.23272724164665712,0.18854476938315098,0.2023026934945994,0.2227001408660244,0.2320100126249374,0.23880349954051766,0.24383110273983016,0.26312433099123617,0.260124706899782,0.295715683432421,0.30441257647630426,0.3147518751048849,0.30793361385500134,0.35280972310535,0.34783499985165967,0.3373188492072164,0.33052147465200304
HRVS15,0.21697215306822681,0.23566315881977798,0.17797752679619358,0.19380277083896438,0.23127503093649585,0.235201854035758,0.2479357488833209,0.24928475177593662,0.26301796448564335,0.26311699845066316,0.2969615863900541,0.29385498970042817,0.3462628176898537,0.323857039772581,0.195871313441618,0.2751322986611493,0.2818706795127337,0.242061542607666
HRVS16,0.24816432985647321,0.2430091874436565,0.20278863486567425,0.23256769670827376,0.24593841231306646,0.26295832625783844,0.2873992047553662,0.28682836797306116,0.31689520896236084,0.31082603706750156,0.3536512073391601,0.35293518342225505,0.37082811477178346,0.36071621624695543,0.3348654650248718,0.34819747285846053,0.3189305520567674,0.2998285158664198
HRVS17,0.11691041028582543,0.12009352430925815,0.10782610313282778,0.1129030083178861,0.11460305316348775,0.1120745712269532,0.11779771765604616,0.11669023803619051,0.11920314122480058,0.12006642971421846,0.13149462106589124,0.13965804561875328,0.1335718657609189,0.12735498346998791,0.1428434390723683,0.16438624868905777,0.14837007183172646,0.14459153826116616
HRVS18,0.11514603121138461,0.11616636399051206,0.11412652126843183,0.1155689437537498,0.11584517624548567,0.11095503718054606,0.11270990303093492,0.11438966483542473,0.11326081313382409,0.10579852623011864,0.11320935673564558,0.11824187931583775,0.11954430518030341,0.11531404054301046,0.11807434476856582,0.150067950935464,0.11977457807903658,0.11686180752220761
HRVS19,0.09544828297349815,0.09393294755459747,0.0923480866900422,0.08991942340877133,0.09086291153936005,0.0905219314023085,0.09065661520020224,0.09199549164930818,0.0923899791598444,0.09270937624239574,0.09943767744009413,0.08985996948074788,0.09610953205681387,0.09369977084274386,0.09277350065950503,0.09686832479803789,0.09645544373332436,0.09340841277708221
HRVS20,0.09912916373066834,0.1001081559488614,0.10063666099014552,0.09475770504847061,0.09565120128213503,0.09238458335732011,0.09176525328914803,0.09453492342186937,0.09348977886605006,0.09333911621866647,0.09824938075556992,0.09320593651783327,0.09746508248815018,0.09526821226010203,0.09249584844627752,0.09563486490730494,0.09737248123766265,0.0962976437768582
HRVS21,0.07887393804471371,0.08234165877882693,0.08397233869908505,0.08145327098420735,0.0795358110769393,0.07262645836585357,0.07592435962248213,0.07895935717213927,0.07923073925312761,0.07982528962910952,0.08406657279478034,0.07509807089729251,0.0720823727728987,0.07303206509950794,0.0752316902906164,0.08226047396925197,0.08111520960460752,0.08359388945382477
HRVS22,0.0996486320957562,0.10157262871794215,0.0997358685125999,0.09580535762793786,0.10027034351658298,0.10045814691048097,0.09916896600307613,0.10028541570060635,0.10139065970794901,0.10112824025278606,0.10615587185197281,0.1068430769971636,0.1100804359431034,0.10620914810485023,0.11483451775510067,0.1296824007691079,0.1209761512548047,0.11512734265998868
HRVS23,0.1240525093545048,0.1234097775475375,0.1095693083403731,0.11093579650088421,0.113920415489026,0.11670036971853726,0.11634577811791712,0.12225133579788348,0.12974236057164265,0.12841718678992867,0.1456192603697821,0.1321799370020809,0.14384617875110237,0.12132448092650858,0.1422230082028749,0.14887003155855458,0.14580909780237614,0.1449945748251218
HRVS24,0.22868182895438235,0.23106645330999734,0.20352947538211236,0.2150298515837013,0.22109445114344284,0.21469977523313444,0.23637275687557208,0.25368737986269563,0.2819553939824373,0.2790164351602456,0.32111043150694923,0.3034135276183739,0.30379463964954373,0.2853285193316586,0.37031099018632374,0.3896476422405799,0.3871197511385232,0.3877667282258621
HRVS25,0.12364690080561529,0.12382505422642891,0.10902740373607422,0.11105234175878835,0.11204813153527188,0.11597685111176552,0.11747362556632308,0.12394688150868184,0.13351998382573008,0.13228685533091153,0.14791627413015762,0.13632839630230653,0.1382911373258826,0.10816893853849234,0.14895378818827754,0.13451624651624117,0.13249341149703608,0.13606178904908076
HRVS26,0.11276478534916767,0.11339142720265136,0.10087671466240532,0.10411908540377542,0.10711452050182144,0.10652195838914208,0.10316686599923329,0.10735121731785884,0.11159949657086912,0.11052040724240202,0.12206550806298076,0.13594785123014622,0.127150996347829,0.11405184120758598,0.12673997666241546,0.13813379801794992,0.1307634943113984,0.13011504035999719
HRVS27,0.09267528061836028,0.09094521987154901,0.08613970091886142,0.08482736533929931,0.0848599076609318,0.08415234854996645,0.08481457388215288,0.08495533642960472,0.08410819495004115,0.08440014415625403,0.09008572526872587,0.07787773308391513,0.08481902158036839,0.08635960829800102,0.0780224529719455,0.08630419924002539,0.08249925544747169,0.0794106586998574
HRVS28,0.10805006362532828,0.10870574722116573,0.10815490689884588,0.10430349075777974,0.10532964973029718,0.10361678209195781,0.10511209782615769,0.10564223254875978,0.10681356306231145,0.10395148133475739,0.1101997736640498,0.10370012855539916,0.11204475950538866,0.10598089239817161,0.09600006968254342,0.10187476156887283,0.0985393417757418,0.09604418405663018
HRVS29,0.09509487550428314,0.0989464547124471,0.09517461190865177,0.094264213651654,0.09340854886686055,0.08965397555115968,0.09424418740947407,0.09709933677571068,0.09896711558948364,0.09940481622954803,0.10456569308729732,0.09873298191540954,0.09415780288894891,0.09476832997211423,0.09075993220170704,0.09472180326884957,0.09480160642000289,0.09354176506465581
HRVS30,0.10185506068840877,0.10199775527125042,0.0997966541156627,0.09781692431476505,0.09842192732787078,0.09773909755207318,0.09812494587535815,0.09840625127489062,0.0973728582430432,0.09720918631809759,0.10550905671510015,0.09448836993118478,0.10734568972978353,0.10077202303353,0.10137392238626054,0.13223369037964103,0.11834832221700854,0.11503426200720782
HRVS31,0.11222953792286137,0.10622489183489645,0.10258026645467606,0.099538138046404,0.10077175272474992,0.10238460030977076,0.11129186136041563,0.12041228460715382,0.12101476215790098,0.12052573504170504,0.13420950953499247,0.1376975964337819,0.14493911693213923,0.12075849583376136,0.18109364239218206,0.20086405471534358,0.19399136050140192,0.19492918377411997
HRVS32,0.08645464525908408,0.08600676277089903,0.0845981339771483,0.08212239748829328,0.0826719785230914,0.08145330705301218,0.08136407201066503,0.07744274198414106,0.0786275088694414,0.0794760362216815,0.08372256815910337,0.08010999077320832,0.08881524415859506,0.08416592688529545,0.08424911788875736,0.0912053437653792,0.0852935782954979,0.08357375305913964
HRVS33,0.19265740023144753,0.18708793161829262,0.15502726941450803,0.16221760115259892,0.16344072288727135,0.17239608708645432,0.195038440516631,0.2142608457314189,0.21995578804730712,0.21973181292936822,0.24784611923607547,0.2704495522420935,0.2749808357532313,0.2113050855306489,0.23909362722893668,0.27680712911135985,0.2356787959416712,0.23624206277042653
HRVS34,0.09289930592640847,0.09616263223083667,0.0935707475317378,0.09410704521811415,0.09415160309134735,0.09303275600081025,0.09741269318766115,0.0990924415358185,0.10382471371794899,0.10195091523289526,0.12035564325798549,0.11572488426971828,0.11740183661504473,0.1016651539541036,0.11062929912702311,0.1264619056646398,0.107057052285438,0.1040236078616874
HRVS35,0.08288084392754773,0.08142127838273283,0.07209341234032073,0.071407168159208,0.07092889438372244,0.07067888724484495,0.07153249127729679,0.07660271717630865,0.07938510517796621,0.07985891879368347,0.08127712921833675,,,,,,,
HUNS1,0.11268898247466852,0.11786295741365276,0.1144403607427464,0.11805456250590202,0.12042076645761628,0.1257556725936227,0.11913688623388471,0.11799990786619037,0.11861900178206214,0.11794293310399809,0.1186914356572864,0.12471111170726122,0.11050894248133167,0.10986237201369652,0.11321913567007189,0.11200635115740187,0.12560553330220076,0.12056605114037752
HUNS2,0.31686350176746886,0.1582228591089903,0.15277223747807744,0.11271165902533324,0.11824583498399673,0.15563294243391537,0.22783292092939206,0.19982843810469966,0.21429077038421768,0.20408896172170102,0.21115344435755262,0.18947644826286228,0.16902037444272158,0.17387625388786238,0.16506398245604242,0.1595280661837043,0.18040033934889352,0.16843467809848414
HUNS3,0.11598244049901658,0.11980203929052995,0.11643250727074968,0.11789665346880496,0.1216827778723226,0.1253181029495375,0.1293451765588376,0.12505506047259898,0.12770403843866843,0.12576613092245822,0.12336276087488017,0.12444501338345892,0.14898535919153605,0.17572977153687913,0.17961796010000716,0.1987441532312279,0.20401964266931158,0.18673496448173504
HUNS4,0.4532895859748456,0.4556476816735431,0.4412164783581595,0.3790262697713411,0.43965187371167447,0.4343208184233579,0.446217079617526,0.4483981403992541,0.46289955963746404,0.45332559484512586,0.45652607327959155,0.43652822000180347,0.45728242948765896,0.45582887083379847,0.41949259605848976,0.4242192999998144,0.441403418370928,0.41682799642530666
HUNS5,0.45569300069886076,0.4612135483449811,0.4305726209766962,0.41484365117144617,0.4504570811179158,0.43734675162302794,0.45192903617378294,0.453282252775695,0.4695239582847197,0.4580825046186759,0.4580519251194406,0.43625157114891144,0.4503295160923687,0.4456514618937159,0.3984281536702822,0.39035640589815146,0.4150580733583021,0.37830063536266734
HUNS6,0.1774029595529824,0.18637082243636693,0.18070341381756053,0.19795204056960974,0.21994210238911083,0.23312432243309902,0.2536468348373428,0.25039416086269056,0.2627446726477351,0.2590315781135811,0.28419571564556695,0.2948071085590398,0.22303923690699454,0.19630274457951988,0.20344179152912822,0.21301783453755524,0.22295543807808485,0.20299787349255904
HUNS7,0.12382335651397852,0.13662586051451928,0.142557005808032,0.1505290025674378,0.16051316333394405,0.15023580352910118,0.1542547170889431,0.15016302769071155,0.1595850532628748,0.15251891327053954,0.15154390947027727,0.14111971713728697,0.2193759726775712,0.18832576862973938,0.19162342863181417,0.19699991811608566,0.21277323843851456,0.19617655925019517
HUNS8,0.24803064278846174,0.22947469574710225,0.1950371592461786,0.23142027426360756,0.25463810238582135,0.28292168105191423,0.2944379679582436,0.2867566379851873,0.3070592851735579,0.29066806394996575,0.2863820214087069,0.27301913992952365,0.2718766263994831,0.23482625931312429,0.24036235168375517,0.2704106696332158,0.30522768327344824,0.28147115739379985
HUNS9,0.2422238319666109,0.2707074132502698,0.26332135384367705,0.2922173065280267,0.3074631119349927,0.3126994920175235,0.33342940690268785,0.3231478714398283,0.35986571353379787,0.33772938768603866,0.3481821134365066,0.31873542845212904,0.25484383178392866,0.2041980972815835,0.21425902064864832,0.21500616768324315,0.23828571929336034,0.2224937803388451
HUNS10,0.25862558057718515,0.2878923163534454,0.28883705718271974,0.30837991198862996,0.3463476425847873,0.3509021048912636,0.37086878666486367,0.34964204355290657,0.3825726611321816,0.3624811045291845,0.3665464061827918,0.3489339276598219,0.3410660040441933,0.2966676055944636,0.326990313694034,0.3355723797693714,0.3482987164958196,0.3232539382263788
HUNS11,0.15240944618310243,0.16968929205133437,0.16417200701586285,0.1901784743368818,0.22465782330810544,0.24400599775203688,0.26132843447457654,0.24838990171031777,0.2739923057807156,0.25772798419757503,0.27237150930505405,0.2689230699602222,0.27983247457690186,0.2846164548232053,0.28442248969312184,0.28340807183644945,0.31439412217657425,0.2939541853242972
HUNS12,0.25278902895369687,0.2890328950151041,0.23711677812271603,0.29197740191785726,0.2959425429637677,0.31358441840773815,0.3178117770052524,0.2863210087113871,0.3136498012037551,0.2946618070492681,0.30613931872420513,0.289400292709233,0.34397508227057,0.23817648689730356,0.24002604844729622,0.24177639079166627,0.2780406299868292,0.2530295861171759
HUNS13,0.2728818838444663,0.3261755425989107,0.24288370131145104,0.29523950771841,0.33288331462047055,0.36801013700810525,0.36671810514804276,0.3544493883998345,0.38861318932862887,0.360944262830217,0.36299102087862584,0.3210510263837699,0.30448680896137975,0.2548563917420699,0.2652156617314259,0.25871027368189115,0.2988031443047102,0.2874509347311962
HUNS14,0.4672840013793215,0.47601222929366777,0.46681032398295086,0.5137329533065983,0.5216473380879442,0.5185217247587881,0.5242235218901674,0.5210154406203109,0.5372007973754932,0.5270500165783111,0.544920980725824,0.5288151461267667,0.4408727431024434,0.4091926773753688,0.437231564190456,0.42656676874100924,0.43486056774190834,0.4160520512546346
HUNS15,0.4725766440655208,0.499268281006742,0.42803470842595254,0.4833933813392067,0.5008760393546458,0.5252211146644675,0.5347955393966938,0.538874186492225,0.5552551199601357,0.5469043475751489,0.5662321834391316,0.5533648778635221,0.47969874110081334,0.4701412370214635,0.5096560606748708,0.5180407390759717,0.5171741812057626,0.5018659673287017
HUNS16,0.2338910952659436,0.24716252568812586,0.23312664764828084,0.24157281306194608,0.2733505366312947,0.31040356092932875,0.33374415100582366,0.31527459221303633,0.3502750025375157,0.32144415849095137,0.3178741049445342,0.31223674882782365,0.2648648359682989,0.26117116493746906,0.26769547471182675,0.2340544138431146,0.25970439008339474,0.2250850192240046
HUNS17,0.12841670141892744,0.1306791749383303,0.1126921005036373,0.1164327045626676,0.13161065404718136,0.14150727847145678,0.14784256520477257,0.14893662352182913,0.1559632700054044,0.1507080330212103,0.15302432499335497,0.13339491249771743,0.11547515103864785,0.12002702336662914,0.1249193419613629,0.1312371541440771,0.13979323939986313,0.13422161398854576
HUNS18,0.1268017118940646,0.13490198020478006,0.13128285635072065,0.1295019430276958,0.13262984160773425,0.1337354596052112,0.1406329575526725,0.13016434927659365,0.13546498827756698,0.12982133086467718,0.13585741780939803,0.13095271815765097,0.1145533610114979,0.10823463771586421,0.11402531536235977,0.11585605475876126,0.12245346300219707,0.12025099412727379
HUNS19,0.12169453683561023,0.11974908322487884,0.11703200649319945,0.11818395076701284,0.12355779957100398,0.12979942175499745,0.1325969499653927,0.1318198664676758,0.14020112052975622,0.13368549779734384,0.13997991042739438,0.12527702015801903,0.1301027560733168,0.14328691509258598,0.13789077626495544,0.13467590895648004,0.1425770484621339,0.13875313255185637
HUNS20,0.13807954932938507,0.1350064319826991,0.13311525855212372,0.12668867346645257,0.13820254694790898,0.14190025367383152,0.14623908513410636,0.14504446856361852,0.1536781415972448,0.1448505521090104,0.14313912522861855,0.14326350209949526,0.1521765221632735,0.16930997540790133,0.1844274345935851,0.18781235842480393,0.19251113530962408,0.19075227759759286
HUNS21,0.09687775985354893,0.09830957600100174,0.0978242107857267,0.0944032019829451,0.09819619069345252,0.09462895017526268,0.09866974494358093,0.09840987098510563,0.09899815163499069,0.09727107092031777,0.09786479700580747,0.10163507097125281,0.10015364573851787,0.10351168459195301,0.10826100103419063,0.10895209304734449,0.11445361338637854,0.1132951639539715
HUNS22,0.10327234362935775,0.1055020023979017,0.10526069814370648,0.10446804361617353,0.10395676670070514,0.10310007968376493,0.10445703348942267,0.10163565901924135,0.10165853572031656,0.10135020125745607,0.10099925242401173,0.1043168000512372,0.1035228119608092,0.10712084652492336,0.10374667118153696,0.10494154390047351,0.11705718316862107,0.11850835887839298
HUNS23,0.11956697757794181,0.12252814700854522,0.11756680477601644,0.12495006233573261,0.13525925805986988,0.1429367144396822,0.14840033883476905,0.14422935332156114,0.14774310071548744,0.14602845277534496,0.14864083105234727,0.1402847220156918,0.1727750061312808,0.15907136414980136,0.15618586735206658,0.1529262214473182,0.16299543997324129,0.1568526088596404
HUNS24,0.13936241887572468,0.1405716105271575,0.15156407536327793,0.17864910801943668,0.20565454417585036,0.2613699123066888,0.2900948125611989,0.27982626973456914,0.3044319114880842,0.2886342579154545,0.2916241479755001,0.24042696381454826,0.2217026460744191,0.16937996030309643,0.17565251087103095,0.14352865921320163,0.15083436300269862,0.1507104343639785
HUNS25,0.2363867846811257,0.2590339313174097,0.21040314581856792,0.22595343299601395,0.2588063562031104,0.28756068669497425,0.2913216739123072,0.2581323334583997,0.28358941398197507,0.2682300179007439,0.2730317364015734,0.23468997383104676,0.24389422030660904,0.23039419363637628,0.2865704921437557,0.29177604993510176,0.29373980618214446,0.2833362436445602
HUNS26,0.11430606319243382,0.1099533090817818,0.10805469178638208,0.10793427801014549,0.11786100835152327,0.12550485471257244,0.12860525488199928,0.12221354259018602,0.12839153102004477,0.12507770453379302,0.12640666049187357,0.1219052956144127,0.11149159902474919,0.11220661750355794,0.1329639629113325,0.1246095785420676,0.13187861469152867,0.12860389993997273
HUNS27,0.10562437591820655,0.10523813517236164,0.1064766720339067,0.10299084764683585,0.10320390048656661,0.09895798028741061,0.10216905330299075,0.1008894860202788,0.10299895053007871,0.10088327508283061,0.10259524402285368,0.09707988525014101,0.10996759909441992,0.1111349100299964,0.11497096967476052,0.11309144447909966,0.1209174986491608,0.12088369060107143
HUNS28,0.09594002865834535,0.0969725515625313,0.09918443481687429,0.09320453084838627,0.09258720752871273,0.08336864228859885,0.08231642058506641,0.08177985878069645,0.08055358698625502,0.07914014607697671,0.08217569612317396,0.0844509622653337,0.08557473302758252,0.08858486643044747,0.09539815268111482,0.09860458342459769,0.10036546803233633,0.1038634491819582
HUNS29,0.10595187671193859,0.1079701008977352,0.10794878161480478,0.1056998233993853,0.10495707158670319,0.0959027587973092,0.09426067107681257,0.09283326582480275,0.09132156985681092,0.089737384422513,0.09243517262613875,0.09966925734783512,0.09713137827677033,0.10073540007138392,0.1082030524986533,0.11227859170828784,0.1098737004018787,0.11455989856873289
HUNS30,0.1176767632103061,0.12053285964931726,0.1218250043919026,0.12272717242130536,0.12665930118542498,0.12979916213620157,0.1358765457494124,0.14140202028884805,0.14909409976236146,0.14804724703023847,0.1497252421600282,0.14159501737172583,0.13571958941198037,0.13077695254727456,0.1427600670772645,0.14680353375562727,0.14552363815977587,0.15116259821772018
HUNS31,0.08812485107933324,0.08851633030961557,0.08954612920715473,0.0881138179861251,0.09323716868162088,0.0927945276844628,0.09660484097695886,0.0954709335133882,0.09438164923763931,0.09261302192756067,0.09296771042722375,0.09368634508122944,0.08965601077014289,0.0899031840979642,0.09539048521124716,0.0963003296100028,0.09959232314332918,0.10076049906529146
HUNS32,0.08530467488134537,0.0852446939043821,0.0841720369187269,0.08379213073995936,0.08648884763930485,0.08552219612559775,0.08844727650846908,0.08770005343781509,0.08904375233898792,0.0869673847883192,0.08783343777404264,0.08822406784652854,0.08075052970811271,0.08561185960450447,0.08870163059092567,0.08972488654356643,0.0930662850419492,0.09353043937918808
HUNS33,0.1037964516341927,0.109940392736805,0.10935927617701272,0.1117469505915306,0.11364995061117568,0.11549181464724194,0.11646046003477921,0.11521035880783391,0.1179820253055699,0.11489461692924348,0.11667158732550656,0.11377528491071348,0.10301014882575675,0.10040191038979644,0.10070620395420105,0.10086710828852273,0.10684215041696848,0.1066733822983249
HUNS34,0.10234949424644023,0.10205618859986233,0.10136892098130135,0.10909355062483046,0.12039984510437156,0.10913668361670868,0.11040171136760615,0.11003285974821599,0.11494658522835845,0.10562041887339209,0.10757448708557082,0.10329638031971866,0.10160762490219015,0.1035902368517366,0.11296515727417238,0.11387800060278178,0.11804599894882152,0.12022067675777384
HUNS35,,,,,,,,,,,,,,,,,,
INOS1,0.1304887591339467,0.1424107319707859,0.13734318607842158,0.1516449660291611,0.16475914497256303,0.1644110032864975,0.16973891968981739,0.16698885972554783,0.1692077060913888,0.16664612319937874,0.17099285536401423,0.17834722458457508,0.17561622663127444,0.16868231745249196,0.19997862339593112,0.1917801845342924,0.19475470106208528,0.21334384039429447
INOS2,0.15041085905239032,0.17296682106154096,0.14609079269238812,0.17831071191396414,0.1965473354834379,0.20018557998519254,0.2135906147636133,0.1930294902675753,0.18281035738667836,0.18316617862654133,0.1854777865328535,0.17493052080227556,0.17793588999564242,0.1694545113209385,0.21461271699015266,0.23346018023125278,0.23247238672628734,0.24423549227443367
INOS3,0.13860325083125716,0.15077248240811908,0.14346649768816164,0.1573098840357014,0.17072024990174042,0.17033998743828851,0.1756802611389671,0.17268801303891682,0.1784196458152888,0.16928151249640985,0.17542902092470278,0.1844470463046449,0.17794630095553843,0.17238399991400227,0.2183404032441912,0.21175919103566068,0.20321223850609027,0.2221358336132115
INOS4,0.10932240048282636,0.1640990370414696,0.12196989951340488,0.14687799231073206,0.17890947072745564,0.1744216008044419,0.20431567017462282,0.2418727600862686,0.4300081574918942,0.331415659383388,0.3635789064708253,0.3532949237939779,0.2884208645402613,0.2606004977959468,0.3014619556794094,0.3861355030814496,0.4023977544593806,0.4014158154173467
INOS5,0.10210352422106898,0.18574482964644287,0.12935301297356686,0.1732439061226128,0.17997586166629456,0.2255571345518802,0.1943846417525622,0.21077877127849115,0.5206359054757185,0.5066981954490766,0.5238180122248767,0.5248516127479819,0.4574894378713629,0.4285724778163008,0.4501798928454942,0.5022772102409608,0.5028654168356326,0.5001143568687926
INOS6,0.110096647858516,0.11727221136422937,0.12024256076321876,0.13419798781247771,0.14365875844959403,0.14399406234299167,0.14824817467712226,0.1460562849553698,0.14567068075110132,0.1494206382170458,0.15380828396145757,0.15223472206025904,0.15020028240469388,0.14613179338620425,0.16317685951939537,0.16089404737504107,0.16331734679013524,0.17095415342240347
INOS7,0.11290959719397996,0.11876071411630522,0.11479792477828743,0.12451970458083798,0.13225003389033083,0.13234562778772932,0.1347676856334636,0.13419876271283473,0.1284545244484441,0.13155033971144214,0.136058949056906,0.1328303330160584,0.14023445132314058,0.1317787081892177,0.147441255830315,0.14429760233187358,0.15012551966947602,0.15334215458845318
INOS8,0.13962154531469978,0.1466360571176559,0.13893058767914535,0.15453079877178288,0.16734073145310704,0.16716085116224338,0.17433267156499302,0.1698165008329351,0.16312521059719615,0.18989988316352155,0.1898584428156125,0.16976742641777132,0.16520727702842258,0.15934768221188797,0.1854570052670733,0.18811206088853494,0.19091895175760332,0.20292259796618242
INOS9,0.13515070588117084,0.13991422165991443,0.129108886983025,0.1452628001299129,0.16160374118126697,0.1602318361498255,0.16758117047161872,0.16975730489255703,0.15435920475634357,0.15710822750560433,0.16740015120122032,0.17541505570757981,0.16464191311602872,0.1594458724273212,0.19848401179476954,0.22698054602359985,0.22903842614885972,0.24756587551504544
INOS10,0.1482768052946621,0.15185449433379647,0.1428675895438239,0.15905597148244707,0.1767191648906557,0.18082962889831117,0.18909080401707742,0.19181120385001824,0.17416041914163588,0.173967738905438,0.1843611150020751,0.18621317217662864,0.16340740111127233,0.15795213673186187,0.18228582413954503,0.19189777205898573,0.1866522492442659,0.19627222154241195
INOS11,0.11145004702644122,0.11783311558580192,0.12272546720870081,0.14010285326127264,0.15160865939284224,0.1532894373575539,0.159497141400251,0.15421063412541572,0.14893989274229416,0.15753534841226358,0.15879451650121598,0.1596144441047141,0.15797531855485264,0.1519132755905778,0.17674661898763347,0.1817739192138726,0.18273830999775922,0.19113820015929806
INOS12,0.14769704346477047,0.15979317498852136,0.1423740696423377,0.16209340405262235,0.17698319032936807,0.1750954948476261,0.18036691894636728,0.17795620162337517,0.1649921619939405,0.16478409168102653,0.17676171354247636,0.17745083494812497,0.17745641847620447,0.1759200545468674,0.20261048093616574,0.2202120090932685,0.2181570812961107,0.22669326718399158
INOS13,0.12848230874255767,0.13115221590076992,0.11676190241195461,0.14386212533542417,0.16357012491508674,0.1642311523838966,0.16979716124723002,0.16510568024700242,0.14461308639322218,0.13398923311659364,0.13860236694053477,0.14486725219823104,0.14292385882777373,0.13676127298585433,0.15833876176884087,0.1590150991179358,0.16364151634252488,0.16177457357956246
INOS14,0.13701865722096415,0.17067489983065612,0.1584567062925431,0.1770671367625908,0.1856621409813813,0.18659628802793746,0.19016850331314852,0.19080868182970065,0.15851657420547638,0.1688974213187606,0.18145753423561056,0.20189348339430255,0.18475150854294978,0.17276103242277577,0.20331311648130537,0.22290318466354445,0.1970067888165949,0.2058613094955703
INOS15,0.11198268408114628,0.13410126762111788,0.1138934192191437,0.12598951052295843,0.13268485835057348,0.13666892750246806,0.1392120128800911,0.13972029901953523,0.1353318144786052,0.13876638466974453,0.1457286229619269,0.14516294620376785,0.14365647399570017,0.13849695600048575,0.159992365913248,0.17408568037864064,0.16547915409291203,0.1703769375131236
INOS16,0.10177656371031839,0.10765147839345991,0.1009222718940139,0.1061133132317358,0.11194678659107812,0.11275496741886147,0.11427981210866954,0.12996108987948832,0.11609566916341578,0.11079256453481724,0.12147155719483807,0.12016906441240646,0.11922130859263899,0.11802955271357424,0.12853053240448525,0.14154598596737117,0.1576804501752084,0.1543210240110521
INOS17,0.09644031656408288,0.10505090036493363,0.10539795969698194,0.11646022028928678,0.12677711285802443,0.12791087934044654,0.13023575825265435,0.12797343457936042,0.13079386531291484,0.160048499891816,0.15655573186538171,0.15090204915897473,0.147365586530883,0.13697787707346218,0.18143425154821805,0.2037391922098053,0.19303187410236342,0.19644700717358454
INOS18,0.13121298973024334,0.14563875377417318,0.1463934773291905,0.17388850847776352,0.1881888764052264,0.19527077007439725,0.19983439678105092,0.19726657064991981,0.18903648196264913,0.18222872304293453,0.1849421250046471,0.18212640334657348,0.17964494922527438,0.1716627506693748,0.21094556756320088,0.2231807815891025,0.22622441993188122,0.2480713528352457
INOS19,0.11405811401918242,0.11577003509919057,0.11083664146084998,0.11888118489303724,0.127322954680648,0.12823543284799108,0.13028769657426206,0.1292087466176304,0.13244883042103675,0.16387470324739692,0.13859387744956375,0.14063489941215018,0.14243760848943315,0.13853548944464006,0.15281998470023966,0.15133819675918145,0.15183296384524403,0.15813892822865053
INOS20,0.121776615782855,0.13187986466978052,0.1294287617884525,0.1460071357447362,0.15756936347077982,0.15782270820424268,0.16455409696563814,0.15998869627120932,0.1592821297556182,0.16484542953179665,0.1680631630515385,0.17201409518669092,0.16995483173815112,0.1640526853360932,0.190352350477518,0.19231907129580658,0.196406640324715,0.21110417033030981
INOS21,0.10983090610629218,0.11808625141045052,0.11914007267065657,0.1332015971732978,0.14417619197647308,0.1443247774640411,0.14776908723937288,0.14573412781814618,0.14487477145007258,0.154171919890585,0.15727924762810103,0.1610091037062859,0.16023168839047228,0.15645183680923078,0.17783023456569355,0.17728374187915688,0.18131727851865934,0.19408414425773596
INOS22,0.12152475975715343,0.1266462897254354,0.12843273960028187,0.14122991242179103,0.15004915731560262,0.1524854326014703,0.15608462159058586,0.15579464670259335,0.1533443963852417,0.1661753428384911,0.16954936755842387,0.16874280925908614,0.16660027892212848,0.16290399230573185,0.19766666938021732,0.19095133211485238,0.18607099772599195,0.2000484005229907
INOS23,0.1277398788199404,0.1380754427184602,0.12571401427144435,0.1413072493973526,0.1573286612851689,0.1631446522924709,0.1776285571567326,0.16717365386016977,0.16640243664341245,0.1781623841778036,0.17747006935351992,0.1672418273289438,0.16556959814833225,0.15717234512853565,0.18042072334393078,0.18252309982064596,0.18613000689309347,0.19744309621872674
INOS24,0.10592372208554762,0.1103716459316053,0.10999773129151709,0.11919259827584865,0.1290870003583595,0.12973053574289406,0.13065504761776953,0.13028274493275413,0.12806782921796045,0.13424906088525582,0.13768442626658867,0.13605351791739295,0.13980966824993266,0.13526809902902412,0.1457107116463443,0.1489250754867445,0.15420992296524938,0.1623674311093183
INOS25,0.11186026928534545,0.1275662718560956,0.12764584253483882,0.14482099633448128,0.15730347442843598,0.1570828505137361,0.15446655084452457,0.1531844081082786,0.15629655206442122,0.169178315277921,0.1666893437039286,0.1643183115940931,0.16139041461890874,0.13635857923512582,0.14056277725868502,0.15610785597503324,0.16576929257228337,0.17512104336108583
INOS26,0.09161206873174638,0.08924033434207548,0.09217162264684638,0.10207637928594203,0.10741240016439513,0.1084645092463469,0.11264950283830379,0.11639636331774052,0.12143650871686719,0.1288172025784817,0.1342243899730324,0.14056959194055238,0.14409089521199894,0.14452481380716284,0.15763111340624467,0.15225275129283322,0.1577559476190014,0.17050760163340622
INOS27,0.1015193447837261,0.10515886564484594,0.10801510800132451,0.11457392879095607,0.12159570950653226,0.12254209563559809,0.12255858609766462,0.12208065267256432,0.12290185795950197,0.132244017842011,0.1366431740057268,0.1436684309357859,0.1449139544379419,0.14361905559241478,0.15627586033856986,0.15199015403739827,0.1575589282368883,0.16904809604070198
INOS28,0.11044281758789826,0.11350992531271226,0.11019774780067497,0.1212525910892647,0.13009636119505436,0.1325112055463037,0.1336688493241823,0.13036165739201966,0.12848965567802914,0.13625363379431263,0.14039001149869468,0.1430685189706227,0.14479486661503524,0.14338150306051528,0.15621408955414262,0.15182683559351096,0.15619134617734368,0.16434187091244376
INOS29,0.11116500204382129,0.11375805464349009,0.1161353870726952,0.125421119183758,0.1338112521198851,0.134752041662943,0.13785065993556192,0.13861436409317654,0.13613147713555476,0.13975924419453922,0.14398617669216326,0.14555716663480964,0.14608139618503216,0.14350925452915061,0.1581049292857362,0.1497671197104549,0.15267391669402175,0.16097249573578007
INOS30,0.09823977256303985,0.10672214629525398,0.10664436060506723,0.12228038242322911,0.13252944619999885,0.13399495915336596,0.13558864975050006,0.13193817814449413,0.1302023207669994,0.13977947651302186,0.14382429247886735,0.15016217076656385,0.15243006417142596,0.1507376224903159,0.16887711329400562,0.17169143113679633,0.17294213739031267,0.18410691382506217
INOS31,0.11402109014349884,0.11848072244647068,0.11934744587899221,0.12858981589421006,0.13672921848548167,0.1384656695495358,0.1385821434609508,0.138316670119686,0.13671043031477498,0.1448459031194631,0.14778662443974844,0.148947868115748,0.14948658294689027,0.1474424317916282,0.1615589372044698,0.15396750927857886,0.15503043942739128,0.16694930840348926
INOS32,0.10475796054733601,0.10485820931180134,0.10445814858533746,0.1077005847516256,0.11228705820194933,0.11316889615328393,0.112844559591293,0.11362947858633705,0.11213645498946632,0.11582329467241088,0.12071014167496776,0.12563039320798003,0.12833115217824967,0.12994622369579376,0.13512366585653057,0.13126274035474592,0.12975916765206033,0.1378918816641887
INOS33,0.09001549862967244,0.09550662656440913,0.10143877753067082,0.10848086986937551,0.11382437853906517,0.1152233112102286,0.11572646992552858,0.11628548060860014,0.1147942202798752,0.12028516996764506,0.12456685312476713,0.12939962666280386,0.13038358737084052,0.131162585461462,0.14781710090633413,0.14261001105647084,0.14256247670581834,0.15101848820498
INOS34,0.09234324990975681,0.0902805386530903,0.093300098743248,0.09679101036286525,0.10227279218021204,0.10266534799964583,0.10335974528672921,0.10368992691005,0.10317249057131667,0.10816077195154393,0.11156322677749893,0.1120001881702599,0.11498329064188618,0.1156191145029101,0.11947341410604746,0.11883938414230577,0.12262933816219172,0.12754037546105307
INOS35,,,,,,,,,,,,,,,,,,
INDS1,0.15146962310766435,0.16566491315319642,0.15450860387760945,0.17572226251973094,0.18830158025064794,0.1901051688450917,0.19293287885970603,0.19470144541576384,0.19402932648080284,0.19222333251522045,0.1987315244146923,0.2077820827025085,0.20280636793783577,0.2151237600709593,0.25451888016742685,0.2640623460107905,0.2607072890244311,0.2787112556576734
INDS2,0.14384937046388965,0.15986989728846165,0.1427966617432153,0.16184705308326924,0.1627684345471334,0.16332801351978038,0.16833307709983905,0.16601396459076936,0.17126346369958861,0.17466072377173514,0.17540777320746834,0.2021008329550204,0.1916540823171481,0.2071263599662573,0.26090329319127487,0.2662825225540307,0.2640692973544465,0.27347748482075923
INDS3,0.1625883129487476,0.17780931651370802,0.16530427755996835,0.18871871168867685,0.20506062612764547,0.2056259452691952,0.20680415708084393,0.20810448458170203,0.20843661942184188,0.2016721624752914,0.2056560439031895,0.21367981462287988,0.20572361680022774,0.20266797685225932,0.23546487283268802,0.2531026360004734,0.24408608341187288,0.24835890787211617
INDS4,0.14609258463041644,0.15942549912103693,0.14864408984642574,0.1734496393453657,0.18455237875141056,0.19098753958061268,0.19865020640622985,0.1955163859538599,0.2025839251291291,0.18937102634627337,0.18500944680475975,0.19288407763588658,0.17852451356142085,0.17789442307156444,0.22581221500172366,0.2387014254062387,0.2276534252639224,0.2411667768698195
INDS5,0.10851798652233405,0.11022263757768973,0.11625732317567869,0.12822923103917788,0.12509861556694257,0.12598427377735055,0.12963557712325988,0.13263871766347596,0.1335783883412701,0.12551619137264652,0.13021046137961542,0.12297014291365944,0.11809315538522923,0.11535156970907177,0.12523118994380275,0.1245086906140559,0.12046892071388483,0.12427955892572685
INDS6,0.12503825737641888,0.1363227739655296,0.1300292913895863,0.14618559005882256,0.15545342962890094,0.16531634436175224,0.1658403456341677,0.16612024770044742,0.16117774321056788,0.16062154984645674,0.16544755075830483,0.17578480790796672,0.1656590165590608,0.16403968539571803,0.19332843382975543,0.19786789714952638,0.19481541005998282,0.20331701273292124
INDS7,0.11838897872768424,0.12607904989929863,0.11928104469062124,0.13495655686956828,0.14653891671989036,0.1449967780898265,0.14738786558887798,0.14982264733684617,0.14988680413668734,0.14912659526136646,0.15282109250856443,0.14839376358334616,0.14400163644298394,0.15804388247367185,0.1912950966435937,0.20198563721258966,0.20127996381476818,0.21651839417719287
INDS8,0.24152532457961162,0.2769542742849603,0.23921009996881468,0.2748933385516195,0.298219413445369,0.344173811042435,0.36998748217274663,0.35180640113969114,0.32526092344656726,0.2726573850341947,0.2726450048600054,0.331218876626134,0.3035834899271796,0.28764137031815995,0.3638976033149866,0.3984938188351718,0.36747697416221353,0.39266633761827197
INDS9,0.15696045513530157,0.17288507676650128,0.15757096197783743,0.18152610940866187,0.20000099654457984,0.19948557234722875,0.20830731752213835,0.202217642062873,0.202656146312033,0.19942349422049546,0.20237471651693098,0.21545087663816892,0.2032908412348462,0.20262120128586764,0.27531900513200835,0.296443657296177,0.28835167114591204,0.3100139119866364
INDS10,0.14104499902818937,0.15488210214518655,0.1446558930586671,0.16500235745100789,0.1814448426295634,0.1796000396875943,0.18555893139835444,0.18646484642455835,0.18254869431730636,0.17991159865090584,0.18279224926095178,0.1885865871896603,0.18017835833496013,0.20143681955490192,0.2642871642253775,0.27154851127483914,0.271511946034102,0.2894475131008411
INDS11,0.14524839663470743,0.15982806978297306,0.1473688185090371,0.16907863385179514,0.18684153785429977,0.20043457086105135,0.20313197823068926,0.19557699124177036,0.18378747403854723,0.17620746179125313,0.1797477884973714,0.20006081881771112,0.1920195004791115,0.20338362207762198,0.29023725569914205,0.27713187219119856,0.2628538957045879,0.28274257554975196
INDS12,0.18525508517058598,0.21368826673074523,0.18686520455452463,0.21868439121055055,0.23171164324833493,0.26711191346392776,0.28061214078856317,0.2670058909446169,0.24703028832480672,0.24277798338040127,0.2544877925188949,0.3085470376341881,0.29617401274740884,0.3013533166720713,0.37562662297950056,0.38120116067889465,0.3511000163323822,0.3751303220241027
INDS13,0.15994193884453245,0.17833719090517977,0.16121617569058638,0.18657259889181038,0.20000604823491683,0.2125461960826348,0.21840678654816206,0.21279527076078833,0.2086125187304971,0.20547348243695782,0.21179897013585458,0.22880730090554852,0.21820681420847216,0.22277715810959947,0.28614146604157825,0.3024487271918901,0.2892129404479363,0.30928130398093845
INDS14,0.15330218153711866,0.17261551013545937,0.15790113567671643,0.1811190029117489,0.19376004453773907,0.20315225516419327,0.20919162376092906,0.2041486492542345,0.200938568425894,0.1988614960006617,0.20516032387862893,0.23402455793036445,0.2253088313035633,0.22272783702448698,0.2934156810023039,0.3040315361388374,0.2938999242852477,0.3150739040392497
INDS15,0.16170508473996562,0.186170682389657,0.16725295089674047,0.19186867381147493,0.2073874977895627,0.22315200124566728,0.23068348613640705,0.2254561964249016,0.219233206133302,0.21412294217405778,0.22015808893525607,0.23879220076205432,0.23157697127562943,0.244438085816393,0.30693849528659917,0.3257263932815004,0.3085674550821837,0.33133410025542
INDS16,0.1461925663701368,0.1651159828151578,0.15980113131146956,0.17888801319952968,0.19303155205583036,0.2000537550998114,0.20408281062847733,0.20201965366851102,0.20770192416570096,0.19591250894956913,0.1979597635130592,0.1764074606221064,0.16430950281957576,0.20955368465460686,0.2890889931856743,0.3006345640824932,0.289194924597422,0.3086524641160238
INDS17,0.1438519341957769,0.1590727746632424,0.1480053704210996,0.16791740213536133,0.1845650134644602,0.20541384696615048,0.2091197606501485,0.2036181845547484,0.20236868995293494,0.20115768334235884,0.22012481852943752,0.26392110610473113,0.259938154395474,0.25526705636380165,0.31050880996271213,0.31391871766435375,0.29859448091805363,0.3184114974970725
INDS18,0.1687412135693648,0.19498449597564974,0.17441434516463322,0.20102661203844605,0.21756567215131975,0.23386241687795176,0.23875382104471798,0.23033123820135118,0.21801222587941485,0.2137917754949841,0.2240939180133661,0.24827660885309166,0.2427911222990333,0.2635783492105421,0.3389495814547741,0.34435955959165376,0.32661179724470335,0.35009278913161396
INDS19,0.10018241325358708,0.10331011268707216,0.10138306549712343,0.1109886022458797,0.11744445963552691,0.1168666945219386,0.11958470375096351,0.12237875326576658,0.12244718896309703,0.12243632457274223,0.1289286773838831,0.12979544515040303,0.12873430721566723,0.11883775273009602,0.13186557514583067,0.15405284795347474,0.1515441548538458,0.1442162885779686
INDS20,0.14451769510013013,0.1580952157355558,0.14766260797017416,0.17098735805671822,0.18337837317521957,0.18580601542125588,0.19475579726496264,0.19721813681889752,0.19114781258878757,0.18649638177977682,0.19359069011761373,0.19132913642360083,0.18530673617337381,0.20200637851183126,0.23861404686795126,0.26902904450039095,0.26126864543853634,0.2610061696274631
INDS21,0.15511042293305422,0.17133837542237942,0.1587552198866918,0.18482577409592532,0.19783334743990075,0.2017489178380812,0.2118359702314355,0.21291989371600936,0.2062838849843355,0.19894138396298788,0.20511204444002332,0.20673700169226894,0.19770247519104428,0.21945967099369743,0.26787020237208264,0.2943223465093807,0.28488823302913974,0.29011964788107475
INDS22,0.15545387838277636,0.16898640937383383,0.1568291746230839,0.1800792696088972,0.1958139419140968,0.19395151679780226,0.19353114039480065,0.19661549444642168,0.19644066100892082,0.20628539347781336,0.20223136995854035,0.22874595200441208,0.21659657715616112,0.1980428893731993,0.23752354907390466,0.25091913226855483,0.24896684018283663,0.26548225891058125
INDS23,0.18009387224590012,0.20716588092682434,0.1854563202640502,0.21630689672934783,0.23487670995767246,0.24163872962171706,0.2501691006070002,0.24493036892308545,0.2457759056896525,0.24465217907974726,0.25105960059072113,0.254406079068958,0.24354246575013758,0.21645235737041202,0.2715972439529724,0.2831747242994762,0.276244152508024,0.2803969256829591
INDS24,0.21257966785912408,0.3128039384800707,0.2294584036635719,0.2329707887247722,0.20053309054022145,0.2461687221567073,0.26495086674164253,0.16920488271306994,0.14504207458852297,0.11296169371466404,0.11334053336686133,0.16513513987677794,0.15258714534032303,0.1430805170594234,0.13788471806617458,0.15119687453542946,0.14549722617388555,0.15357357583286307
INDS25,0.13400928142630358,0.145662005236021,0.11995933671743719,0.15456657847318367,0.13410789140768445,0.12569085675683384,0.11669680768134127,0.12072364330552891,0.11595063927425,0.09486696189851969,0.09315838592616923,0.14117692934245885,0.1345033536174255,0.12599498131635778,0.1650175459680272,0.19643653638647657,0.22519396562131525,0.22556821301788949
INDS26,0.10512896273795051,0.11018874075661887,0.10680757508877806,0.11849852892202524,0.12561514965101495,0.12360407163944535,0.12668021945516814,0.12978826258479606,0.12738100068997674,0.12661170437513808,0.13160443734030514,0.1724300113962941,0.16255635270397983,0.16251164866504803,0.19923310191499188,0.22515505591035534,0.2252940671459587,0.2237366928298463
INDS27,0.13185859722094856,0.13879772464798767,0.13520530857552968,0.14303850387629,0.15005340989541946,0.14787605123578917,0.144315551570455,0.1468582279577501,0.14622466203407591,0.1439280953680107,0.14352618329331437,0.22283656862683074,0.21406296894977958,0.21225709373161414,0.2566056432289075,0.25890059554070527,0.2590860324422145,0.2632598893807281
INDS28,0.133396900092219,0.14533609751731216,0.13663512696910143,0.15743438297387533,0.1703063189818506,0.16944681291902539,0.16926948650039159,0.17322961270443196,0.1691561022320026,0.16645576747615679,0.17145264622641418,0.20994133978766014,0.20434347645797787,0.22394928549459403,0.2737883476553833,0.2688850467213351,0.26647164719522265,0.29859084200088576
INDS29,0.12396108906827187,0.1431384961685317,0.13217873921776688,0.152099839655583,0.16647750579839576,0.17114186865556022,0.17773081913130148,0.17713058387648045,0.17200966240866367,0.17204663845461735,0.1802146022392734,0.2085811698069813,0.20138992535987807,0.18820493542795236,0.22001857927358415,0.23499706137022258,0.22132053111221597,0.252926272662217
INDS30,0.28300584422739,0.2758333233765647,0.20934577200581822,0.2822659811601034,0.2511882679699294,0.23389754434561838,0.21837736991387757,0.2071327973066417,0.1950673802861589,0.19676316789302775,0.1975872620234203,0.25179850742236315,0.23976219005805638,0.2633981915105245,0.3390303934826224,0.3305489938234689,0.3234207908201498,0.34794461035483076
INDS31,,,,0.5082818780580906,,,,,,,,,,0.174773661845045,0.1861794869645663,0.19924193863041462,0.19069629092801285,0.20487799821807562
INDS32,0.10718159025074446,0.11985790831404436,0.11844952551297828,0.13719612382687385,0.15087581795889626,0.1498946618098343,0.14776778136046717,0.14957048569188217,0.1551377507211372,0.15509571000414119,0.15849384795136537,0.18805713410615446,0.18028958062123548,0.16999253983590093,0.22902746880960728,0.23045470811075364,0.23234355897044198,0.25487534977893495
INDS33,0.12158596470703298,0.133168173840335,0.12521468157749802,0.14404072533971513,0.15513617594874124,0.15085709021312518,0.15164588187188716,0.15306752765810058,0.156835381789244,0.1604291237759983,0.16444008613624064,0.18117324005997512,0.17784847906137816,0.16632642277089832,0.18603323094268626,0.20317731433688793,0.20307514835830712,0.21942824640351893
INDS34,0.11530937430400179,0.12111938690036936,0.1195026153926111,0.12967499317668835,0.13325307759357408,0.13971446751375222,0.14260353422770927,0.14434433375709455,0.14708828300240492,0.14713755420765548,0.14719174749250571,0.1535389430868598,0.1495663748816098,0.1717246272422808,0.21241572095290062,0.22154677540227374,0.22312168809831295,0.24239100956157655
INDS35,,,,,,,,,,,,,,,,,,
IRES1,0.11394824803806622,0.11485577868164379,0.20312249639803812,0.38340982482189423,0.31480639711657893,0.3655495468517682,0.33147766564902115,0.3517478939837136,0.41222435290344156,0.40831164177111956,0.4267874641634316,0.38263353621693635,0.515017580242236,0.5303857959901959,0.5113250512408428,0.49720175855427995,0.4766531635366753,0.5558599955018617
IRES2,0.13183375345992732,0.12246706597819701,0.1341626496537477,0.20886579741018277,0.20903182073363974,0.22503244083490212,0.20865929568834576,0.2289901668892404,0.28265406923950664,0.29095723994042616,0.30135646164952307,0.26512232480477843,0.3879542841017433,0.4134312432211479,0.33165778478499097,0.3013994642410706,0.2990118903920789,0.4226065347032631
IRES3,0.17043506374854964,0.1647080367416718,0.21212576470634076,0.2687496940240985,0.3492896735089241,0.42359059504671465,0.32565464229740676,0.4690806804611343,0.5102586183792033,0.5113820554633547,0.5067612041031324,0.42164181336391304,0.4592012014209333,0.5108094656439184,0.5262537699083272,0.5253998075118678,0.511684069982346,0.6118593459576456
IRES4,0.3298736313386021,0.29813067639915336,0.2679514911812195,0.2967559557522482,0.3642869142548639,0.3912459742638291,0.30801190186277827,0.3623497077929598,0.42142824255478395,0.40429271731275523,0.4201865233749833,0.32972413547099194,0.35554492989857633,0.39025675695989337,0.37001046737059184,0.34110880464318094,0.37614019138419186,0.4344818936216327
IRES5,0.3103522200773531,0.2846150798846706,0.37895482872940456,0.37365436419080894,0.3556966522785579,0.37240553431836654,0.25916716445834603,0.34616198176641105,0.4026995771695414,0.3708328478324565,0.35870245416629665,0.31898975443400773,0.33336713980027616,0.3090675724554257,0.3972806764599103,0.41446088690615457,0.40204793561741226,0.4612758058563593
IRES6,0.1434746791550559,0.1304832948732046,0.13848320462559652,0.16679115962062682,0.2180337422742643,0.19352116308809095,0.18011263773408998,0.22139270665282404,0.3130145157595645,0.30221775683635344,0.31580559064555264,0.2908850578850268,0.3704214374510741,0.34016758923203544,0.3217709251577269,0.2773142531410686,0.27319065528096664,0.4421731556371251
IRES7,0.26783027559995803,0.23990257394369693,0.23191251184869302,0.2591199632929391,0.2530459114937285,0.2752273064645127,0.26940747476787974,0.2797765620777034,0.3352321845170253,0.3340928907286265,0.35390782194586035,0.3369969926178569,0.411616513484602,0.5245563817569987,0.4942097621349513,0.4632200031281048,0.45620585837288286,0.5069062284200031
IRES8,0.3661277047751731,0.3531050992960917,0.2830544638318627,0.3664988125461528,0.299877579119249,0.35397422193447403,0.23089764490178138,0.2423827196068615,0.3096306208428892,0.32522808954350385,0.3189116901239168,0.36771534261139177,0.4975003187632442,0.5381463225909299,0.48183098324648516,0.48022287454714874,0.48731924863502746,0.5297517544021889
IRES9,0.40658853885954904,0.458187574924368,0.4787626855514612,0.5298206180463616,0.5804910590943136,0.5918233989889139,0.5782312414484202,0.5838538893157948,0.6290014168883493,0.6333410469889743,0.6362494136961744,0.636734044615272,0.6522670212481796,0.6626601868323401,0.7275808212590231,0.7131369543135426,0.6759455942313863,0.7017404833275277
IRES10,0.21391583854230076,0.2079282922155803,0.20031238523760267,0.24612008056635812,0.3238225311049783,0.30268196762937843,0.27200570246115663,0.3014425601024317,0.3993457683043179,0.3958290308251753,0.4027817664889277,0.3597677361627167,0.4389434357962253,0.4945043291825037,0.47578166540503,0.4650874493239892,0.4672201532013725,0.5049858867994209
IRES11,0.12470707431665042,0.12146017960952173,0.11822962391562943,0.1388725388187489,0.15813610046230012,0.17484386956517325,0.16504511983149406,0.1897882956348909,0.224137122400368,0.21707709243638507,0.23181359769192578,0.24531168688091382,0.2553916706740366,0.31448983107805667,0.2778660899792553,0.3016144018639685,0.2910418503311973,0.42508729838111203
IRES12,0.23700382272136133,0.20597993253248587,0.20759141994833488,0.3350628178853145,0.342609098477091,0.3510520355613166,0.30334033544853106,0.34274608379369914,0.40255160391761496,0.3990699278017754,0.39830819211660135,0.35954699558231135,0.37624897877005314,0.4195624512153899,0.3759737596272241,0.3400726983381319,0.35232447433641,0.4379799644126322
IRES13,0.3034037713131856,0.2715114291543556,0.20496439304421038,0.2707010937207103,0.2966313324945591,0.3067068706721609,0.2837072085987785,0.2938629222472651,0.3634718947467915,0.3353120560995249,0.3600681074091382,0.30891572659551564,0.3611464789881392,0.40559950096425074,0.3312754668909416,0.34723031601977444,0.372510805878688,0.4279999537218939
IRES14,0.4545200276706594,0.4202114834930588,0.3042519357154293,0.4793599760167644,0.45839759645683376,0.4803007431892525,0.4602964129501875,0.4758682608853259,0.5231907748117103,0.5338911751950663,0.5441275968115048,0.48411531467905,0.5166111138218761,0.5459501812259703,0.5335442931927387,0.5782954244559255,0.55969156697243,0.5934749222629423
IRES15,0.30733654683557265,0.2818705839077647,0.3127991719257953,0.27860979839448297,0.320886435513559,0.33637844454030474,0.2718848581812286,0.2882179317402955,0.4605809341226234,0.4629499213232309,0.47535379171417436,0.42680977779018464,0.4958510187539137,0.5196314524952415,0.4952680059068233,0.49285942858129134,0.4885739277879276,0.5168089943505587
IRES16,0.2638165313366321,0.2744114088428259,0.21773503360280563,0.2700314696666808,0.185345077475842,0.228506128936226,0.19410596980161976,0.26263575333238864,0.3270562654433415,0.3294548890368639,0.3528416453510586,0.2584574256034301,0.3226985220664079,0.40592429309469535,0.32288499085886535,0.3183750727089166,0.3182220926172824,0.41895033368129525
IRES17,0.12037079083599905,0.12427407680647642,0.11037355391871452,0.12026529438282002,0.11938052744290456,0.12194588398574623,0.11540641090995649,0.11015642850338027,0.11545668172423955,0.11662532010671872,0.11818813073257649,0.11833995663952154,0.12047195846405785,0.14999786421862762,0.15023927090622743,0.17811204612655895,0.18201787821214885,0.22767936659581828
IRES18,0.12231061983015724,0.13519028758897128,0.11562214319427774,0.12132369489724729,0.11882884070354222,0.12295631585028484,0.12398143272481287,0.13007890792655877,0.1270310662336434,0.13627475529481584,0.12907502200549278,0.1266682647169158,0.1276061986814155,0.13378693616039447,0.12161064535278233,0.1348148319497238,0.14023415637242034,0.13836097081205428
IRES19,0.11770496877661915,0.1136907283674675,0.10982665558259283,0.1205929418911488,0.11415443113213157,0.11807973313537347,0.11751143516918859,0.12276555761236159,0.12706987452841498,0.12790448883328334,0.12797888503480692,0.1310566800364627,0.18636800418147786,0.188269442252399,0.12423702837705206,0.12369555119312209,0.13367577036559206,0.15945262315611677
IRES20,0.17708662341683676,0.184958966784763,0.21453410873604242,0.2897304529539144,0.30833372557210176,0.32896693257351206,0.31597993049204937,0.3507336883314139,0.41031666656602145,0.38868851596696197,0.4062920741669404,0.39374540626030236,0.4626698947240184,0.5310529006135286,0.4693620995900679,0.41192172513866865,0.4095845147795217,0.5227025392223795
IRES21,0.11455765276640022,0.12802323084874925,0.12205268606780383,0.21342736887754749,0.23169019902078042,0.23484096875956254,0.2241243055053715,0.23794411517045774,0.2461732999976197,0.2293837822772549,0.19971430026578454,0.22874619992698345,0.2370249989115456,0.2932570420494888,0.37774630188012337,0.36552021783476174,0.3670541051428136,0.3742235945693998
IRES22,0.14082650384973988,0.17423418009551916,0.1682414767004294,0.2009780172757167,0.22033600810186502,0.2415802740634908,0.21822116023079707,0.23417342875285913,0.25376277994730134,0.2516676816747001,0.24817834490371826,0.22956638510897004,0.2776641204592866,0.29022210304705276,0.3613550864435579,0.31888261072862406,0.3037636087160312,0.28156260173023734
IRES23,0.10801422105826897,0.11595283582272414,0.0984439379490188,0.11040845918419105,0.09886683303549632,0.10011656698211434,0.10179119796969206,0.10459241085618023,0.10162137548003827,0.1010556325148356,0.10341389542398503,0.10395537895406488,0.10175732416813099,0.10566511103068306,0.08691732483795724,0.10035672166541858,0.10927373980948835,0.12159750623719665
IRES24,0.09714953171391913,0.14739173910494557,0.09622693009070338,0.17332619492234927,0.15783612725433824,0.2542515948789373,0.22822940492308189,0.24360838058273743,0.2773737384151391,0.28611878208776376,0.28647615949885685,0.2728071729648752,0.4379048558633842,0.4456667496937001,0.3526609580353831,0.3141257813711819,0.3204668111872106,0.32189725321795987
IRES25,0.17841075130895973,0.17330527689777112,0.16782475093765353,0.30754053501772566,0.33527291487290095,0.3251767540205306,0.3167640652433353,0.3700095833964591,0.40214700829138433,0.4140065481957435,0.41545759649340047,0.3420507835004599,0.41138834221731374,0.4292915792926041,0.3688487088614836,0.4104463288138109,0.4411458203947009,0.4409053330189821
IRES26,0.0756812113404874,0.08461561528920093,0.07918037045322608,0.08195723868289423,0.08400113888695121,0.08535766782307282,0.08800413483494121,0.09000595955804645,0.09005810913788312,0.09020270174229632,0.0949748300938317,0.1004798751110518,0.11673869657809667,0.1180233799993436,0.11027219652385217,0.14840757996644194,0.16801017566607232,0.1731821353104606
IRES27,0.10040285010226287,0.1141764641767166,0.11477568177158608,0.14158269951575356,0.1799056644302315,0.19245152638297947,0.20285001456315718,0.2354045422054557,0.2667491706128735,0.26289365267108655,0.30772195851570927,0.2685400394805521,0.2950484595692618,0.31251865198546047,0.23152802629907634,0.2029527285019908,0.2194672291435345,0.23412578103320617
IRES28,0.18129578994561552,0.1898708733111072,0.17976437339499585,0.2147819733098808,0.2231559811754974,0.24600106680684483,0.2641966662049697,0.2585980441381838,0.2797312920165671,0.266106074787435,0.2916726054752916,0.26190923327952076,0.4328605496300285,0.46907171182985724,0.4180138951690438,0.35292347072434904,0.32921858450868935,0.5059117571328859
IRES29,0.11175439645434265,0.11687091091730269,0.11688535318031626,0.1298225529637611,0.13618438336806216,0.14329940746731334,0.15206270449109385,0.1583032139036121,0.14609768924073516,0.1511397388678148,0.1607230083396468,0.16371729951441746,0.19548250801402312,0.20039176410643197,0.19047965226315736,0.1960170999024573,0.20274286224951568,0.22783578847300012
IRES30,0.21956246722025383,0.24155564500998847,0.2441883228017317,0.30332193374595806,0.4219150985688448,0.46773216946163143,0.4574597452253256,0.4890364517809227,0.5734138961498009,0.5844683430610854,0.5914862181527935,0.5803118689839423,0.6786854136693223,0.66483112787733,0.7282763658666563,0.7108581563469346,0.7062635242746884,0.754105746061953
IRES31,0.08748108539845437,0.08876689845884003,0.09584426197000773,0.12019282561261758,0.11956520934289255,0.11891734088002855,0.12422867149739927,0.12403010218755157,0.10966010605752179,0.11397952373406377,0.115159843323369,0.11632504701254667,0.13043452482855025,0.13697490455213931,0.1036513137330813,0.09940273994680549,0.10134366501910154,0.11487165701047547
IRES32,0.08508474402776234,0.08853410458363277,0.09473961332292945,0.10474626495114514,0.09028550877003796,0.09063770348495039,0.0927104600135665,0.09475587905201963,0.09023311830741079,0.09030094577171774,0.09177196423081593,0.09433323459349768,0.10577889914036082,0.11432877796073328,0.08273700694111132,0.08670598469425622,0.09285024242591099,0.11317992676595623
IRES33,0.08348650723935791,0.0880958181701475,0.11070661973375506,0.16641932945247134,0.15777483570346276,0.16665431598604444,0.15793414524480257,0.16931515762819524,0.20562088786960955,0.20486717014754027,0.1905267381814073,0.21045556265999196,0.2530415571485701,0.2826394521094786,0.22230890892742103,0.22461642214777516,0.2283925805980133,0.25176499432164007
IRES34,0.10521855690077522,0.12139292764032437,0.10909898883285996,0.09967190539201216,0.10501005116316431,0.10638582982404993,0.10934200703873559,0.11080687384114521,0.11170453015765859,0.1133430107567753,0.10650787825886672,0.13409480758361464,0.1702610335973992,0.17782469537260398,0.1748832040945253,0.16685788703276289,0.17653480184663023,0.18880920814531404
IRES35,,,,,,,,,,,,,,,,,,
ITAS1,0.1545948838938921,0.16623802040639554,0.1541911962799092,0.16093325500284883,0.17116848791661735,0.16874483150625272,0.17008932219588888,0.16875595342335586,0.15873245776032913,0.158122427341114,0.15719808845201413,0.17085338086747023,0.16483253605800163,0.16054448175126904,0.18223459374935994,0.1882260926482942,0.1922730113415145,0.1973006615368898
ITAS2,0.13758880570961382,0.14441765092271924,0.13296426717343304,0.14044315895071982,0.14751386437452282,0.14424297882498527,0.1425994358424129,0.13939203805922992,0.13307176323003514,0.13395971261973438,0.14260905238787852,0.1417232285885923,0.13589778699585983,0.1283443434813241,0.1309480734472344,0.1377847998549971,0.1405516880318663,0.13025327664196992
ITAS3,0.1694703359266843,0.18398351293419532,0.16472703480266657,0.17249054482408058,0.18416798714126198,0.1834173484260591,0.18396854958943765,0.1815131878721415,0.16984456380841537,0.16832436345528048,0.16428054532194455,0.18269864952013395,0.17644939308962534,0.16799450688690004,0.20196080346165018,0.21368742737112567,0.21403618031990673,0.21996177980360304
ITAS4,0.15475615488485034,0.1628273883428763,0.14212413018582457,0.1472873964827642,0.15594039369279913,0.1536205140552712,0.1584523407939452,0.15364812292042765,0.15256255385487574,0.14882490584900926,0.1529265724585439,0.1563582996510426,0.15236487217036038,0.1445857737249162,0.19190558440749278,0.21049842870190238,0.20648307730159807,0.21217521722663882
ITAS5,0.1414343792172231,0.1476768722538999,0.13002538083206627,0.1361166972936518,0.14268579578307003,0.1369044948629942,0.13899976248186405,0.14042836723366317,0.1336902289727387,0.13383639505294842,0.13793967895455259,0.1507295884559955,0.14403201104540095,0.14011097370297407,0.15690700641125135,0.18435571761153824,0.16799688502096635,0.1693345298151358
ITAS6,0.14297665361977588,0.14865871285372687,0.1348170267867328,0.13424144653469375,0.1402289749539611,0.13462029160552774,0.1334915133270484,0.13349620056412675,0.1256862644732631,0.12622437294523264,0.12980282660762443,0.13337512190245027,0.12945105423787237,0.12561068785775514,0.1503933957735976,0.16319666143070385,0.16392997798481151,0.16629809165914186
ITAS7,0.16783291031681694,0.17938730199283862,0.16126136946670797,0.16860131211413187,0.1791461542983443,0.17553744241076952,0.17543659492736452,0.17497966801470155,0.16633878218737294,0.16585290040284567,0.16859440224212693,0.17636523352939615,0.17038467416611042,0.16579384912862447,0.197987829277672,0.21094919412324983,0.21163947772502673,0.21689946870138135
ITAS8,0.26155477855824116,0.29620649130326615,0.2624842939589474,0.25881693974550773,0.2701145251524623,0.29400024902200955,0.28979496839275065,0.26453259736962514,0.2618890319529695,0.2518049532931379,0.2398652927902944,0.2674602553254132,0.25841085473546005,0.24735415023987684,0.3282909070677746,0.3605545283112751,0.2992536377032951,0.23852226447055666
ITAS9,0.18266633133233254,0.19347677829572024,0.18295454040558076,0.21369195858176818,0.2305535826775462,0.23482647977686993,0.24249296489396915,0.2415450505730001,0.23517718160861145,0.2314686257267898,0.2660750905770548,0.2709705645633578,0.27839315300041084,0.2582243727334856,0.289434956934234,0.3481574945417524,0.3501061015724512,0.3719144070255482
ITAS10,0.1678097746501268,0.17667808591050646,0.16067800948176447,0.17588788958135,0.1868573545311745,0.1823622785353746,0.18346336387817497,0.18242075115744727,0.17415673288657182,0.1726402991310669,0.18175373347077425,0.18834506382006036,0.17873764705165834,0.18299124117565743,0.21187624748636225,0.22859050364634032,0.2326791805365754,0.23768288157822628
ITAS11,0.16440049291206033,0.17706348128043123,0.16147673243768,0.16773233968398998,0.1745698665404857,0.17200639679145804,0.17644398363389843,0.17384422544426187,0.16471230118094743,0.1659358652798586,0.17066616804657975,0.17044095098629128,0.16536671837232514,0.16338327620032528,0.18310653465710156,0.2005544457325916,0.19100969015073205,0.19211454724818902
ITAS12,0.19945943240777012,0.2168167371939571,0.18200707981636208,0.20060540730588727,0.22578695655452174,0.22497625366601862,0.22192271106627173,0.22163005565864846,0.2142254998908427,0.2106048814947246,0.21399096193892272,0.22445980098312687,0.21128290490244456,0.22210845317777336,0.2739746029083369,0.29632697754072124,0.28426622244459265,0.3027830243878942
ITAS13,0.1904673687825243,0.20773118871271176,0.18049296420721322,0.1962519335045362,0.21271649264942438,0.20880264897116324,0.21303713709910005,0.21513903151628053,0.20951225225429915,0.20849997036488752,0.21668091603765283,0.22349505005878123,0.21012493922631045,0.20964907652588383,0.24058748978557173,0.2581238947991729,0.2524425474218105,0.26712209118175595
ITAS14,0.192420518079279,0.2046317168145299,0.1815305215278783,0.2002238253383475,0.21832706633257018,0.2100709986953693,0.2114389219125311,0.21752130927838834,0.21548997792573424,0.2162199529286622,0.23655765838847656,0.23225768832568183,0.2195757295984219,0.21137620780581987,0.256347465104329,0.27514555794965834,0.2643458783401316,0.2745882716245472
ITAS15,0.18470787528496044,0.1973818528792289,0.17515948090201724,0.19400469175104335,0.21579758178117625,0.2072039939063228,0.21297144774635995,0.21851717330385084,0.21596748563234353,0.21441748267594712,0.23584578623626964,0.2393566170402544,0.21394469941461997,0.2135409765364899,0.2753812925766227,0.3399259007694803,0.28390242765230606,0.29995409357810404
ITAS16,0.15206500669511847,0.160982470979276,0.1446457339046852,0.149255071989379,0.15548550291435756,0.14927462298946936,0.15012303024516324,0.1507954691826749,0.1435907694601613,0.1440893450372265,0.1477972504436379,0.15530794629324363,0.1491947971859843,0.1448801361755741,0.16846898417249287,0.1764501734434448,0.18272738974100747,0.18753391575575107
ITAS17,0.1719669843028849,0.1996153528307163,0.17098078251172652,0.16729455910855395,0.1803238687633491,0.18332429134079406,0.18323127931858824,0.1778874692709319,0.16355330862313694,0.16131803982978402,0.16009705787875136,0.17730378557925433,0.17114399435129007,0.16075565080473506,0.1967753100962702,0.21621267852154435,0.2015657107143304,0.19419747405162052
ITAS18,0.17923304001211945,0.19330283033104345,0.16848064186153364,0.17655350320990135,0.19065432733132937,0.18689159833723723,0.186225184352685,0.18499709047665336,0.17595639143246117,0.17339964236531494,0.1702288977055001,0.18288910158285399,0.1716347340712389,0.17578902212811195,0.209568727227053,0.2220630895143322,0.22045015549150182,0.22896710714492152
ITAS19,0.1522546160474487,0.16145006620181412,0.14774175561792544,0.15428482293518414,0.1612387052042855,0.15595838792495104,0.15399081770122997,0.1535434595166308,0.1464349562471317,0.14693215320672823,0.14803652698030315,0.16057059144464741,0.1562100603857173,0.1512384044256046,0.1668924691137536,0.17282583503998428,0.17432269968727712,0.1753094706542736
ITAS20,0.17976730759434317,0.19622030566090642,0.17114310362405027,0.1835821328618093,0.19879744617613104,0.19603475488324798,0.19490193909287234,0.19303429773564842,0.1797960302378847,0.17749135903333738,0.17540069498734956,0.19324615324460392,0.18791032797197965,0.17931316928140664,0.2129385804026681,0.22217523768549652,0.21625194149154156,0.22053649462872926
ITAS21,0.16856255927390848,0.1834507414664296,0.1624020018908991,0.16315068691902102,0.17134758184477938,0.16773836775162443,0.16786221123936085,0.1665225554292266,0.15613623513495967,0.15565599635296892,0.15300345631257903,0.16789869806517208,0.16301877437459622,0.15878123545172626,0.17861684060062005,0.1851654230682607,0.18980291982715589,0.1923754778419435
ITAS22,0.1666185108511208,0.17972780051044407,0.16304063928468876,0.17058302450034513,0.18126582563778024,0.17931914868191517,0.1799639395839539,0.17814219749379395,0.16689830893792518,0.16617617033689602,0.16258492439014965,0.18020496568163832,0.17448384177473347,0.16200170778066625,0.19048768078117487,0.20063894624484005,0.20396936465246832,0.20914529746788932
ITAS23,0.166510911255007,0.18301060261823224,0.1616263169312985,0.17626537052382418,0.1934696077063028,0.19569484013564148,0.19243162683249979,0.18712442682309446,0.17030964055473338,0.16664026979659954,0.16101517908744506,0.18775333766900704,0.18088956329100378,0.16785874622068517,0.204574000920118,0.22541593042407798,0.2135774866954838,0.19842357732147528
ITAS24,0.1458184377190339,0.1515990838871192,0.13232497601556198,0.13281810388165816,0.14702845365609665,0.148581793554579,0.148999880021927,0.1450139905064628,0.13363573286633032,0.12870466895212462,0.1285783870674537,0.1426490114460187,0.13786571760744573,0.1246363523168371,0.13720030525204263,0.1618074238317237,0.15499940041816168,0.1469347246913667
ITAS25,0.13839937936232594,0.14656744792054507,0.12812332068223214,0.1401496936972942,0.15112209931179227,0.15327194565629754,0.16062747169242297,0.15865906985726225,0.14205055993324747,0.13679948492414415,0.13725947560381338,0.14653309208102241,0.14121107176589315,0.11247897482301647,0.12560424336934695,0.13365886521183595,0.1271125515518047,0.1264425721296251
ITAS26,0.1649869357320036,0.17729787496634017,0.15973556347831447,0.16937854659417348,0.18248813115274787,0.18005786840923776,0.18000550693741962,0.17833844605242014,0.16473819890971408,0.16293288054700003,0.1604964489924656,0.1817208212920595,0.17549744480788182,0.1654518489552668,0.19772433743797757,0.21192498273276933,0.2070843335783021,0.2043018663376242
ITAS27,0.16698421875487834,0.17901010782166601,0.16186628968283712,0.1678711230579988,0.1779801730069514,0.17014530715666565,0.16951928835108965,0.16794545621093193,0.15854733296837228,0.15731618630038355,0.15683203511104138,0.16801751631942696,0.16244847188513167,0.15900954458935088,0.18002221902731266,0.1835292309081588,0.1857623904747142,0.18997850461042662
ITAS28,0.16721847221836517,0.1800837943082248,0.16356382103016204,0.1719278215091363,0.1836191837312272,0.17969330906882255,0.180025688981407,0.17934472244633398,0.1688185426919956,0.16646221958475818,0.16772202635785785,0.179303595849875,0.17364547096018876,0.16906629558607333,0.19511940382145637,0.2008172658501053,0.20411238309532664,0.20847596605104549
ITAS29,0.16644284366997386,0.17870046057420813,0.1627462005633152,0.17006818280655644,0.18176929869529712,0.17542355913691537,0.17521095773036963,0.17451489264838987,0.16636100029042564,0.16658695339445642,0.1655665798174858,0.17622203907238002,0.17083755957355418,0.16647116595781067,0.1910329921483106,0.19708173081309255,0.19971116356496124,0.20134587402180276
ITAS30,0.18048508457515505,0.19498042115784864,0.17216580187532254,0.18183846926955102,0.19609126378560562,0.192819139114658,0.19214974381297248,0.19103792277323114,0.18058375034554444,0.17905931396827707,0.18027002479722282,0.1919110427350309,0.18644881199578395,0.17938987532117667,0.21089003630119404,0.21855795204831666,0.2190662441948232,0.22469476907435565
ITAS31,0.13861859877462837,0.14841827599456017,0.14289899349392918,0.15042610951427335,0.1572348272400515,0.1539157289389936,0.15474543601445986,0.15274833709843288,0.14218491686318183,0.14059158645207515,0.13303492578186477,0.1591156367872331,0.1532193501079455,0.15097553530249255,0.16932254786845907,0.17622216183166609,0.17843003617647066,0.17905284122362342
ITAS32,0.146317661664678,0.15425908239313796,0.13929947080073443,0.14496677523962714,0.1509447226211662,0.14884082143005425,0.1498261652458796,0.1493689698962508,0.13852972888620824,0.1380461754686196,0.1300459754402495,0.15227546363022415,0.14703610163793232,0.14173518624939407,0.15907317120153008,0.16788875475119866,0.17073725590685998,0.1701876218635901
ITAS33,0.14271203667627846,0.15350597343599506,0.1436540325967669,0.15006252648179585,0.15670522024730316,0.15511421328723868,0.15553327815099366,0.15386412209546443,0.14531465973301563,0.14301479945370818,0.1429311781186922,0.15780745470183563,0.15213231283437664,0.15054812969794404,0.1669715963713785,0.17638467887449555,0.17878087347565277,0.17992101399223095
ITAS34,0.17442129720425262,0.1875338714380267,0.1690894109462585,0.177229770134687,0.19141299439841888,0.18630456295190378,0.18597979054653047,0.18556877400426391,0.17374329701839836,0.17304028338809926,0.171913321529558,0.1841866867578883,0.17923126965995195,0.17163557330059942,0.20170866821966285,0.21006379695071942,0.20953856452523703,0.21549281469255566
ITAS35,,,,,,,,,,,,,,,,,,
JPNS1,0.1784229007729634,0.20445497805935053,0.18487257673472,0.20182137492566907,0.21402537239081845,0.2188607631038661,0.21103914263991363,0.20529017572235939,0.2020403974955145,0.20970820685224217,0.21029582439338834,0.22749843168411465,0.21649040050859558,0.21004639272494083,0.23481463134471658,0.2409523462121042,0.23285606773095552,0.23660829754118487
JPNS2,0.183927808055994,0.2259472271103355,0.19129912210474698,0.21512095446671303,0.23436094851639638,0.2518889087139649,0.2607073525220743,0.25703454952325744,0.24381439623463097,0.23255772311636574,0.23789067163966493,0.20704893080355413,0.20175069988350644,0.19549349402960586,0.18684491812445334,0.18841306251676607,0.1999654149006138,0.2024278432989721
JPNS3,0.1890002178200609,0.21743578511435743,0.1930429121188406,0.21057265502976516,0.22506154662060482,0.23082559814545908,0.2245359081386415,0.2183998296807695,0.2155888264176373,0.221576005045294,0.2230858271136834,0.2394658301770968,0.22789021529053277,0.22083087187214312,0.2547158520812434,0.26367516298246113,0.2526343905939122,0.2582602031596625
JPNS4,0.1435031663616468,0.16128480007410326,0.14590063577733747,0.15489159873091476,0.16666330053677408,0.17067955502756502,0.16236566524012822,0.15726005630281398,0.1566439088998532,0.16264048225402375,0.16174281626559964,0.16364903042149273,0.15580613770994076,0.15511453896329996,0.15763493843233228,0.1548451150032862,0.15118816694700266,0.15109908119351081
JPNS5,0.09944526477092847,0.09994311959112238,0.09907330201045036,0.09992024470051669,0.10327724550549615,0.1026791342580395,0.10359493428259374,0.10657004575060564,0.10410559748783649,0.10280208630418283,0.10412634913879626,0.1020250062378669,0.10086873782620599,0.09870221492842036,0.10073607346518049,0.10342859389439353,0.10464269758896058,0.10475797875649223
JPNS6,0.15832351857657412,0.1718185352559465,0.16833280006231352,0.1775009892729495,0.18999164167944133,0.19288205582391524,0.18748782286472665,0.18236834205656766,0.17719857923861307,0.1858413083827699,0.18682922290944834,0.19153907974850118,0.18413988919751367,0.17989679423429067,0.17830602811115367,0.19493485355506934,0.1885764446832582,0.18823314505001712
JPNS7,0.18871809873594014,0.21705370647700173,0.19165743122447607,0.2110172975518776,0.22297886834824418,0.2315697617613649,0.22539258836661488,0.219129195477022,0.21783241670674916,0.22459595144456085,0.22685922380664636,0.23533894543621417,0.2233118154551884,0.21933131516925236,0.24413375934440584,0.2518165785865197,0.241047504440667,0.24314240409861015
JPNS8,0.252688779412923,0.292635520354197,0.24313792500972486,0.27920789526122786,0.3047076804748468,0.32040026777489733,0.3344126673633464,0.32388905572455584,0.3266443323541959,0.31295013331498844,0.32153851355867963,0.32195171053321037,0.3218537089673808,0.30197106811385577,0.3458490998472946,0.37076312249241583,0.3433501907647583,0.35906188333323713
JPNS9,0.20340396806851124,0.23794398738302194,0.20396580530776928,0.23367398368502362,0.2513551025804916,0.26638312972839967,0.2653325310225298,0.25723751456784366,0.2591996865138327,0.2649971441822938,0.2685783611675466,0.263625545980419,0.2475270207800398,0.23673152143049617,0.2840371685420076,0.32025611857483227,0.29814893864675013,0.30976157109028996
JPNS10,0.1947827530821407,0.22900045418162512,0.19611083629046172,0.22500141812092428,0.2390883163822488,0.25396635974010173,0.2488356516127838,0.24087987489518836,0.24180788901099892,0.24901965288634043,0.2512330406430671,0.231389543911479,0.22002316565028177,0.20724679797365794,0.2523403603123871,0.28406286873005177,0.2677177145726644,0.27496900667073826
JPNS11,0.16890008311593177,0.19401139567863573,0.17213697681404508,0.18883315518245664,0.20370987126424295,0.21289550335170207,0.21657892238818818,0.21313673965504898,0.20174157073222013,0.19882626828660238,0.20214755079125443,0.2009478360406416,0.19288569473317532,0.189198974165735,0.21925996997501038,0.2328192592460623,0.22082702024790962,0.22230330188845127
JPNS12,0.21782657980701503,0.26007882023940226,0.21759978687025142,0.25336796005027507,0.27242687953425804,0.29337886169021277,0.30459459037343745,0.30029584018867045,0.3036097269054804,0.2908114834355473,0.29532017705549796,0.2860060631561833,0.27335171509717693,0.2692758076669456,0.32612240476264565,0.34845737176565783,0.3238802212241551,0.33031270492966874
JPNS13,0.1951841098772712,0.22108603135200322,0.189267729214916,0.21575388137658197,0.23626205592873784,0.2461169902004847,0.24851729457324875,0.24219330808630898,0.241050839969709,0.23729389592879913,0.24168607438810172,0.23321840095715857,0.2233374560744746,0.21167981320057372,0.28096871726291517,0.29073922322342366,0.28140198675569966,0.2929872212781776
JPNS14,0.2258951056657807,0.25989638794786396,0.21965912213437996,0.255364047514658,0.2699929359387684,0.28607771033890944,0.2954345877735501,0.3006141433817336,0.2956169795056394,0.29120844927210343,0.297782368419263,0.3038746295948381,0.2833408526734054,0.3016678004792987,0.3776665053754799,0.4155994620457725,0.3862344165288913,0.39682203919002046
JPNS15,0.2034813350182211,0.2270592239351772,0.19691984488111708,0.22570137424882064,0.2502045821955706,0.25926258777809685,0.26572343665157105,0.261127854420848,0.259778562428585,0.254889870031077,0.266557117954067,0.26283242508209514,0.2530935049485631,0.23484845715976987,0.2858188040474799,0.3060996155321132,0.29426255510026067,0.30681662291581685
JPNS16,0.16702223633675814,0.18842465010445092,0.16463559257906152,0.18017791219930923,0.19570409938957864,0.2023627456532857,0.19625366377270914,0.19046249588845657,0.18525002674992858,0.19169118585400893,0.1935964514357512,0.19759418777135815,0.189796941488236,0.18639254304587582,0.2537727436010599,0.21113775729637935,0.20286141415826567,0.1980272655794715
JPNS17,0.21030622642584543,0.2505870407827953,0.21326070799000807,0.24126841003150679,0.26715035657178243,0.288221148899046,0.2959979744567994,0.28642997127831576,0.29244339398507313,0.28454211132513774,0.28728252234351764,0.26097465229493255,0.256273164423068,0.2477950302973022,0.34018541109269773,0.35446595312832924,0.3301577065504046,0.34157147201919996
JPNS18,0.2078184353313806,0.23914489726290622,0.20859373917207386,0.23423320997852326,0.25211078674241844,0.2663962574302971,0.2703319995899392,0.26096032127178515,0.2609860399473285,0.2595059470502983,0.26177948292887004,0.2575714466298607,0.24974701192921306,0.24519225932541067,0.2828994698218065,0.2868583223664711,0.2726285471042125,0.2741150497243526
JPNS19,0.1916783711960628,0.21630719006262478,0.1914943756325708,0.21549327254747477,0.23171524385329806,0.23910840436428957,0.23488548348994884,0.22854554061027801,0.22159509328677265,0.22558845002816463,0.22896982911114047,0.21194308632543463,0.20167711851848832,0.1967302692325937,0.224544818646577,0.24509956474578048,0.24009752348816832,0.24143568973538487
JPNS20,0.2044522270281705,0.23677693253327445,0.20258264843040463,0.22411482164316485,0.2411047014665057,0.24767795625200142,0.2428613201195709,0.23606440364552664,0.23267834353348593,0.23890851591433018,0.2452032889669371,0.2643453380014519,0.2506335117415042,0.24707323257885758,0.27743030065424146,0.29032673250922947,0.27509010984243154,0.2844605151680762
JPNS21,0.18262852554282394,0.20958737226987406,0.1896701652131233,0.2080213131055962,0.22438955890310255,0.23371637942481804,0.23095771471368057,0.22227367818536936,0.21838840964721734,0.22315546793559446,0.22479407369730833,0.22943438513311504,0.2236231788972151,0.22041410873450373,0.2735293572975841,0.28078824809711506,0.2644866757380359,0.27302844769241924
JPNS22,0.19244497393141238,0.2225053157686628,0.1982659394110914,0.21751177156034363,0.23482721585166536,0.24475417639146396,0.24188466671882256,0.23327840233690159,0.229179590107378,0.23472353038692692,0.2371910941740093,0.23986761665060558,0.22823086464974185,0.2186671949509639,0.265477136958225,0.2777299769905599,0.26730599708943503,0.2748081403233275
JPNS23,0.19038643464480223,0.222318107391397,0.1947348277607213,0.21725142443472623,0.2299914722013613,0.24101346233887933,0.2346916329640005,0.22719434688923057,0.22142100969823075,0.23094248116433216,0.23605912791162548,0.2427784537544125,0.23357461267623145,0.22340909903367298,0.2618853616012583,0.28200508735230545,0.26739188705547157,0.27820033311804854
JPNS24,0.1975281749538071,0.23991708779018,0.17651690073895857,0.20636679980979025,0.21732341425582652,0.21785008621400287,0.19473132004037336,0.18945463048046934,0.18069622881509523,0.18792675734519304,0.19448147700427004,0.19242841991219686,0.17666878165576289,0.15335315402447558,0.16578317596243108,0.156879112957914,0.15398811477093077,0.15581094496282563
JPNS25,0.1529838772343195,0.16903631876118883,0.14902987439525103,0.15750719904362234,0.16443366673983956,0.1665831453889872,0.15917708784759743,0.1593953938258208,0.1515645991390595,0.15649327573003854,0.16044384376549428,0.17172734258178385,0.16550407996786623,0.14399355938455,0.14852493466695987,0.15141637086034634,0.15137082673640953,0.15276664218707459
JPNS26,0.16796714604490556,0.18869148105208128,0.1732949708505224,0.18752634997494858,0.20124708004981479,0.20610392558549642,0.19884139173072715,0.19302138780157513,0.18612591324668928,0.19172899076863495,0.19371696830808394,0.1965510844210093,0.1890434103982006,0.1801989864388453,0.21212293164325327,0.20627044939656697,0.2028764717964246,0.20871076433340538
JPNS27,0.1865562220479274,0.2103516134900131,0.18827119114127908,0.20571136428042303,0.22311667666227172,0.228989286103824,0.22315805138972633,0.21623748187227837,0.21153952670590837,0.21730867466251272,0.21935754924790227,0.23582214215265193,0.2247078855317797,0.21935297417217614,0.2730603560992888,0.28334438893110486,0.2700425924749803,0.277380394935763
JPNS28,0.19757861830364984,0.22335563834443273,0.19969104273282595,0.21816083950247547,0.23505916554471004,0.24164797876132213,0.237189454964174,0.2301944786560326,0.22725018244489614,0.23163686701109565,0.23457096999866092,0.2357759352908853,0.2259090752078907,0.2229280347117569,0.2609618885089697,0.26904796629564504,0.25836995785708095,0.26638840497778427
JPNS29,0.19498665699535306,0.22377812895738491,0.19724294465046005,0.2192193786081286,0.23703746635836864,0.2480589578601387,0.25078301023638455,0.2411764823767493,0.23681193462956776,0.23853797928284526,0.24138584197630847,0.24973959166757204,0.24085600752361494,0.2375414640082534,0.27107018591964416,0.2745717227994504,0.26145917238394323,0.2643110765520288
JPNS30,0.20164676582849264,0.23099554124964713,0.20597708918206387,0.22734395030458918,0.2420009430696775,0.25206071450760154,0.24796540386844287,0.24104488903006602,0.24022138231327195,0.24489340861532335,0.24788731300056624,0.24516867746082466,0.23495157874330186,0.23201008665485845,0.2757376567203229,0.2833640860673828,0.2709230690406992,0.27897804481690486
JPNS31,0.18038754527525638,0.20415018369731983,0.18616096847092592,0.20408328473794782,0.22126566111711668,0.22991128127345783,0.22764098766831248,0.21940603778829113,0.21534848597881556,0.2193723888747174,0.22138551673065376,0.22609207687953142,0.2169532609352509,0.21316661410657264,0.22048954252015657,0.24734475837539166,0.23430092217193588,0.23997859632551158
JPNS32,0.14676580352206875,0.1630468853725821,0.154685057911025,0.16664973279663872,0.17807310390736278,0.18454393526615173,0.18217598916474934,0.1760203484263904,0.17190342600718,0.1782749515497014,0.17911305358190507,0.1755965040908591,0.17012816560209518,0.17108325859329185,0.20524856581898834,0.20751611116726043,0.20024793700961827,0.20504863890733166
JPNS33,0.1764858566687002,0.20214819203535558,0.1818188764406638,0.20347848883628067,0.22009216783378233,0.23029038586836426,0.2274318065707795,0.2181947254272291,0.2176123773290317,0.22577762029183518,0.2278567480306475,0.2231298688122218,0.21363320326727034,0.20896375761701733,0.24070443595380775,0.2443490216234099,0.2316253485330759,0.23560545482144432
JPNS34,0.19240829151731115,0.22306031450082303,0.19945245447947194,0.22032357085071194,0.235699767915086,0.24623852318799594,0.24173255972133476,0.23390760615951267,0.23215187752013225,0.23705329401701725,0.2398802368301106,0.2361684736208007,0.2263728426301269,0.22056015541565577,0.26932374823528665,0.27824370800304493,0.2646814969457085,0.2719702341305766
JPNS35,0.174465866507964,0.19672199291337059,0.17805526582568254,0.19402026156577212,0.20899635116667778,0.21493200977317367,0.21000220334347078,0.2024917764428999,0.1956745184247914,0.20168214368927206,0.20367604261481975,0.21102432587575157,0.20209237477487535,0.19741081815490438,0.2139948314799157,0.21283487078498167,0.20722724339231466,0.21059268966793096
KORS1,0.14343174691876756,0.15574614108066825,0.14110949447028054,0.1550114321258865,0.16396922930564287,0.1709467296317263,0.17597780601623234,0.17599571206798267,0.17588593426479046,0.17617632369272923,0.17891253604677587,0.18542868515691358,0.17843452752940797,0.17684955766401347,0.1981318106472585,0.21429295488725322,0.21700643828017394,0.2292855305482778
KORS2,0.11055140115454816,0.11850780995378433,0.10911806080361275,0.11427850135053325,0.11764542645511135,0.12330991076733233,0.12432363623123548,0.1299826324743818,0.12286548116106254,0.12474512746419296,0.13380323110823983,0.12252916614166018,0.11776163280886258,0.11510123336862822,0.12074706712506421,0.12944286128443103,0.1350488004183231,0.1341568665540376
KORS3,0.14706801860497432,0.1574873068849587,0.1449907693834877,0.15845454364652356,0.16786218485045665,0.1742186545407201,0.17910944519185767,0.17903887274666502,0.17941793653696125,0.17919399354866228,0.1815016853620331,0.2002033533891776,0.19227516929865032,0.18882913222280837,0.21334060378916875,0.2334611667903973,0.23594914832036087,0.24986072393812464
KORS4,0.14636892239847643,0.1609663502824513,0.14064156787194654,0.15824131619152754,0.17753964329448585,0.19446282277342233,0.1954638947048882,0.18552914158444908,0.18680467233992756,0.18171391144158003,0.18700704817473318,0.1852622484630686,0.17044017227842484,0.1654924869795463,0.19555988811698724,0.20417335230074823,0.20709428575143063,0.21663525281377286
KORS5,0.10424032602883394,0.10716665835310675,0.10915619075201517,0.11064415057232181,0.11860354484444091,0.12410659320905079,0.12148796056422678,0.12384969216079536,0.12037852525782142,0.12021482792497407,0.12074417362402637,0.12669737557900326,0.11951936118322466,0.11334880195614544,0.12431210213972849,0.12816326254657406,0.12204403273381573,0.1196319875682765
KORS6,0.11191480817188823,0.11559160902724838,0.10986799094308332,0.11426541547768561,0.1165878527441506,0.11878298213555906,0.12319628848236493,0.12530202155084003,0.12537541394983187,0.12364563067944806,0.12603287904460123,0.11736549040705921,0.11437599867779788,0.11327987126356608,0.11956407766413606,0.12264221660003513,0.12185361099038682,0.12196580094844948
KORS7,0.1366512793686337,0.14996529772897318,0.1305864615290163,0.14890390424164995,0.1621458115643783,0.1691215549749734,0.17483866844975127,0.1730269043830905,0.1733222660011777,0.17261479135244306,0.15838933959250104,0.194543635669107,0.18553762275678845,0.18305490598641394,0.20748302392058426,0.2242619338642287,0.23864756794548012,0.26217252984780093
KORS8,0.29992932572537917,0.38584944030424895,0.328567620169729,0.35595881144941866,0.3973238663957192,0.4209105802684604,0.4198470299428545,0.39284628067961075,0.40268596605480333,0.37764464189406644,0.3498199774520168,0.4088943564950204,0.3942998032863749,0.38207024298045605,0.44753858485697695,0.46361932676474116,0.4206976618566243,0.4408139485270272
KORS9,0.18997016350407014,0.23642770123905674,0.19859372547367593,0.23294800228876816,0.25889431428761045,0.28281605068973836,0.2901629960937007,0.2747365703198668,0.28584256360241056,0.2806752281255676,0.2921187996358843,0.266395801299759,0.24170589206398166,0.2325931264503921,0.29463875304249376,0.3100452737704918,0.30456074227704366,0.33601743870789424
KORS10,0.1579877575483359,0.1816390231448496,0.1605781068262101,0.18077780488253614,0.19683000993634212,0.2051698181083559,0.21032290002830673,0.20663145969309166,0.20524795992141787,0.20364458654092318,0.21247778404450526,0.22617550824197935,0.21311941664954456,0.20978025013998836,0.26292391023831835,0.2774005888059783,0.26630246977598043,0.2949572009957015
KORS11,0.13315938603977945,0.1545952164881078,0.13735202231747226,0.15063779380237766,0.16184931985543466,0.16887307022886636,0.17004519403041932,0.1682719809331627,0.16698869717561035,0.16911306315753163,0.17452875862872472,0.1799403464054536,0.16993256515856472,0.16739151457831297,0.20171214310201938,0.21467863620258856,0.2048833638799285,0.22851520127042715
KORS12,0.20180322353445895,0.25655499860152764,0.2157831012834933,0.24619180530358614,0.27405967440786566,0.2930778887339646,0.2947034830688993,0.28619189610274076,0.29607404036901136,0.28106661931543175,0.28955577534280774,0.2810821166076205,0.2691954354161067,0.25854863846652804,0.32662076777525245,0.34285450649347304,0.314845559031262,0.350806192931326
KORS13,0.17018521520758453,0.1981172529839245,0.1707554159023126,0.19968037191390997,0.22367932655079426,0.23211002339502576,0.23601466659506554,0.23438700463408702,0.23322149048580013,0.22624234891471934,0.24249299203588734,0.24701773632549456,0.22985985425929034,0.22391854531303695,0.27281249812295777,0.2948019999284464,0.28321113767423706,0.30523231801101514
KORS14,0.21408649223922344,0.26465247628575084,0.21994345638993165,0.266376614646339,0.3075326948214481,0.32430457484924463,0.340984735981955,0.3340294082758187,0.33990500356805775,0.33068261181524,0.3354117989452849,0.35662584555424043,0.33097996101713156,0.32274631980186114,0.43571810301159913,0.4547254004916226,0.3888130230080015,0.4081411568951795
KORS15,0.17774597522927238,0.20620009153512164,0.17392352667913002,0.2075034470225818,0.23823108962557757,0.24483311125435903,0.2523185174330772,0.252206245135243,0.24473171153965662,0.2406539911896369,0.2551289789445241,0.24570862335003488,0.23291193442193425,0.21616993258141737,0.27444691016196054,0.296307759282542,0.28645413380255125,0.30824298324871274
KORS16,0.12071668143674381,0.13057907811581812,0.11927366068071082,0.14734837504995063,0.16214449713628984,0.16619024143856173,0.16952707016979826,0.17086306102491625,0.17302338833278966,0.17044265386383764,0.17900782060723894,0.1554072655297644,0.14967549750870962,0.1470617492278627,0.1695628858552019,0.17575298347032692,0.17658204241009334,0.18710381526675599
KORS17,0.1870247622343266,0.2276922740949871,0.1949472174180968,0.21771042858506703,0.23514909802183917,0.2555498699505034,0.2650828643938526,0.26169220560193923,0.2689360939071195,0.2597825033696739,0.2627301170165546,0.23764959704209102,0.2197661103194738,0.2262430951387025,0.27720106115736975,0.31030144678633237,0.3280378511494673,0.36191747079993564
KORS18,0.17297977080617213,0.19126830744724543,0.16597735480132997,0.18731484488479663,0.20866258686409192,0.21280226248198797,0.21894689313959945,0.21899876742459837,0.21823449963454805,0.20912720659156045,0.22146767336800305,0.22284378708605915,0.21125511046777673,0.2050709584067848,0.24562197039816003,0.2563883115239213,0.2555254232311992,0.26820241693445046
KORS19,0.10213064102775068,0.10383023673104273,0.0993901509780452,0.10608118325650384,0.11211973904814217,0.11375719532230105,0.11631519406387898,0.11506275523025634,0.11377140329347402,0.11323759110028901,0.11412599794053241,0.11024348794769397,0.10813156202130231,0.1011017692045257,0.10742828162090766,0.1288320633354003,0.1302628865274525,0.13576499391938052
KORS20,0.14861627596722837,0.16388515877415546,0.14751087629409254,0.16721920991529735,0.1805230926785435,0.1872656690769929,0.19270757908817976,0.1881934258292189,0.18803151932765405,0.18601935756083113,0.19702414739694013,0.21508854446491776,0.20247890513625894,0.2033639907073531,0.2349901219340445,0.2509692815631596,0.24955668558630575,0.2688203619618218
KORS21,0.15898147771106863,0.17761679140665212,0.15569806806566636,0.17616946218033772,0.19001583157910323,0.19940740528711684,0.20486762265844158,0.1998794742869126,0.2006584549040108,0.198439386408647,0.20093504587344904,0.20230647445846672,0.19189370132857247,0.18332394508239455,0.20971543598935585,0.24846779954276788,0.2409372963023198,0.2529752402247394
KORS22,0.13986879443703917,0.1502850555002244,0.13844118473054604,0.15350063399166422,0.16303924312876358,0.17089377324611177,0.17599658153653866,0.17575638248498396,0.17768540121967735,0.17588779869555038,0.17694574255634812,0.2028799769821882,0.19419944532002717,0.18897700277517118,0.21355518065049242,0.23522217000815845,0.250222864067725,0.276177683848769
KORS23,0.1567017739073456,0.18540149802209116,0.15339615608150428,0.1807373312329789,0.19779371096180698,0.2110118851171223,0.2154329106120718,0.20991049816419638,0.2086128033248437,0.2076003207964286,0.22117284448594882,0.1756000357788314,0.1667985671324928,0.16039728750606774,0.1887114538965369,0.1885649816313806,0.18467589063115974,0.19510385572322164
KORS24,0.18599227333382848,0.21772348450201945,0.18179141996218595,0.20117296679739077,0.21513627230815344,0.21954835745672535,0.21867819484641043,0.2167737452611185,0.217377702637665,0.2102408390271252,0.23878053822668457,0.28488904964011413,0.28224370764169054,0.24540732185081052,0.27254502875841335,0.26504650644309957,0.25315393595538954,0.2559246092042443
KORS25,0.16781167018465634,0.18423735121799947,0.15265479430418538,0.16858360190796887,0.18854988667420824,0.19065858159635185,0.18619358286700677,0.18115174146055713,0.17724789980723432,0.1673650822888846,0.18946562367712763,0.19572926842094093,0.19055024104004184,0.17666007193141128,0.20686097914435914,0.18734056420937362,0.18233065387131192,0.18183682817090757
KORS26,0.1403431138293261,0.1533043823311487,0.13451626942691172,0.1518494406813378,0.16193449715788036,0.16751106125938284,0.1724588034071592,0.17314666110261606,0.1716230139439613,0.17020971288502232,0.18062025322157033,0.180663105238108,0.17303577723903987,0.16634445738879325,0.1961780752741314,0.2236034482239472,0.2176762938266399,0.23235482899610274
KORS27,0.13394754980994042,0.13683971490043512,0.12292153415126923,0.1338966705014793,0.14163453095419865,0.14364702810855426,0.1489609900717367,0.14889542348031656,0.1461738968519796,0.14470658530661382,0.16301124142539877,0.20053637237734354,0.19069169584387707,0.18999619961461164,0.22330306283896587,0.22873425220163426,0.22345423357902103,0.23564347044558426
KORS28,0.15261510287717067,0.16471655483338543,0.1487076867843865,0.1664814481068622,0.17995352986309163,0.18744864575919065,0.1930963921613241,0.19273784850852677,0.1919139558050565,0.18961195515565823,0.19993442496672295,0.2052088895102059,0.19399914526090722,0.19335438073251854,0.22840606271307048,0.23791095931515902,0.2360880361563137,0.2516869213999338
KORS29,0.15414640583167435,0.16280912385706325,0.14403220546190112,0.1578747035896875,0.17073130425818947,0.17472377366904218,0.1812859492712241,0.18239396349682996,0.18175062934523384,0.1816368586401814,0.1862970746624346,0.2066325983649586,0.19608028523918422,0.19514257820996003,0.22680479567936457,0.24193185881826562,0.23892009953808138,0.2513432718192499
KORS30,0.17296406245229476,0.19276380610504243,0.16646486609066247,0.1872257160109892,0.2019923212924027,0.21545592821976361,0.2233956824667648,0.22097470091698967,0.22200654827367675,0.21781862695284482,0.2280444688566693,0.24402892744405008,0.23002896265399764,0.2282540494706972,0.27475394502104217,0.2957787338820462,0.2887956774182542,0.31340873208943465
KORS31,0.13496728553868842,0.13018700408659198,0.11889978279476694,0.1284281106941193,0.13552508943721836,0.13682512168512342,0.14339726285490326,0.14740567716672592,0.14615458338171053,0.14616531173848718,0.1534168064468483,0.17484406516093642,0.16978080317015123,0.16326616185584752,0.18809131750490457,0.19401400163825255,0.19109884561407342,0.19615692163829718
KORS32,0.11869324385291075,0.12625660444756545,0.1154753372584662,0.12814600221237507,0.13389646968283062,0.14210044016214188,0.14961534342971716,0.15604821091727758,0.160201544909193,0.16033167768703768,0.1643547508379059,0.1634539348725085,0.15685373313312112,0.15442436882054872,0.17714845431549966,0.17913119499583258,0.19320274688565203,0.21301936018664772
KORS33,0.14294408825614588,0.16231102527794383,0.14216425786851605,0.16608811366872217,0.1848425219027249,0.1943785917461898,0.20356517160460494,0.1990395333833083,0.20276243414575307,0.2001298387817366,0.20904121493563074,0.1778004712450293,0.16895390206332567,0.1655561243730305,0.1894262640772306,0.19707039609650043,0.20977672317192483,0.2341179449257974
KORS34,0.15444058663129157,0.16650912948024477,0.14215762068819537,0.1613108517454978,0.17912844147683002,0.1910419520256226,0.19655510996189776,0.19974549471578515,0.2016657077586331,0.19988801855008256,0.20686758946922532,0.19620516520760084,0.18614591878276351,0.17938871729407171,0.2032385170704498,0.2309139655219334,0.24419871719346525,0.26610775751726795
KORS35,,,,,,,,,,,,,,,,,,
LTUS1,0.13700357189321707,0.1588735297808658,0.1273638351219285,0.15699665719633996,0.17160422701206823,0.1982244441676074,0.19941820295690976,0.1754522001559988,0.19760975037862835,0.19316338790897655,0.22903322911730467,0.26694099450618813,0.281246145855701,0.27919751400459225,0.30364271366373374,0.3364526791465301,0.30003906388510515,0.28540862479474344
LTUS2,0.2010191348396319,0.17633314161349284,0.1899603855946813,0.16719994939624297,0.17709986682828743,0.20131084698231358,0.21568463965294152,0.2078194825995984,0.258708198635421,0.21431583923778078,0.24407052092857717,0.23152708016520834,0.27139811390318686,0.14543970878167845,0.2168415283603248,0.22658416662983696,0.25573310008724165,0.21223793878221578
LTUS3,0.16474038453583362,0.18096910480383682,0.14022120482439618,0.15218182132911331,0.16282011231402693,0.18780584605771544,0.18581775138782755,0.1836738550076208,0.23159115221034712,0.19406585871445217,0.22105290067503136,0.2507223574284525,0.23727632982534408,0.2221330735166224,0.28377206387006476,0.36203986979233815,0.36959203433774007,0.2976693611864818
LTUS4,0.22487403082804008,0.22160837424117652,0.1942468327494632,0.2206633376154517,0.24973470978509443,0.2521845522249012,0.2652241417438598,0.26083958254968553,0.35512165390838163,0.3188308154599661,0.3555763873897521,0.3910083506255444,0.39617004940633666,0.3697074509977468,0.4509180381365405,0.46302557491234864,0.46373468967111736,0.44542041466675614
LTUS5,0.22151571135983442,0.22593386214122885,0.14010060937928673,0.20946318294846242,0.2631300158260952,0.25839430554309395,0.2901814359866822,0.2789263009986886,0.4179790177987483,0.36146591896245467,0.401621280146617,0.4294419702076399,0.4304437823111332,0.3501786825444947,0.47166983216118474,0.46841132158414833,0.47349171583617494,0.465784601536872
LTUS6,0.22313716047829082,0.21791225151249743,0.20120407236631446,0.24023410682989715,0.26038425719241387,0.28167748000397497,0.28966512092799485,0.28028193233266985,0.321986223096056,0.2940737177043994,0.34695441491089773,0.3790535929129399,0.3642363763196875,0.3320165493943666,0.48021988837839447,0.4898032368084265,0.49491228099998846,0.49054063733738823
LTUS7,0.1297958921983047,0.12996576916573147,0.12671494559655902,0.16870281545396548,0.2163029936198065,0.22557209326956995,0.2491452841491724,0.24762891701197873,0.2932604825671879,0.26716357987878186,0.315123919743231,0.3336338787052349,0.3161428424717147,0.28736978196082735,0.3424038106380984,0.3706018700466596,0.3632359267169964,0.34757460157213677
LTUS8,0.38575079887666713,0.44740610374442713,0.4297605051793054,0.4460392172672434,0.46897029821349634,0.4791186961263098,0.48656988431112963,0.4633670616173761,0.5431781182609803,0.48402028175356754,0.457824127855815,0.49007392733435085,0.5045909656239226,0.3330782599978184,0.31309353373204785,0.32091814308749944,0.33055294092490173,0.3025065553145237
LTUS9,0.4213240375051818,0.4056644256552441,0.32797739943733284,0.38460076884481464,0.4323190060775289,0.38264668564180304,0.41756229155654456,0.4115248697522195,0.4784167625127008,0.44113678693700326,0.408146330151446,0.4378014349652587,0.4242608616052688,0.36580412256673267,0.5053061835742936,0.5089789412582912,0.503011858450529,0.5024508154613996
LTUS10,0.433481290509176,0.4262519904990426,0.3796325005366303,0.34620085228375586,0.3841745790675756,0.3669255746238916,0.40114908739831073,0.39515823179467163,0.45124900864406464,0.417213456215465,0.40167810592813463,0.4289952244217053,0.4133391566295014,0.39445627910343156,0.49118876562831704,0.49349001757816846,0.5020847983392823,0.5007808058415063
LTUS11,0.22661412798658379,0.24112216219739105,0.12241913074951066,0.16137835990457405,0.1899700502955786,0.20786731254960283,0.22715546071826873,0.21081276143787372,0.28387818297884615,0.2248614379403975,0.254394249669337,0.28393433745261537,0.28693369536482266,0.24647704989348926,0.2799092878236668,0.31688923326161883,0.2668037683753895,0.22357842740037145
LTUS12,0.18183071310629684,0.19262620612536427,0.17104686595935203,0.21154991229314737,0.244167113178348,0.2698395129470799,0.29551780924813925,0.27685319551135423,0.3438361709685521,0.3154678558556259,0.37270945416859036,0.4050666070848098,0.38975482213844925,0.37225580511142164,0.47772589874182536,0.4866417525320295,0.4947717928047753,0.49139459110795325
LTUS13,0.12906691330759001,0.11237861569111351,0.10294660070912641,0.13596923303345457,0.1462899538905183,0.14821049993320395,0.14304971230636054,0.14256667300955475,0.17981088047946864,0.15483797465058796,0.18406826335604934,0.19181046136974944,0.16154672088428115,0.14723890360554312,0.17584902239746247,0.18468719261764988,0.19646297836499732,0.15787488559832266
LTUS14,0.2820220316144898,0.29659763889638235,0.22775813816310755,0.2643660824312581,0.2990843996554397,0.30154585688663704,0.30853095031453653,0.29521560666739755,0.4594206956273284,0.4184796739213891,0.46184930083474585,0.49082829279649204,0.4596906932173706,0.41463749645477005,0.46875456745677563,0.4767195457411266,0.48325888719688326,0.4688024196611521
LTUS15,0.1468521998597212,0.1346303458209574,0.12280261117807127,0.1480361461155251,0.13671345877974175,0.21025919288552072,0.1844373914757673,0.16067386556041136,0.2703874229301841,0.24849765082304276,0.30146488462028054,0.29480026063635156,0.30617699278278504,0.24579362879642552,0.31834440494560107,0.3478966267107396,0.3481635259611684,0.3139301529390121
LTUS16,0.13091796929518787,0.1272504213907777,0.11629886077653752,0.1478320137997363,0.17492332518073628,0.1900846408180117,0.21573784455721842,0.21406888857215733,0.2783276510474885,0.2576022551543394,0.2954997881117821,0.32659988548163865,0.31980693492249995,0.2823944279906277,0.3789337470172791,0.40931614377585546,0.3792051123474444,0.3616428457984569
LTUS17,0.10405180361053959,0.10374626805791118,0.09062087511752388,0.091122232407433,0.10328265734930255,0.10775644705987304,0.11215771241422028,0.11133911574106534,0.13276352365245828,0.1139473446937599,0.1343235113841051,0.14253696689970188,0.1741186737035293,0.14871405336342705,0.1531451813930275,0.16077325091717046,0.15405509354508715,0.1452864345746052
LTUS18,0.09110936290698562,0.08843666253086599,0.07596473326033577,0.07858107821262354,0.08735108872572137,0.08603684664877458,0.08722773170408295,0.08365599625545068,0.08434694572920486,0.07704148468640509,0.08126527945696825,0.0955203015384036,0.09410231321297165,0.0898365191928098,0.10278369518475822,0.11267052916963102,0.11364783814846735,0.10233335682378135
LTUS19,0.07889132720170869,0.08077388896883615,0.07975887205714867,0.07860080328084526,0.08041731747736625,0.09005354273090249,0.08954512205806056,0.08769902624759149,0.09145704171616273,0.08582691736916591,0.09059524734567646,0.09362280553791615,0.09980483646182554,0.0947211404357515,0.09188384395827476,0.08988446666319741,0.09116602387771403,0.07915688863064503
LTUS20,0.08240163618682976,0.08435630656925622,0.08411636424198812,0.08527477883447547,0.09021495355685087,0.08930346757129991,0.08557027369144847,0.08402601631245263,0.09575593187596786,0.08715621462072808,0.09692949874288355,0.10520125023685391,0.13266231570198986,0.13123526696011428,0.08060954175040944,0.08205718939423026,0.0818615397713247,0.08397131060741693
LTUS21,0.09002336403660134,0.08683910983052587,0.08371292735306013,0.07866481088823203,0.08435669823077799,0.08304765484540856,0.0822470955540922,0.08335795040555428,0.08535174921373462,0.08643930427759954,0.08756957240840633,0.0842890616080614,0.09593575108094475,0.09597550808521228,0.08680851578339885,0.08900520308869461,0.08944635313508965,0.07570571047208687
LTUS22,0.11150643670202492,0.1147180738774774,0.09581093853423177,0.10740975350047854,0.12303904372616911,0.12876169728386752,0.138819883593283,0.13799267968661752,0.16108726145557564,0.15310845403276452,0.18339583894151504,0.18343015804143595,0.19340178243007822,0.1312108652571384,0.1521198559620745,0.17760856703927919,0.1940377962518957,0.16487370660241785
LTUS23,0.08444112936959285,0.09041735379169939,0.07804020944733699,0.0869220519734051,0.09855446701513465,0.10743687964698942,0.1074346145256422,0.10798310123665582,0.13757227375997297,0.114505352684591,0.13378025221014486,0.14900589615887014,0.17701522296986424,0.1615689116769023,0.14466240487224738,0.16013416854366055,0.15696736884297646,0.13915576436842694
LTUS24,0.12882359421009443,0.13397266158606877,0.1187777346246443,0.14859161752957134,0.16548076546880142,0.1870845882839867,0.1781457876389003,0.16025698701226815,0.201778529622615,0.1724280378713009,0.20381811742119846,0.2148907048690419,0.2229801537490789,0.19395880344580446,0.1728979541782756,0.1742225709512599,0.18100978637719714,0.15147627999765526
LTUS25,0.15602321494302152,0.23170565957577466,0.23740955843043854,0.19881043107943844,0.21517470136592937,0.24571420628513,0.22953438415491723,0.2174194276092297,0.25589903326678964,0.23177680026553668,0.2672939771615588,0.2795838020664073,0.3407682372739699,0.30141666057262534,0.21888303634695308,0.3201813188539586,0.33136906437695474,0.27838888469125395
LTUS26,0.11786348661085165,0.1169143875529361,0.10252654344246673,0.09733783274699954,0.11220512492893116,0.12522741135198634,0.12921663245948656,0.13204034076052856,0.15689964914318563,0.14174313268527133,0.17642146506481565,0.19736980376234706,0.2281222152037812,0.21612522229858516,0.2325695152953726,0.23358311963290326,0.21965712736255213,0.18227342323497253
LTUS27,0.07802193437984523,0.07690565826627403,0.07454504850710156,0.07494886646018531,0.08103004872449017,0.08195468765272067,0.08253428048828973,0.08127668070156742,0.085096817475182,0.08126194605267534,0.08396175137370909,0.0874399389711303,0.10586448291573859,0.09720545814622085,0.07421253932433686,0.07497446059099569,0.07597866145202704,0.06969526915037451
LTUS28,0.07890176554438393,0.07759751664012175,0.0728175390039336,0.07118676094243954,0.07531011453545519,0.07699566921704634,0.07604904153827595,0.07744539713814592,0.07700310659613482,0.07514375786505342,0.07540024575557387,0.07985981679914338,0.09057305873059397,0.09040513972868527,0.0864696576503196,0.08641100128491375,0.09241186763305499,0.08735958326332119
LTUS29,0.10572060452751608,0.10691046389612231,0.10216493113844254,0.1053887135851164,0.11221389924123888,0.11636329870008034,0.11764196728519079,0.11458766663247943,0.11863005820888388,0.11036433492083847,0.12303752102493565,0.12897229174049749,0.13506015227836266,0.12874625862641148,0.12850083375080257,0.13555930398969218,0.126720457040931,0.11309335975247062
LTUS30,0.0806126745833019,0.07970189732568227,0.07468012972933209,0.0739652643690157,0.08008931214555681,0.08197338483671902,0.08355916179391139,0.08441473080347733,0.09502291793233676,0.0845481501155491,0.09665397837383505,0.10620478465569923,0.12448669671763345,0.11725941905611018,0.0999072019933511,0.11201735386148727,0.11390847888588937,0.10137638602787692
LTUS31,0.09327028873188102,0.09472937543423626,0.10109278912878347,0.09434231838543528,0.10580561994174041,0.11416974847335591,0.11952357742398824,0.11555396718244845,0.12342895929565856,0.1229859750310869,0.13535767244319777,0.13911203368118824,0.16593768514504623,0.13987189757532043,0.10618188892040699,0.11018871600318514,0.10618978866778206,0.09148177559526889
LTUS32,0.08702290849496218,0.08284736156434382,0.09421724581497747,0.100195939127212,0.10639873616606255,0.11051522105399389,0.11333813029010806,0.125195491594801,0.1243716077392676,0.1270728304584667,0.12414586247088426,0.14692539700744192,0.14772492489281702,0.1312438884387608,0.14225472986654,0.14901258564932562,0.13053354419993976,0.11506114015254984
LTUS33,0.08056081330372125,0.07982463388195186,0.07869624134043256,0.08020354908649772,0.08254247291314112,0.08406448195605148,0.0816658426666909,0.0829825856475147,0.08389093356084379,0.08251991764471062,0.08484097495316936,0.09455571759770166,0.10401037423319498,0.09489465457955482,0.08811210352218062,0.08837982936409133,0.08887297110995136,0.08218587076363389
LTUS34,0.08833161484342664,0.08876153247992112,0.08037964132102415,0.0907988745580096,0.1046246737920253,0.10414501360430109,0.10579084609061921,0.10425164140548161,0.11642976441788938,0.10965822622989278,0.07957337341082937,0.08198667434962192,0.0834585756511547,0.08552697125451116,0.10471900844230005,0.1065375150495477,0.10288253344873363,0.09289155815738048
LTUS35,,,,,,,,,,,,,,,,,,
LUXS1,0.13085712076437134,0.13350474072471627,0.13762973814137058,0.4456583736336436,0.42355064324905334,0.34704733573958013,0.23269990555222475,0.24603707938840028,0.24043722264918346,0.23162923894410842,0.2541147286602649,0.22949437519177074,0.19692858735881624,0.19943874785842772,0.22395548856447312,0.22429708602566917,0.21485315262674648,0.20961329497885572
LUXS2,0.15709770974528786,0.1636101388018445,0.1551155019452108,0.1545760175616841,0.15771737837019784,0.1582332847631615,0.15531974400125115,0.15014409923683647,0.14869706449564957,0.14743906819673894,0.15444469457413795,0.16881708304050533,0.17562480907550498,0.15504154420150268,0.15677623082847797,0.15893419019904284,0.1663209877053709,0.16533316558601097
LUXS3,0.11914398208190949,0.12254976537352795,0.12487205924588601,0.17240868515966717,0.16153426211869534,0.15430173183468504,0.14478805657352226,0.1492971944342608,0.14443595646616691,0.14080444438849132,0.14772332634367,0.1585712085702349,0.14695660370842054,0.13566642061272344,0.14482750979997489,0.15236699846866109,0.1469826162475657,0.14202162281506336
LUXS4,0.29319674826396697,0.2879623636483846,0.2786920124402291,0.26480464317360003,0.2715130629317033,0.30164258530227134,0.34042453302340986,0.3517757063156312,0.3316525376003788,0.3259329804857868,0.3341606799953807,0.33187482316977746,0.33818800599974996,0.3033368843562095,0.31501348978570504,0.3194409250164166,0.3431006000124771,0.3313480494087616
LUXS5,,,,,,,,,,,,,,,,,,
LUXS6,0.4242338500505804,0.4224405461620992,0.39190435996581946,0.3720253760921246,0.41657077201116827,0.40265881967495587,0.4032033441671184,0.3981343539795122,0.3919264616054126,0.3932460333980346,0.42629718476297146,0.4168327758257105,0.4109673663573453,0.369552239050361,0.36774132543602933,0.396666264032982,0.3969073098929203,0.38118406462888194
LUXS7,0.3861363347267601,0.403912361092039,0.3904901645963061,0.4073842165511673,0.3845316081572083,0.3636582479626788,0.3710997074742221,0.38731040046670595,0.38141096475502084,0.38007250668593284,0.41812548843408304,0.4199152559914398,0.3482397751624067,0.369811950285011,0.4015317331720318,0.4086567215832812,0.41182381520111877,0.41164187778253764
LUXS8,,,,,,,,,,,,,,,,,,
LUXS9,0.29473831051204613,0.3241568968460897,0.2742407280645512,0.3228707340979232,0.3126290465084504,0.3088309283988454,0.32974190462514286,0.3372392100687287,0.3332094076384439,0.3301118876211846,0.34217894666026893,0.3379360402825414,0.27498821214775976,0.25633689227992135,0.24345615321713884,0.26328396992939607,0.28721991422364657,0.2387981970089704
LUXS10,0.44788208502923643,0.4622505720694198,0.4271692602442664,0.4713828326691247,0.4847145720793433,0.4694261990247993,0.483267904589183,0.4796436851712403,0.4744396631015508,0.473082845904636,0.49031366143456917,0.4899687035101801,0.43001606802544856,0.4503974959307179,0.46239126688863624,0.46752657819176446,0.44486848515588995,0.44622980425155284
LUXS11,0.24645160035096755,0.2675271644396512,0.2454183413331522,0.2535520794790943,0.26850829534699094,0.2798991663565257,0.2727721271689518,0.25861735045396816,0.2560033310796131,0.2532867848898086,0.2754468898570084,0.278148530921047,0.23470050278252616,0.23209936934470077,0.26037528801639587,0.2661790293288668,0.256438327846009,0.2581491548839283
LUXS12,0.44979915786223773,0.4511334515746096,0.4205616390583101,0.47588928930656105,0.48225980515937106,0.47255855186192286,0.4818841184302294,0.47977179375883067,0.4763740457975228,0.4707239715782822,0.5014576874379963,0.4932033791027305,0.4329036220467415,0.4369234278556742,0.43341923425334744,0.43295601325611743,0.4168984936404854,0.4200391913004957
LUXS13,0.41489337398429266,0.4181605409319117,0.33455410967819804,0.39777689253465803,0.4435407759871014,0.4387905805887145,0.44546705630605665,0.4468671429724398,0.44664984168283556,0.43619229911970997,0.4623670459386151,0.4308495242511358,0.324988282294393,0.3068783864611795,0.31798814251997254,0.30050008306340326,0.32586790915133573,0.33046054630680194
LUXS14,0.39813352540818436,0.4037835442065322,0.39180033161747313,0.42396400500967346,0.4289185042918716,0.42953337597676344,0.4329623022188985,0.4381838254119807,0.4319680167523632,0.42861083886379936,0.4717790362556667,0.44950470421184435,0.3892709596669762,0.3668580338276331,0.368204707750715,0.37070698836948707,0.36514862366496476,0.3694860588008322
LUXS15,0.4232169878392336,0.4326954569099509,0.4069227734184796,0.4548752590486865,0.4561617011594242,0.46056207181407777,0.46869376685015457,0.4761203669836677,0.4703401946211278,0.46843480906296014,0.47852398631448556,0.45599219798859664,0.4385639629494005,0.3423784232850354,0.37899089712771694,0.39301531793797984,0.404088826534642,0.3945468660721539
LUXS16,0.3084198580522868,0.34603613786854426,0.29331144793247776,0.3268543400234885,0.35625658766019813,0.34090954480680097,0.354547409030047,0.38370565694350645,0.3710739211252597,0.36636914949660376,0.4114266412769055,0.3510328745819857,0.24678315121389238,0.2668433233145041,0.30000648328247514,0.28048413909406217,0.2941097862558759,0.32435580710534545
LUXS17,0.10666631335354859,0.11624937372374088,0.1386040865666149,0.1315231972106186,0.1266737833907566,0.13366847438073295,0.13125520615816877,0.12901314750054935,0.1265964334884162,0.1258577979662487,0.13104629556179265,0.14558398066760564,0.12355318547776775,0.11746111357176575,0.14085686930745334,0.1458284942423164,0.13439514049961535,0.1379185750857118
LUXS18,0.20169779506482666,0.2495555997111662,0.2156102680672549,0.2265507883536683,0.20964062640720976,0.22877528856744758,0.22304727305602434,0.21107485068933687,0.21445424707895774,0.2021292405066356,0.2232844744824306,0.25569071108133823,0.20301983672626214,0.20138896652010765,0.22372298755848136,0.22352093178003324,0.21906185686406993,0.22723312704658996
LUXS19,0.15453561723258807,0.16187314432394276,0.15038296471602738,0.16050388675863475,0.1550728932018755,0.16017849416326932,0.19587948501848454,0.1703245384696509,0.15984199639446953,0.15837961687718424,0.15905611130229602,0.21554480563723363,0.1620455952110914,0.148958819077188,0.15593189067602337,0.1612779422316118,0.16914016792213749,0.16720210423967066
LUXS20,0.28052309032913325,0.34634641303327807,0.29484183967215,0.3387270134003951,0.3657818398165007,0.3663011965663393,0.3867146249507615,0.370579819777863,0.3648902036475742,0.36175350307477894,0.39685859972084303,0.38925918348755717,0.34693047712514596,0.31304817697188647,0.3172429041035835,0.338841286200507,0.34170054119773857,0.3428026636065913
LUXS21,0.29205056176508026,0.32759046947900106,0.2910589856069466,0.3131438159711745,0.32258971140820636,0.3409038909289748,0.3671155040732279,0.35953901312655273,0.35234248125989526,0.3481136145126249,0.3558057939642816,0.360253048964179,0.3290485035231164,0.28611489366368337,0.2888449069163414,0.30846384214179123,0.3086999126321093,0.31732597009199914
LUXS22,0.08127691371977942,0.08732546839460789,0.08213312937165909,0.08813774042031045,0.0884346232579716,0.08837169822800417,0.0921499278043572,0.09154356810645665,0.08992840980495977,0.08938648363771799,0.09417420455633763,0.09473657621696448,0.09283014998643585,0.088625730549662,0.09628026160238137,0.10011608892768685,0.10291561750585218,0.1043137547307633
LUXS23,0.39533911882700284,0.40050015352998336,0.3559264184933566,0.36757095827661174,0.37538271533023604,0.3472710058113565,0.3365191179476767,0.3084316125064208,0.30867972379449615,0.3342509110321359,0.35321348566587185,0.3442100901444572,0.3275386029752339,0.2713520677445988,0.28322412995679597,0.28724654617258377,0.29576262799099984,0.2980070418281218
LUXS24,0.2726136372108998,0.31329244391019984,0.28853226791994335,0.3264381986159781,0.3024448697135742,0.3150703379966915,0.34489822436292644,0.3236810583147956,0.31853548526172976,0.32327558198279954,0.3517400910775622,0.3422680153909232,0.3411546938100491,0.3269066783368171,0.33578224715521887,0.35642723666317894,0.35981843217175274,0.3531297975571209
LUXS25,0.4405964976240428,0.46256582991936196,0.4416461684021083,0.4517422728106317,0.4651557572282581,0.4801560270011728,0.48800888058917796,0.4854036997654293,0.48319425254852694,0.4931898923009586,0.507491754289354,0.49956019486855063,0.45410032029098485,0.4065199662124751,0.42199715338916355,0.4397766208829235,0.4335319095501672,0.4336557672143248
LUXS26,0.22671173832424837,0.25245273570963994,0.23092311432605123,0.2311859855842082,0.24045271728718925,0.24603045835765674,0.25669524359302476,0.21512198037886965,0.20350371650464566,0.2219918730227692,0.2275617863812179,0.3272705341665801,0.2813512733048684,0.23552487250798831,0.24047203696611533,0.2682230926236456,0.26574094779495494,0.2728144656544869
LUXS27,0.3180154639311366,0.27772974801311223,0.27364094044759213,0.3041011311838098,0.2583780090865375,0.26100401460707406,0.278413572288653,0.2372710684550003,0.2315132777461984,0.2300402275964843,0.2508113382665913,0.24352356480287335,0.22276745422838015,0.21163913242942792,0.2173983641523705,0.2220771019040701,0.23035578284081895,0.24144504236161665
LUXS28,0.30385946967891847,0.31444748735572214,0.3001928175310928,0.28724044901324564,0.32920460716758676,0.3377522443536527,0.36357798257080637,0.3504412989944008,0.3454808302194541,0.34358753997337144,0.37824071315052205,0.367038162238038,0.32662511947921874,0.30808042764922605,0.3464324958988611,0.36714600264355307,0.3629195724914314,0.39830517024763157
LUXS29,0.10199616722348066,0.10771747648753822,0.09623256581456159,0.10591672574872345,0.09928771681889122,0.10056347700393449,0.10279472446174859,0.10395338064224746,0.10434956143204334,0.1051944812804916,0.1147310230259278,0.11769174898968522,0.1107118474081903,0.10894896348613624,0.12829960294382092,0.12219877251094514,0.12353500923644192,0.13568576978177213
LUXS30,0.25088102277497665,0.2753215792743182,0.25321526657503957,0.2808955949038779,0.27006492875003,0.278681517558569,0.3059475276355749,0.3108325990608258,0.30680878694239355,0.30709926625030365,0.34288312023443474,0.3445634368280793,0.32181364054205797,0.3029963953452216,0.33473950881756787,0.353456344957464,0.3630997916007022,0.3917679319029807
LUXS31,0.2526780949369728,0.28138014265536504,0.24828673172693952,0.2438189076148988,0.2602176900363762,0.24860493670207576,0.24586522480689513,0.21348065650273856,0.21929929571682902,0.2060738167577082,0.18575320192592948,0.2866623943727101,0.2365768904159605,0.20185726724228592,0.18735469358754026,0.1990633907922826,0.20456339306161556,0.21196192865488764
LUXS32,0.18235857055993163,0.20698889776391488,0.22236046130986695,0.18404095538860765,0.16628587082238377,0.18463069595889248,0.20772132649667754,0.18822335561517545,0.18991529086407022,0.18161291971118143,0.16972276690359095,0.2044685334401702,0.1896029679824869,0.16489561151195611,0.1584158081876241,0.1633833926987397,0.17197280827383504,0.17691808476111714
LUXS33,0.14117502446222632,0.1573106615595871,0.1486983230500532,0.14857468573169552,0.13194842735973722,0.1436011252218308,0.16633406123188157,0.18295846004468302,0.18043675583641616,0.17532780224358946,0.16742585041950084,0.19553730654337828,0.17527693868413854,0.1553265315933842,0.15160416206382712,0.17896813706496234,0.18521379807215949,0.18096319607716663
LUXS34,0.3038090432753898,0.30859179529871156,0.29584972446093866,0.3084483819485158,0.30191444350076746,0.3222398703352145,0.3233169544929902,0.28013944952233955,0.27227993290071234,0.26331818522766703,0.27549039903958816,0.2555975421567748,0.24009653772072603,0.2306308093769532,0.24283539724202946,0.23792493310315435,0.2501182711597659,0.25403559957324046
LUXS35,,,,,,,,,,,,,,,,,,
LVAS1,0.10573302823623607,0.12924376220282494,0.11212944591559787,0.11729813893971551,0.12226393775583537,0.1455879741308349,0.124930242432812,0.1229546571158377,0.13515917555348758,0.13997354527067654,0.14645430277124577,0.23114721730287818,0.17761933768520133,0.19192997583691243,0.21890620802547744,0.2998456570988611,0.22360921944658965,0.23704423387678109
LVAS2,0.12514694399954523,0.13072709584027797,0.12084370668782224,0.13293356227668102,0.17608624231306333,0.15546120758967816,0.15245657242953337,0.17034883464571277,0.23870598938978066,0.25716881764309424,0.30051839707602596,0.31033697149101436,0.23471066388035763,0.12189517980242398,0.20098781240697897,0.23321304496515197,0.22240078390149234,0.24750029841101065
LVAS3,0.10020509518503673,0.10194623824729972,0.09981560964141545,0.10586138172349939,0.11760486161615404,0.14888418062652992,0.15612797426623434,0.14391146441215913,0.17760892468215608,0.17171811059445866,0.17105967563545343,0.2309128520282811,0.16174299859901484,0.19266990571972165,0.2081614392529889,0.3180441475749512,0.25956764193700743,0.2858109069515146
LVAS4,0.33518462676393773,0.30728216865839675,0.26213014199811635,0.3707422402499731,0.32334016634241636,0.24856803910426079,0.25623755796559694,0.24410705938345834,0.32056689721489184,0.3218679560315456,0.3317083706303194,0.3935554747723413,0.3961915888878047,0.4028311224943491,0.4104377183451797,0.41205229192583204,0.40323736892480216,0.437417996203154
LVAS5,0.23887480997853533,0.3272664951836233,0.07380546941348773,0.3489341429795996,0.2725004840958663,0.20880545813442095,0.2379573127350573,0.21351210195061496,0.3214507784104959,0.3363913302425655,0.33090285333233216,0.37332965775588633,0.47664431106782573,0.4813563040432051,0.4817819515706533,0.4763576537375611,0.46360714720750973,0.47772034572354594
LVAS6,0.10944107181053515,0.11196507704235524,0.10823664231662655,0.11035351999166325,0.11592841296957496,0.11875620980058064,0.11662161031623033,0.11768642040568394,0.1266297666105142,0.13270252018891152,0.13416637820086316,0.16778006773472823,0.17551696727760102,0.20051332565517194,0.20912632290550762,0.28512130066488867,0.21374990866761487,0.2301548806065813
LVAS7,0.12316973665916989,0.11990752221403374,0.11204565588745247,0.13577817535692338,0.16114257559842116,0.1705351302163228,0.16879900838744805,0.1710743271200485,0.19249557622594587,0.20495234322088995,0.20720712684004156,0.29435158670102113,0.2158662585078276,0.2894815934832041,0.2798365557299827,0.3040941243136104,0.28920640726159025,0.2899140612055902
LVAS8,0.1409150156746994,0.14576294977320853,0.08371498888749916,0.08449323059253501,0.0912581952107193,0.08657182224097039,0.09005382595907546,0.0903251862248267,0.15687314646880332,0.1589769413858505,0.1597488395645083,0.16885306842812833,0.33460617383057306,0.3658344689082833,0.3774223112656166,0.36612308521334164,0.373528032048023,0.3836806529638389
LVAS9,0.2006755347473082,0.24633338887845413,0.1546848273278327,0.20612254801714883,0.2359341054778639,0.25693720099314293,0.24293941215960885,0.23950836218781776,0.2835489653185544,0.2884956831179933,0.29689635712762413,0.347121844700051,0.37134797917413936,0.4184088296658177,0.4227499360701343,0.44707307749988456,0.42755013815963755,0.4329260934268442
LVAS10,0.32728623008271046,0.3231656773175184,0.2981936322362071,0.36413994853185444,0.40607344163082865,0.41100055851216405,0.40783069775046404,0.40178051379971086,0.4139510688421813,0.43071786806669515,0.441248543649388,0.5013445968252216,0.4864492630222475,0.47244381370926364,0.4809973972386868,0.4880360360480467,0.4823138465246223,0.48986658665868077
LVAS11,0.1339150827283629,0.13519787332370006,0.11788487053133305,0.14028222131011947,0.15961739238164557,0.16563393258766726,0.16742669946302075,0.1671123536132896,0.1842423114862214,0.20276339821717979,0.20517892563820875,0.23819679417650844,0.23709964061040487,0.3006744892648146,0.33761219933345715,0.3557426170837799,0.3487328288455168,0.35732492426492074
LVAS12,0.3128515267994215,0.3055856136901397,0.2952386040228421,0.3106775735106825,0.32551121092881913,0.3198372795580538,0.31498912875563284,0.32264170661006736,0.3696320949216204,0.3912154155052547,0.3979531610758001,0.4304635035298348,0.4075446934393969,0.4047477643865514,0.4013007645702851,0.4016007590691648,0.3855163718152587,0.4130387978336428
LVAS13,0.13043967717763938,0.12857476771140378,0.11455059744066319,0.11239401895667962,0.13909298664316222,0.12202368453425838,0.14983658251903945,0.15011106772873498,0.17390670601477926,0.17619369310576197,0.18118932808751886,0.20401145466352874,0.21963445896588377,0.28323784457773465,0.2842014757726122,0.29305192112079365,0.2573045471128166,0.2909621536426113
LVAS14,0.396333028827147,0.4065336352748745,0.3739931210864317,0.39659606385340157,0.4105278667771785,0.40813044707752,0.40798513215346144,0.4066306140412465,0.4315128248512943,0.4353191301097277,0.44037473085858725,0.4961505253851948,0.4915644528560797,0.504696039368506,0.5074258477363899,0.5092132817695436,0.5102233591053222,0.5156246084215689
LVAS15,0.3179052711400021,0.3051537847675811,0.2592887965989007,0.21574368994312987,0.262435822924543,0.22366201490159845,0.30205197000465733,0.3006430409281839,0.3659205433119612,0.36336486909454974,0.37647696786559454,0.4395176803656458,0.4193325016885098,0.4384893365606921,0.4468027121959571,0.45319897932535375,0.44210290254798723,0.4612257470047082
LVAS16,0.19914181517623544,0.182840387743639,0.15255322247827205,0.18960337653195156,0.22022429280154598,0.2156113718242224,0.22708382710509598,0.23253096855943833,0.2756767049359418,0.2863309237499405,0.2965790400235333,0.3486265747990922,0.30104601942170467,0.3266266646980805,0.3158054746920624,0.31786168826128536,0.25944416561213235,0.2790519637517557
LVAS17,0.08924947012304417,0.08618537282470422,0.08088863405609158,0.08160373659425188,0.0854089416139745,0.08559845248246123,0.08673796531063378,0.0845528416360428,0.08515896253204729,0.08569015216834389,0.08729307211717884,0.09251564841321153,0.0962510946012334,0.10135694527561044,0.10323204851588677,0.1095099630338766,0.09753817837695301,0.10207545078672237
LVAS18,0.10546075071810669,0.10790278831913895,0.10623209904152633,0.0980069190842345,0.10191978589948757,0.0975715564173937,0.10157554944451554,0.09509913958135986,0.09901530340845492,0.08930817701726346,0.08479309826822246,0.08749798630454048,0.08928336943823846,0.09033916138355366,0.08778207882427899,0.10840871561507613,0.10273620610307117,0.10233115900858739
LVAS19,0.09253525918187601,0.09066785555557962,0.08605539043646586,0.08547600818211021,0.0894185583167688,0.09037927779032214,0.0913239207905037,0.09192076128788403,0.09396371477340464,0.08781395449721328,0.0932890107792862,0.10339382105269189,0.10536666418458106,0.10824494820580109,0.10871042454287647,0.11257648429619216,0.10952624923254804,0.10746009375367722
LVAS20,0.08350733735260178,0.09541391195540626,0.0924341179684917,0.08851463107560849,0.08955399469122455,0.09156240768273484,0.09337205268151488,0.08984933673673606,0.08585138433899515,0.0834569148219071,0.08625704714977253,0.09452051435133667,0.10054259267259176,0.14886540805470808,0.13433636687512082,0.14275683001565445,0.1384266313195241,0.1449680838834925
LVAS21,0.09450141377304865,0.0948428280040768,0.08995931800916881,0.08825611371286686,0.08564006850363592,0.08408086243561276,0.08493644162756632,0.09319892134573353,0.09129140537310548,0.07755973614711661,0.0797139498933802,0.09254670056997283,0.09280066635118268,0.0936848431236488,0.08564664267560988,0.08715522605168315,0.084505232098021,0.08229196756970829
LVAS22,0.08777675014936945,0.08927945102495108,0.08506110210531809,0.08726512520586788,0.09071553578180061,0.09524909125686358,0.09455391509672664,0.09010071106635337,0.08866992327194168,0.08636215845147832,0.08821924446238041,0.10038293633850241,0.08969735629298917,0.08944943089661271,0.08550580360840708,0.0862449698380658,0.0871673273083055,0.08299030826964328
LVAS23,0.12430944616519991,0.12720101957630406,0.11822718396652838,0.11719930135188011,0.12929230945353135,0.13278922515403294,0.13181455163762001,0.13200298280870035,0.1457881929293012,0.15744631009567048,0.1506148538673456,0.1894594771445113,0.20723053854211354,0.17288187245796965,0.17130735190313806,0.19266923397988348,0.17742761044941527,0.19011454867581534
LVAS24,0.099678302564332,0.10200663282391915,0.09178899967314912,0.0982169540230563,0.10883593991201555,0.1075229708781654,0.10583819018652305,0.10774809405846315,0.11332367866098686,0.1222836262306696,0.13716177761053241,0.14692071869717904,0.20609110301529934,0.23791390898854306,0.2276988504211788,0.19778628755973532,0.20119012200329064,0.206878003974157
LVAS25,0.18872619667286183,0.18289643841811437,0.15389161122378978,0.15905570077103204,0.176441253647413,0.17511213649503884,0.17520147863102808,0.18891972983476987,0.2151885221396895,0.22844952223075676,0.23764954921362955,0.2613398037307657,0.23041402576782258,0.24088331024435342,0.2136015560517152,0.22186418379983275,0.22064416051403504,0.23669840053510116
LVAS26,0.06831029693045128,0.06660442386592973,0.0774327299234365,0.07542075436180094,0.07722868168489189,0.07926280036186395,0.07896403986646024,0.07299927361705853,0.071084748344516,0.06582783294162718,0.06855685599471684,0.06611495294845428,0.06530242298632673,0.0625707385387641,0.06476483097031022,0.07026273494209044,0.07105913599404136,0.0701669693948265
LVAS27,0.08658764152431864,0.0894632062499871,0.08480776280512733,0.08502120982321205,0.08695291013970473,0.08770621954680166,0.087717615041033,0.0858360041402528,0.0835933035435622,0.07967690576553714,0.08161030942513275,0.08185902553332902,0.0885028458756033,0.08933191866652716,0.08144644792787001,0.08053774930733121,0.08253659498619852,0.08044154232340926
LVAS28,0.09148063865225774,0.09185912495311958,0.0858425569511008,0.08532179758928714,0.08725297812548667,0.08674963380111933,0.08639712713358477,0.08567996983675978,0.08345031473453693,0.08108333639763286,0.08720720006162742,0.08803132293596488,0.0985243884441368,0.10086294685395689,0.09240395086030954,0.08985837423057895,0.0842647255471728,0.08546077274064068
LVAS29,0.09364376915891273,0.09459663068023737,0.08533334282931389,0.08295726767821944,0.08528074876842602,0.08559276359744958,0.08726371194440365,0.09094871834464346,0.09027521861655924,0.07745597459312735,0.0790246573838758,0.08356420967240169,0.08332157327983628,0.08178437356165692,0.07485076360209098,0.07691100190626747,0.088218652197218,0.0855737006240517
LVAS30,0.1075280087305742,0.11039292373200661,0.10048512067023159,0.10243193746727622,0.10528707795645727,0.10613312791270998,0.10617822579904802,0.1045270788616616,0.1024721939759843,0.09696436360800205,0.1053871652908982,0.10879795432496267,0.11028869644120691,0.11445392833899906,0.10106271076699028,0.11079625365626546,0.106194599825155,0.1066810787212638
LVAS31,0.09411301417824272,0.0856331348972407,0.08210875906644614,0.08482632674573506,0.083469896939042,0.08462954928231618,0.08770609072941828,0.09178343438651405,0.0907950067481362,0.08536483795802707,0.08914099734246624,0.10001272699741096,0.09692162156457247,0.10319998258755998,0.09453986505602972,0.09441325554915109,0.09202759068944374,0.09394135676279462
LVAS32,0.08262077755796654,0.0812661180342966,0.07708544717085572,0.07814825160735091,0.0812138485618815,0.08247423077013,0.08271073425834126,0.08706440903635404,0.08784286458932973,0.08784033776077121,0.09890689261699118,0.12250580167765074,0.10967973296713623,0.09058248886151031,0.09244294918247219,0.10123172220898113,0.09232724846121801,0.09683908085264976
LVAS33,0.11917195760707934,0.11438791391694364,0.10184568425963499,0.1090208508195069,0.11386197316380643,0.11889221020547204,0.11619606432155787,0.12406815953968599,0.12830742865705985,0.14396582988363404,0.15522682455859083,0.20464467587012788,0.20331194208809128,0.20763294109916824,0.19646103537758466,0.19158221477668821,0.15567242806383932,0.1661799546579436
LVAS34,0.10137938546857855,0.10263239576661926,0.09903441237526518,0.10433990387656215,0.11168818571114766,0.10658042170435669,0.1145981178150405,0.11562586259999638,0.12072988415798087,0.11865475223099854,0.12451657242536178,0.14228372919594914,0.1373020894462333,0.1399753500373408,0.13897694637625707,0.14418930062493374,0.1205591390475458,0.12335200675008999
LVAS35,,,,,,,,,,,,,,,,,,
MEXS1,0.1330394831956179,0.14389787636512621,0.1323977426374384,0.14352761825300273,0.16036745726750104,0.15942566566732821,0.16216013098289292,0.16374787535514382,0.15592644760428978,0.15432942122564683,0.16177137913054263,0.16913200729909877,0.15980436886800717,0.15659647708182428,0.18111966329176687,0.19925115432931373,0.2035262152488132,0.2138712751878115
MEXS2,0.1865703614046218,0.20468193052819308,0.17562442608069417,0.20247756619508983,0.23848172622192312,0.23647946540838247,0.23860084705824525,0.23363163730126132,0.19928160617054258,0.19852099730078143,0.21669848259046465,0.2321301691367329,0.23669711248382164,0.20615059467313318,0.24665661488049814,0.2737220473609418,0.2589428944417608,0.26962822050130564
MEXS3,0.1393827357802541,0.15944771047145656,0.1369585345384608,0.15199937036025005,0.1760292298437908,0.1722135878031373,0.177776683536052,0.1766704644765824,0.1653112328958606,0.16366949081062046,0.17632218089367388,0.18908785386668037,0.17541617770845588,0.16761882474939255,0.19771902561085145,0.22546348035739122,0.22273319066785097,0.2391668374194855
MEXS4,0.1286760313553087,0.12633162400556083,0.1123376483165512,0.12415741220246468,0.1342092554927801,0.13106590833720363,0.1351276617955726,0.13857377439286717,0.1332374259415304,0.13974387649242734,0.16960490860199315,0.160218261898909,0.15832967570964968,0.1951552703504454,0.2008334972261869,0.2378206462036401,0.19951829981098987,0.2485354432340809
MEXS5,0.11966524780406892,0.11520747637003975,0.09813379858659085,0.10404059692530195,0.12612798913272683,0.12409300720458792,0.12474306241729605,0.13144388912494395,0.1252260280673359,0.12985011017173495,0.14927787920323324,0.18298266787743062,0.15693119874559236,0.1635939193064947,0.1369836342325553,0.1524802353080772,0.1367547740247867,0.1590823257231612
MEXS6,0.09928974783870918,0.10225983104912764,0.09304650819793592,0.09781692519314908,0.10156035605368119,0.10195320504105461,0.10362673626899785,0.10386753748054905,0.10084603075700975,0.09950929114172333,0.10623714241223682,0.10230855200238122,0.10215903133791737,0.09860212467451424,0.1225456390753517,0.11882795717743114,0.1216380281462092,0.12189628856925443
MEXS7,0.1292413423341239,0.13683593266015465,0.12387349466096355,0.13529707166108698,0.14325470203208762,0.14387788358507378,0.14862287354582382,0.14908402657892125,0.14026600996304256,0.1456794478044731,0.16270147365330342,0.1662827437842129,0.16878605356018064,0.15175321979803572,0.17033724082110036,0.1832868517147939,0.17741033753538774,0.19853373197216861
MEXS8,0.13806879501561461,0.16069654147592002,0.13206883283501683,0.15768029703486833,0.18842274535622888,0.19659755773885598,0.2009771225965033,0.19276950491394135,0.1702335394798704,0.16225372127196405,0.17762582290722423,0.19319231526063718,0.17644091937864326,0.15561961784014594,0.16937530036156873,0.18599840477217783,0.1957465656563566,0.19916820498152643
MEXS9,0.16803778458416857,0.18660893824238817,0.15634360745884976,0.17859372309395483,0.20066371050150048,0.20492644943631894,0.2089457612744542,0.2120344784307447,0.19807125914777213,0.20477916730790316,0.2345418694130033,0.24598202947145267,0.22016713762239887,0.2156523228900394,0.23783201335981796,0.2535465030427208,0.2568385506876969,0.2578025153737536
MEXS10,0.16199038321546444,0.1691700356427189,0.1485068459329266,0.16902165369123015,0.1863610712045992,0.19976096277361347,0.20232744288639015,0.20804788778672847,0.20089816832232502,0.20403549463552328,0.24123971092656393,0.2512389579662435,0.23287947117504468,0.22811518188593538,0.2618059123065121,0.2804268091543607,0.270431298924106,0.3109492597302611
MEXS11,0.11378218843238837,0.1178484335025579,0.10648054933967838,0.1144594402885938,0.12337536974632679,0.1251701078395627,0.12633764629702895,0.12842614940819733,0.12663838133363728,0.12875645601899144,0.14023826370835626,0.14972012226093412,0.14378967162201506,0.13675269581619318,0.14583689940882325,0.16459604889664883,0.16878000493551187,0.176377392536024
MEXS12,0.17510819792780824,0.18696725427189123,0.16379800904846883,0.19515629753840616,0.22662088368790975,0.22395496392111935,0.22365552721899576,0.22321599886089433,0.21215912472491355,0.22026549356099,0.24679294619233308,0.2503610250787375,0.2463386052618846,0.23681423270484117,0.2941745881209207,0.31798927887888034,0.28158534683462794,0.3169274543815413
MEXS13,0.2629866828317028,0.29385872225967125,0.2723657601580857,0.30548437481939067,0.31919268014199254,0.31546445740734325,0.30388457424263754,0.2999832521231057,0.280608549215579,0.315649156724344,0.35284777536664225,0.34372276925246353,0.32089180456521893,0.29577327703449524,0.3052146996613757,0.3419248229938128,0.3261029022899536,0.40706423649301476
MEXS14,0.3427247375244012,0.45358088060613655,0.46943518414233665,0.5074305064945579,0.5212226780138642,0.49204245960727394,0.5081370865463094,0.5111966218286689,0.5093154286330063,0.5610865491784237,0.6443730487502488,0.6367120875170659,0.6079505875061498,0.5981717234488394,0.6599254311826496,0.6820771700962568,0.671620350936369,0.6846952831411897
MEXS15,0.2965823395130371,0.3149731060284188,0.283935316047692,0.29552142892233374,0.3136488480551567,0.34538976742817884,0.3269661600116258,0.3252954082007097,0.31761608770503413,0.3305716538211265,0.3883789707212892,0.36872570327788795,0.3604662474732942,0.34624531184772217,0.3594674045232307,0.42035996489332966,0.4119281096256573,0.4214004384474576
MEXS16,0.13666011845777598,0.14411923003620378,0.13428987255881064,0.1516702032289534,0.1435741926417598,0.1543016255013691,0.1587649071124123,0.1584058720469065,0.15641848710328934,0.1570512247832307,0.25829167250065577,0.24846674297248852,0.24338281787518037,0.25012575393657926,0.25484254927381195,0.2452558426133793,0.23466600268861484,0.26580352761004405
MEXS17,0.14269926328662402,0.1586935371857191,0.13574059140988257,0.14658834473774762,0.16192555117022428,0.16499759406923215,0.16648715632611946,0.16201581300566395,0.14844307691823916,0.14899190209894828,0.16003361559570362,0.14614001071393132,0.14562353925255342,0.12851025061528146,0.15932831106781847,0.17976246348989677,0.19074911115543344,0.19930864135664422
MEXS18,0.12877509373655122,0.1383282513289778,0.12244560954966298,0.13431494380779604,0.14336004219645074,0.148398480931469,0.1517430220145433,0.150768105236314,0.14076389800721598,0.13832504188106715,0.15169032285712364,0.15824565730121082,0.14491302281355076,0.1349600139311081,0.18109215908783363,0.20625006083409367,0.1954084253811835,0.20218470496348265
MEXS19,0.10067343042712806,0.1053636297670229,0.09617766119651226,0.10371336397349472,0.11157536989434623,0.11429582653786084,0.11780679565303719,0.11854147522062504,0.11543207215131118,0.10007020333399134,0.10522152429400117,0.10504775676595816,0.10501524714362528,0.09906757356429499,0.10721095604528054,0.10916652379899576,0.11829930491840185,0.12607604091084337
MEXS20,0.13604285193977245,0.14511631778751885,0.12590593725665888,0.14091823254645774,0.1555697097293241,0.1607037506937754,0.1679714503249704,0.1700346977951382,0.1677010005086059,0.16629124544348112,0.18039051691793573,0.1730301311175473,0.1790580529883932,0.16892548518262296,0.19207874551917764,0.21869380655486462,0.22767635329976002,0.24149098031338986
MEXS21,0.13264657071093075,0.14172691386759803,0.12262927890998793,0.13720251932398192,0.15162320560826692,0.156692009226393,0.16367406462801048,0.16563788977419328,0.16358462900438567,0.16622464744259807,0.18002504687844909,0.17205137533407738,0.17902348194446657,0.1689907584882397,0.19487460965537054,0.22228208207170133,0.23133209913064212,0.2434601953239061
MEXS22,0.11240349037352652,0.11882874754752207,0.10798031254489512,0.11511088896120998,0.12267717732207607,0.12404145480146632,0.1299346637154829,0.12988501211562375,0.1269260358849919,0.12563311356004067,0.1293919705600524,0.13145764460985349,0.13057359122302645,0.11593754646356244,0.1530076031235967,0.1714302783094312,0.18542436583729974,0.19590600070931144
MEXS23,0.14028299786587245,0.1565829010178311,0.13376768358510788,0.15902079642317468,0.18145715975000828,0.1885843546989622,0.19575360066107828,0.19508722954424673,0.1833518006856122,0.18488192575643456,0.2040935424450367,0.21404189068292404,0.20097786586385072,0.17776706056864014,0.21057294128563248,0.24048715934689494,0.25408525269238874,0.2666883464295209
MEXS24,0.09540631896278992,0.09925052850439285,0.09774078766126537,0.10378482773356829,0.10826264598431695,0.10693758758835044,0.10569200875387792,0.10518104144186409,0.10182262510021808,0.10947947429557252,0.132228551147133,0.12493747198084455,0.11796669341122593,0.1127128580117248,0.10632058544746803,0.10722960985711948,0.10573959619841712,0.10292058820354642
MEXS25,0.13186216563133749,0.12674713471578142,0.10339588188976151,0.11784006667431747,0.15749597777861402,0.1312589462129605,0.12703999277471412,0.12984444602369574,0.11545573124732182,0.12146372940276223,0.13967368950185144,0.1494408159326279,0.1405231627348351,0.12259959337359211,0.1282222654374369,0.13839346749547718,0.14418563528200018,0.15760263874684272
MEXS26,0.1077115969773087,0.11257417073502075,0.10498220193949503,0.11407396619837606,0.121364557456452,0.12459814330458346,0.126607732447164,0.127773401636411,0.12538329384598437,0.12358413726675924,0.12885215972005154,0.13122421508117008,0.1278847258664387,0.11701344030931995,0.13189309524934092,0.14481749523994764,0.15722766033838134,0.1719618583125117
MEXS27,0.12614709801659696,0.13328817202918444,0.12562789207051483,0.13180002313656577,0.13769193752580944,0.13725328406525944,0.1408482831001448,0.13931573872975925,0.1321183955644002,0.13761513938987333,0.14945735471905602,0.13828379594226403,0.13837770960209456,0.12971272366124434,0.14790308792420723,0.1523907117219005,0.16321888086478953,0.17639664486327114
MEXS28,0.1204566170380272,0.12964792238584355,0.11849737389803332,0.1269327467062579,0.13679055351726072,0.13998413621910522,0.14633854678148675,0.14493393141560953,0.13908927944071403,0.13892188735559555,0.14847179713689582,0.1407573787177228,0.14385513516137555,0.12964676551490611,0.15227876182819666,0.16415820998474984,0.1809941143821135,0.19881061541899298
MEXS29,,,,,,,,,,,,,,,,,,
MEXS30,0.13633676899016636,0.1496769249852719,0.13139758709083876,0.14392166717626567,0.16014384109029628,0.16169653323403618,0.1689216860056959,0.16598896627486415,0.15895606611473725,0.1553372964669266,0.1677678008592116,0.16320735534920008,0.16794433140641402,0.15336698537446927,0.17540442083668595,0.19620856549862117,0.21089416326811558,0.231846623696113
MEXS31,0.10256266507047071,0.10746476335174573,0.099895006296045,0.10614002738186028,0.11340533480322297,0.11667980846848307,0.1165659544764224,0.11690798804358646,0.11208186713174344,0.11167215581079783,0.11861294793773967,0.1239181089286435,0.11766251353185841,0.11258400605874122,0.1215210974618536,0.1292945041748862,0.13952808838539735,0.14527496601533776
MEXS32,0.09272171881916155,0.09855524532234901,0.09205632372970683,0.0952769870235226,0.0994711393254906,0.10042611526995608,0.10231590462638007,0.10218038850663207,0.10057754490545442,0.09717188255207852,0.10193630377838564,0.0997113694818863,0.09879855375087546,0.09477387274807235,0.1129494198889026,0.11994450345980912,0.12000218745187227,0.12550804070436913
MEXS33,0.12920266839298652,0.13741456361939464,0.1288109146479516,0.13693958989296875,0.1432961511107701,0.1451061767072815,0.1459794365296099,0.1488136878484026,0.14118407072497635,0.14965362908186644,0.1631715544940657,0.1569237474442084,0.15064676741014718,0.14717618156168732,0.15702843427306487,0.16807348436295244,0.15461619215221417,0.16416176073269287
MEXS34,0.1033797426764628,0.10944157600898509,0.10103295163012735,0.10625595518910827,0.11198936145457011,0.11386596230907517,0.11575322171603059,0.11488155473221773,0.11418095654286861,0.10780723086498402,0.11551792101829701,0.12061452037966837,0.1188893479618573,0.11317796866746008,0.1255384060349038,0.12012135841360533,0.13141548959709207,0.1452412060679378
MEXS35,,,,,,,,,,,,,,,,,,
MLTS1,0.10028797741851382,0.1364160418179679,0.09287310806139083,0.10321140445771912,0.10092435455547388,0.11190589156991619,0.10200846263255257,0.09038318281373799,0.09063504876400763,0.08701748322077521,0.09258901308835923,0.09343315247916048,0.0984362999754119,0.12463912459646313,0.10832210432553037,0.10915673927479726,0.10697912378109009,0.11115055493141152
MLTS2,0.19517152501780005,0.243586743444198,0.19690690821242998,0.22938346881935062,0.15938181610344843,0.1668729701836226,0.1790871226412793,0.19383572288134332,0.2022144936615999,0.2094830175401615,0.21356771988708742,0.30846463120921985,0.33502169465726106,0.3796919472022796,0.3328373572729207,0.33307670400209555,0.3259498894065361,0.32556061836898326
MLTS3,0.10149001489016961,0.0953896400641005,0.09178428166257784,0.08951473205046515,0.09209414190275696,0.09544630369708519,0.08935017130799888,0.08974701214530967,0.0878028627928464,0.08657033394303773,0.0923306954713132,0.10384663377111183,0.08387007632589788,0.1128771578973006,0.10377068898478524,0.10524744403251159,0.10306146143191083,0.10287391878397173
MLTS4,0.24954322212354427,0.27183686894367426,0.26740457673625295,0.28238608510038143,0.3465071811302182,0.330171420995665,0.2937463091915185,0.19625705383590134,0.1748569808692685,0.20292815479208764,0.25253503149979356,0.2792512660045812,0.2782150509932202,0.2982936379297537,0.33249064788380855,0.30750610366154035,0.3098285868577885,0.29794454898419404
MLTS5,0.2218896708971317,0.23356787487428182,0.1275708420022964,0.11097880861682317,0.29436109496572005,0.2493183361991543,0.23209177853554153,0.17959771284518486,0.1782701298423831,0.17741725107996623,0.14297501305000193,0.11088487553863889,0.11378226501031741,0.12034964873772326,0.1436616490176474,0.13226457213265289,0.12231324369815887,0.12437481384788664
MLTS6,0.14498726628450406,0.14753258951779238,0.1297674235038193,0.1363458420047414,0.12709852381451586,0.1303084378719339,0.13485340363666395,0.12762772196308125,0.1300028324567621,0.12869405507551382,0.12681478498129828,0.13681100415944467,0.21962873071067673,0.24663527984677763,0.24995077314899447,0.2243384846040164,0.2112617579024583,0.2217187932969446
MLTS7,0.31033942057986036,0.24517349673290725,0.3069734382044184,0.2521801832330164,0.27006848867128147,0.3320136757324435,0.3315710247946543,0.26138365205066716,0.2694774693597117,0.26647529734926445,0.13932589359673728,0.1272877160998457,0.12358163622445022,0.13829127621538775,0.13199445101379284,0.14006983022098773,0.13465084349579598,0.1308131467310844
MLTS8,0.3338741697988783,0.3216300443157736,0.24566916345292877,0.4585147979308633,0.4696702741933604,0.4653251253712133,0.4477610874929341,0.427362710382299,0.48251743833505945,0.47861017304705494,0.5163102176062134,0.4808709553992551,0.4182208704298394,0.4316664154074134,0.42970972890579,0.42635057066282284,0.4266170261910574,0.42365840732104637
MLTS9,0.2827561467475345,0.2683570301301963,0.18178279065875783,0.2628099506906332,0.22488180974570737,0.21654124823775853,0.17767121669531605,0.15923861124053118,0.341266130860205,0.3371122117316941,0.3428994778104841,0.3224008018289639,0.30339693458496,0.32247301695174935,0.3428729048554478,0.34283977684683625,0.33924929569484913,0.3353401358373978
MLTS10,0.341973452271199,0.3860898037457298,0.3429642205558027,0.32864991412774036,0.3599368003615942,0.3555614197039532,0.3472429157257611,0.31533008917117517,0.3222927952944713,0.31729857338256906,0.32233240930227236,0.3093123545794149,0.29380752396864573,0.31641657815706986,0.2536928243831223,0.2226245870165606,0.22349092702330156,0.22237540241412007
MLTS11,0.09172984953962506,0.10011345363021246,0.09313621007249961,0.10035797354355512,0.09842608263139216,0.09829030524050644,0.09564604048644039,0.0918854417394334,0.09407741614340466,0.09270117092564727,0.09078997622125855,0.09184792897648844,0.09066022100630931,0.09372939312664136,0.0802872258484706,0.08209011690179618,0.08262617774548721,0.0817867976855288
MLTS12,0.18210886822094233,0.17928788238023402,0.16016196904073526,0.15956116995177919,0.18187985162439224,0.16206804771198524,0.1669068587292046,0.16833906194301768,0.1754673166831592,0.17190719920038458,0.17698793680929442,0.22185315248678114,0.2022487683835084,0.2781897952181462,0.2260882959409128,0.21522043652921918,0.21133597447881644,0.2076159827129676
MLTS13,0.31688462317524013,0.3290077626424809,0.2963216452486529,0.3218123393894842,0.3262207499910473,0.31800821263656753,0.3074704649300839,0.28597415844169927,0.31469793762585285,0.30814920681725383,0.3833447272801174,0.27021207963016247,0.2679405538563488,0.3348080441237527,0.24304381335153846,0.24056783979004376,0.24132364772568946,0.23901483417098168
MLTS14,0.44011676201231864,0.4451091047932255,0.42838685533726184,0.44077944067961555,0.4444199782518716,0.45146099455282596,0.45359611611573325,0.443123402218808,0.48011114200328864,0.4769358068617727,0.4814353425966184,0.4475487937412004,0.4366563848290548,0.46593991043357735,0.4680531209184362,0.4897443366977551,0.4835151662176357,0.4821042755142941
MLTS15,0.27915073617233516,0.2999670093212688,0.2638832421752666,0.24748141504472926,0.23711723413084493,0.25043692974790605,0.22738481291504312,0.22371459253535889,0.245403379314125,0.21081612611239645,0.25380013111651933,0.1510679045663508,0.15829217172281493,0.1636332959211616,0.15332994455822918,0.14188383220418216,0.15726183407189995,0.14074132064222958
MLTS16,0.2453794929626269,0.2458536101973174,0.23291827989077463,0.24883090531844282,0.2219081217277882,0.20983449355637115,0.19695756676656107,0.2002739840175833,0.1785929254451471,0.17770128939789273,0.18644439536082644,0.14689773535106282,0.30354819317202986,0.1625570277334331,0.16124520925901048,0.1373747795345757,0.16210650008066124,0.1590203129691017
MLTS17,0.09676355298366683,0.09808869837410872,0.09590281858830166,0.09712120305786058,0.10317429017793658,0.1007410109225289,0.09925021319015191,0.09826029960154782,0.10661944534992172,0.10656637127064648,0.10766952749750806,0.09774287216587982,0.10109836071729464,0.11824958781594526,0.09514860079903091,0.0995683062487687,0.09649536794530385,0.09790904219255553
MLTS18,0.09985596998157224,0.10529995054891117,0.09786101548220556,0.10857732271568403,0.10014311174707988,0.10181170488528561,0.10054992613535267,0.09884983379409215,0.1023795470462445,0.10219924585850518,0.09760975048974678,0.09478646578613967,0.09051960947408662,0.0984958256341906,0.0827266473407852,0.09229341575324077,0.09299435647818301,0.0911866697657133
MLTS19,0.1863691140598161,0.20263340880002123,0.17498208207709817,0.18653133242868716,0.18445821745052315,0.18523454099603578,0.16976617648075346,0.16696058260072613,0.17331228272542448,0.16832894862650186,0.1766009843143436,0.1675953290769736,0.18130558679504769,0.24202569278010422,0.2184919318296484,0.1997921698616842,0.19958563550889763,0.19393220128369673
MLTS20,0.14481508654366396,0.15768197630542655,0.13672700031664492,0.13363922197758393,0.12963110232763034,0.1292482922769739,0.1202939805446367,0.11127421619296071,0.11670942249582267,0.11476533494399146,0.11667054291449445,0.12682423246280888,0.12527755424495904,0.18108059946245345,0.1687171730098225,0.15253915038318092,0.15102442271754424,0.14403436656686772
MLTS21,0.09108186453832802,0.09273717491212853,0.09390366074970498,0.09278801905491492,0.09103286549382171,0.09217806110397363,0.09200520607888668,0.08973831441569896,0.08897517231578848,0.08856811643531956,0.08951629434798201,0.09180533554995793,0.09438711374869581,0.12035888134035559,0.11596260643058089,0.11058079298902472,0.1104362473252998,0.11125737166219014
MLTS22,0.07837820017678894,0.08078051442244011,0.07893849116186788,0.07701927146474986,0.07592190215536551,0.07588845225972307,0.07918095891519907,0.07837870916711967,0.07446946692794361,0.07620438966549198,0.07667332786835039,0.08211685364775237,0.08259541601928051,0.09562757265501046,0.08829117615379242,0.09264374832075592,0.09500164112691735,0.09317367547278141
MLTS23,0.1882061833690841,0.20930148988745245,0.2081606828428149,0.20245678037553458,0.19647393877895422,0.20075211571156473,0.20160679677694537,0.20227417625440872,0.20708370333214404,0.2039531648041895,0.2072379577739485,0.17879903354899473,0.16957766581176303,0.2162372184327809,0.20257231912618484,0.19775960971786188,0.20526319995864745,0.19276292225363742
MLTS24,0.17931776449768086,0.19376508636902307,0.18360336183579007,0.16753494593358348,0.1681183709348548,0.18459560589909949,0.16863948384042352,0.1596250460586433,0.16338243572456504,0.16276359189201192,0.1679419992713642,0.16472457563548312,0.1485859556304241,0.19008442625077898,0.125185473334228,0.12326042576574836,0.12212247771927622,0.11725096276447723
MLTS25,0.3957876019199636,0.41900787176451004,0.4065729562476053,0.41388157996140673,0.39049565091106453,0.40402166199070455,0.3717008439097981,0.36558525431990824,0.3775048138551801,0.37436119353547065,0.3779302414952484,0.3488221258569438,0.32414657458246476,0.3031631262886365,0.24335036312911915,0.21609474975169085,0.20510900974360274,0.20564251336256012
MLTS26,0.1461602960322399,0.16302326802442155,0.15376587768051844,0.1457626221776052,0.13841169735551997,0.14707108196572435,0.1405988969945943,0.1350482353282788,0.13800237307587732,0.13615100034890867,0.13968628430645558,0.15790357296246535,0.1527548448026486,0.2402697849866649,0.22048722242242969,0.2035203977269102,0.19108779363345002,0.1878755617725812
MLTS27,0.17863399717015732,0.1564145195535153,0.15131415270878665,0.15077103444667334,0.15407678184961635,0.16223179551065808,0.15718230759465934,0.1781250171077924,0.1829855621105074,0.17839186066982732,0.18024091863397163,0.2105071972980117,0.21242408423983045,0.26212873713640283,0.2275212960625501,0.1750926594625546,0.17379189249403476,0.17453416105253017
MLTS28,0.4036576055045436,0.435720690122313,0.43440362418705125,0.4448320157416138,0.4309107159323381,0.43000604208171084,0.4119674577246385,0.4084566040651144,0.4203112663730892,0.41256066147883663,0.42066633183870095,0.440915853489048,0.47795732197927976,0.5077306614521674,0.48324440757224657,0.39878896828213073,0.39499819549589144,0.4065441935259417
MLTS29,0.07465899444815549,0.07160165207061006,0.06965260710250674,0.07262182777124705,0.06587653752247426,0.0665225848194835,0.06393265970434997,0.06046058672444717,0.06008727011414159,0.06061590653895847,0.06142475195709595,0.06077997431636656,0.061078301943741885,0.06547904366510787,0.06941698323322047,0.07119926609608397,0.07228509095567513,0.07342871660425286
MLTS30,0.2441736095733442,0.2480549970698703,0.24391161652802984,0.24106653635726688,0.23492366191044284,0.23195333323781367,0.2170697242172111,0.21159661960732862,0.22649165503142876,0.22199099217884852,0.22435568621312219,0.30787935518314896,0.304223037588642,0.3752571334261245,0.28960116616618686,0.29078732341984703,0.27928832746496657,0.2819358475759722
MLTS31,0.1435419922836736,0.1539278693748999,0.11592635324728442,0.12122692169301569,0.1094084038361703,0.11220856037800028,0.10116215731807925,0.08865094629551228,0.0948676387141329,0.09365517496229334,0.09278447134968099,0.10166371323241234,0.13852879312323957,0.14158624507700965,0.10973191049953232,0.10823130568132666,0.1065649180446495,0.10777793369670494
MLTS32,0.098738301241795,0.09656553036690195,0.09412793772498641,0.09804975729727686,0.09502143837991782,0.09479624691329637,0.09324785235212402,0.09953547808295274,0.09992832110740209,0.09941172624718841,0.09990707132005126,0.10268762047684903,0.17946338654694666,0.1838749389651417,0.17956607288763446,0.17967325630752182,0.18016403188609362,0.17947652047140616
MLTS33,0.07674786186227506,0.07844506898574474,0.07450006560740491,0.07557280573448381,0.06992870128102661,0.06940342333815441,0.06682331625605517,0.06729295224722695,0.06758842164239709,0.06755728593684829,0.06830294512846682,0.07124182371957397,0.12793717052571368,0.12775979361790607,0.10285060678564609,0.0963469306135956,0.09556348827673765,0.09359285079568491
MLTS34,0.1855801843336625,0.1860931064698264,0.1771839392676413,0.16992956998284686,0.1603416233484171,0.16127304143375756,0.17763266638027278,0.15471292722897084,0.15935223731995227,0.22585928569719793,0.22899381379233852,0.3290224544291471,0.2802812921636158,0.32914037809764135,0.37111235669252884,0.3137096220914417,0.3015478719820715,0.3032148017974513
MLTS35,,0.0890377370368683,,,0.14429358155148206,0.09273717038491462,,0.09485423506455554,,,,,,,,,,
NETS1,0.17650734175527658,0.21286155373544388,0.19858674876499202,0.20308462372791417,0.20969146607080807,0.23098396984721206,0.1801835902921231,0.1826792451178393,0.17786029696908934,0.18480489965936803,0.21521946323359142,0.25286013329906365,0.2087227545659212,0.2310736312519764,0.29050017299499703,0.3273159904474607,0.31570547594194026,0.30451714722942924
NETS2,0.3241940039860536,0.3829731759374818,0.26554161890608335,0.27328853830606975,0.28522074020847477,0.30264894376264556,0.23039411068313093,0.237764801533337,0.2323327022147802,0.2310465268350736,0.3578480727167182,0.2801091626722701,0.2900241302139351,0.25672241878903945,0.2942325865493281,0.342138142748688,0.3144522451198254,0.2806864669305932
NETS3,0.1917483800477065,0.23258155723008403,0.19186271969270413,0.20056930819790486,0.20595795822389434,0.2604454460854563,0.1951894180130869,0.1899095343265027,0.18764265129610283,0.20240361779196625,0.2720200415433288,0.2444811074848945,0.23561602717961908,0.2500046126946021,0.29734309684594556,0.35596727323447813,0.32376112117219585,0.30325949844102723
NETS4,0.2545840566059334,0.25749768159309816,0.30641664305174143,0.39693043527634514,0.39688504385779283,0.38508207327837,0.4008383966536229,0.39302534409588835,0.4056017783385437,0.41416824479090325,0.40946777912153254,0.3647414114893027,0.36806258110669204,0.3275217795739936,0.3558998130368513,0.41004402209420204,0.4158557787102323,0.3632066824066951
NETS5,0.26173817031583063,0.26046414740283275,0.2798875649253877,0.3664794457177748,0.39026764096050576,0.37261384886162474,0.3673269777930875,0.37403067715051985,0.3886608765147843,0.4006431725580521,0.39462031659055546,0.3276999632315884,0.3634564251835038,0.22987462736081266,0.29940727098302194,0.3442847319226453,0.36508062433144495,0.3028007150610765
NETS6,0.20793326815790356,0.19594885623560176,0.15861781311865,0.17649683852231923,0.17126733515421158,0.1748403349351973,0.16230691383436419,0.17711737259849172,0.17819235586949608,0.17923528130862096,0.2749409165226783,0.2598536425702257,0.28028264976425044,0.2669685802552271,0.2969753650800195,0.3318271962313194,0.3204534538859952,0.29472080178820786
NETS7,0.17747296002313337,0.19187851828302946,0.1725412981686297,0.17826067295807244,0.19282100495040272,0.19104277420760463,0.1726558523456732,0.17805288399531058,0.17411474526649653,0.17502927148759248,0.24106752670675285,0.21421455811596932,0.23039820705692404,0.23450620668886196,0.2587081681345368,0.2958101837988391,0.2931348732409139,0.24443166456040166
NETS8,0.4881046263865808,0.5589454414906501,0.476137591412382,0.5564915848852026,0.5848877249268944,0.5969000971251186,0.36065694983168434,0.3372626244880264,0.3309402752803639,0.3313070823958015,0.3851354386848525,0.3373944777934349,0.33757023077375237,0.3225323704574154,0.40885889432729894,0.4555945322989627,0.447988864567508,0.30575798010585054
NETS9,0.3948236368916024,0.44697422857305413,0.4270478957695981,0.5016809297516562,0.528720202081026,0.5317773453450396,0.5083051699046301,0.5041610453637222,0.4920631149859383,0.4947490917120188,0.5380752327522369,0.4910267128922706,0.4921951295044041,0.4888667728373956,0.5421480273490308,0.5891961290238193,0.5721986716196192,0.5575977737444204
NETS10,0.3519645620618947,0.3670659438270477,0.382194478194341,0.440055290668587,0.45328923535330007,0.4535235922808853,0.38380723077367024,0.3985984064546787,0.4027807938876797,0.40583245698842707,0.4081500081883631,0.35795673094756214,0.37099371523069535,0.39003860468748613,0.4109670871678167,0.4230545520522506,0.4136434863267214,0.36925330561431136
NETS11,0.1654317700607541,0.18993640037993384,0.16489094842305485,0.17522430430491157,0.17711803386059083,0.18067602615261863,0.1555619320939896,0.15959733406008375,0.1578585079914837,0.15901281391829733,0.2135686104756129,0.207502883860361,0.22617511882470068,0.22719878275070737,0.26706281239111573,0.29916849233449005,0.2847414204110512,0.2677304118943253
NETS12,0.2621885614566514,0.2944054712666081,0.228401452639738,0.26864786879706504,0.28141456759910066,0.27094176148642796,0.262287564760846,0.2685268802523755,0.2667521781721324,0.26901680315577436,0.40591720801578657,0.3599074246809268,0.37643356311585763,0.38500994451199716,0.41968867068511795,0.44604593555456873,0.444045032532197,0.39588158826158887
NETS13,0.23875924470470983,0.2533101662547711,0.23121799421000755,0.24686941857927022,0.2666852368659951,0.26894442213271585,0.2712801621305909,0.2862688105457455,0.28822729002850245,0.28933765281793145,0.39099288220180023,0.3446074518427773,0.3569457782416682,0.3091157860161236,0.3393201281330038,0.35440979553827767,0.3455016384571495,0.38974192982330463
NETS14,0.18782515448339582,0.19507974729644623,0.2876747749957138,0.3877186215254163,0.41583537856247005,0.4181304399849622,0.4174396062266776,0.42170147497199656,0.4286503800838902,0.4054565022464377,0.45046121649992255,0.30618807178809665,0.3907489851108132,0.36818070199585967,0.317970656927411,0.39129603759986725,0.40946352155664983,0.4017865267713927
NETS15,0.2896241955613168,0.295344064418002,0.24831114526881734,0.3061748313760165,0.3305229951577436,0.3315764549742906,0.3021509592946774,0.31583318377015246,0.32247259783965415,0.340664415505151,0.3555857657306519,0.3181939814188162,0.38722333754314886,0.37656461472012837,0.40680130996288294,0.47473668242934863,0.46969392766609047,0.4522704389817905
NETS16,0.1952907181356801,0.20921473875641874,0.20354481308211334,0.24195662227694145,0.24756897167812644,0.2527687276960499,0.24426459794206082,0.2529850224939737,0.24924633431033635,0.24989916886783642,0.3539338088243555,0.2860852113469038,0.24565748003943969,0.2737071306264644,0.3126687964686217,0.3423121834536211,0.37046926185498136,0.3155291757950948
NETS17,0.1383357217349668,0.17208684976861138,0.1458703545997422,0.14749495230802565,0.15650554255878793,0.15685021044727385,0.1383606992432908,0.1380806240880137,0.13056815633655297,0.12918820849836818,0.1350152662948582,0.13032377078113222,0.12617992522150245,0.1246420706022572,0.15182789888671858,0.17344410429195528,0.1678072023087315,0.18522919777823268
NETS18,0.14743628877004647,0.1580942325745967,0.1474844672519539,0.14984856947865713,0.15913414111169832,0.15949887239624197,0.19317317255654265,0.18876908870726217,0.18430927263349284,0.19159641549184334,0.2507153925450854,0.24640428541897783,0.2125822309146698,0.19942846275849624,0.24402154814844534,0.24688664805811916,0.24795257164912457,0.2500689480297451
NETS19,0.13317944443648017,0.14206467677646045,0.13316604474404786,0.1372616512742925,0.14524526230440948,0.14269230777082048,0.15319634262814,0.15268372889508078,0.14932826010092012,0.15121662457955612,0.18116829888635402,0.17909168196756373,0.17832992789325403,0.16880503601966174,0.19241248515981857,0.20909788783829766,0.21085369483531272,0.2158327777170668
NETS20,0.15431376973315114,0.16646575228379085,0.15876814269767706,0.17310047828394298,0.18623354088031632,0.19146889849434037,0.21365330136483687,0.21144268128359991,0.2069277553295027,0.20812754387648483,0.27614468512105117,0.23272736517900547,0.2399163056421664,0.21853345156089218,0.24865868768396768,0.2943010706830351,0.28898085506958066,0.27033330643733594
NETS21,0.13554240078856689,0.1453358523164416,0.13098736982775633,0.12757894780632012,0.13539286657825425,0.13711614353274135,0.14121931778811433,0.1400662233873395,0.13542576207133736,0.13528864362922569,0.15611999675488059,0.16121096995631398,0.1496332390332566,0.1457172918257552,0.16674731205451732,0.18219539364960768,0.1882009072018083,0.19553244535869643
NETS22,0.1286147023922161,0.13646325563709,0.13043149524882486,0.13323713282730876,0.1388335735173092,0.14107747570551613,0.15132540820375112,0.14838963296556584,0.14451434735007984,0.15369903032895246,0.15869437741776,0.18284968156315126,0.17532202328157134,0.15477266445326082,0.17950585591469564,0.193094785996433,0.1960973327271163,0.2268854371543972
NETS23,0.1324030646034407,0.15053244005432664,0.13521975805190264,0.13923128228698467,0.15007109356318482,0.15173408656558332,0.15216874846189432,0.1600775948638786,0.15476033063184066,0.15579968951811515,0.21710012251582614,0.18823228748422427,0.18515588899783,0.17062746244573246,0.216643291793146,0.24483828235348284,0.24697176104899327,0.20995064348065118
NETS24,0.1620849493992047,0.18424452980595973,0.19508403682126227,0.29681284874962277,0.3039378580709646,0.31401334026137623,0.2796471641584659,0.36551104374738413,0.3710846688607846,0.3728959073782453,0.513059752128792,0.41674798954156894,0.4355294238118735,0.38696565213286327,0.3860901202571236,0.42513283556143394,0.42503716080809,0.42512499602019455
NETS25,0.21398207583731363,0.24984310638861193,0.24024811199372148,0.25784156578122874,0.2715171272613153,0.2921000418546479,0.26325297590112257,0.2899205573197302,0.290767905082473,0.29281465471443924,0.4069792275641653,0.3354374273800672,0.3517581976977469,0.3219648102049732,0.36997066140594265,0.40738863709897577,0.41286157482888136,0.40051858021098263
NETS26,0.13126903011895608,0.14294871442939858,0.13105452526071965,0.13023576927918049,0.1401708683436787,0.14091116436718049,0.14297862259208935,0.14761581571618307,0.14395445577897756,0.14420735744639776,0.1700372124295755,0.17228626251928736,0.1704609691040678,0.16017681420171453,0.1907145478246116,0.2125731439498958,0.2137831995519354,0.2179347922025543
NETS27,0.13180243003279057,0.1385708299157178,0.13452512588546733,0.14035797172464215,0.14969293390700997,0.1494201387765406,0.1690561691243725,0.16855532781867003,0.1637863919879841,0.16513544946569036,0.21381322654674748,0.18801105628723136,0.1959859932648479,0.18765195830015144,0.20902099931301288,0.22723336677304454,0.22353847865201165,0.21658483903493897
NETS28,0.15294979856670324,0.1619740720725444,0.1424742656289306,0.14725682641052523,0.15967474794301048,0.16112923496539025,0.1754343844387945,0.17280331944276198,0.16710243384334877,0.1684929507932009,0.18623295993655956,0.19580338015120746,0.1932981018944008,0.1792287466431495,0.20688358871691825,0.22099478653849264,0.2211479335542532,0.23405199848590547
NETS29,0.14260870708020595,0.15146624581546253,0.14694259401735812,0.15056591968459015,0.16005213042496186,0.16103667259425206,0.173096260002886,0.1704164719103026,0.1643323706122761,0.1663987135598122,0.1834429358798466,0.20024948539353987,0.1977130150660238,0.18242528389717044,0.2130712030312694,0.2163020548996482,0.21247684083153032,0.22795542499759947
NETS30,0.15530104573118003,0.16768872423349188,0.15712219140340594,0.1664935547745531,0.18248155495069532,0.18863218879515928,0.23199741441004712,0.2256327310203243,0.22652533528398178,0.23050459081330782,0.31353705732609655,0.268125956241964,0.2718060195054639,0.223528368511194,0.258545078218197,0.28597217049359974,0.27439662621666944,0.2783688583701101
NETS31,0.1395689877259396,0.150624825198816,0.14384378957265873,0.14769561574642473,0.1593099566782081,0.16047772090295828,0.1959510082832581,0.19217648901710072,0.18374073327727813,0.18332784002719227,0.2389854876119862,0.2229173443259611,0.2029213900174056,0.19385717095015806,0.2204419142763635,0.26429384820046276,0.24272320309778456,0.23992495823706314
NETS32,0.12447263880457693,0.13302938621054827,0.12546711924386142,0.12682591752892944,0.13630346030415916,0.13689329014472293,0.14458395099418284,0.14409852536118947,0.1383726943671655,0.13934987572791982,0.14788010178246688,0.16553607011924382,0.15820822079577454,0.15080612228335896,0.1742908642688552,0.18846514416980154,0.19153229823498605,0.20977597335803322
NETS33,0.11752670990989202,0.1267684230833218,0.1251042741796147,0.13079103050899835,0.13840757541856033,0.14111187731644056,0.14678425257962754,0.14556509382292301,0.14001300636130246,0.13986335223922117,0.1557631200379604,0.1589134559314093,0.15013795463904403,0.1497915398127144,0.16558834288539084,0.1776852775290911,0.18078882244561695,0.19665857133098136
NETS34,0.14177549669948405,0.15277614572008072,0.14359524282405348,0.14855425735068176,0.16076251312897297,0.16246704845104154,0.1829324468929899,0.1808692703910288,0.1757828123358613,0.17816759135849122,0.32403639692153946,0.23966172158052973,0.22369940244913467,0.19822357018515735,0.21962144743101478,0.24465874759533524,0.23504109619628122,0.23947146916722398
NETS35,,,,,,,,,,,,,,,,,,
NORS1,0.12230313977050532,0.12656775069219944,0.1221623750618381,0.12316771879565822,0.12536750487170664,0.1286840964594843,0.1304127753025748,0.1309327133526906,0.1335510061657255,0.13267061089898824,0.12900017809042,0.12800937786530853,0.1317518221988434,0.13408666825098176,0.13603161052103552,0.13678189177857947,0.135914510531467,0.13862780451011858
NORS2,0.18521653785414444,0.19817424941686257,0.18270771960076912,0.19951097614417815,0.21650820366836174,0.229102702023909,0.2596454233789856,0.2638833097686489,0.2647294065251412,0.25461079339999393,0.2823463068735485,0.3083902433490696,0.27752268961710586,0.2719814384370986,0.2997070059365602,0.37070373189454503,0.32681191971018514,0.3303902709168056
NORS3,0.11953977789511068,0.12262244176727019,0.11802772981144033,0.11816501066867212,0.12019242780842014,0.12425780986214482,0.12128224841202727,0.12069379878422222,0.12295720481985854,0.1241634098034138,0.11776583447082951,0.12637268255939313,0.12662295154279124,0.12864168046928454,0.12988198999321696,0.1290286310063597,0.12859498625594298,0.13015796324091422
NORS4,0.09578347262135258,0.09542258402207177,0.09380077628318724,0.09669487217212634,0.0961030674487366,0.09503971282657951,0.0965820522989616,0.09764841603171387,0.10087103026896654,0.10151359701504345,0.10565445327852994,0.1023200827908342,0.1064718064621798,0.10418355078133841,0.09723993151286714,0.09556572816204273,0.09711637094609424,0.09876853536950721
NORS5,0.12151180496362317,0.11814766715529988,,,0.10118392462231628,0.09719476281813968,0.10043369860334159,0.1012796390754292,0.3023247111887754,0.19400027205258286,0.21729065458863575,0.2101127892714758,0.18972057303717443,0.17381512616742617,0.1678990174411532,0.14984781410790862,0.1476869735346917,0.15228562360424144
NORS6,0.11283361868640461,0.1143611767111496,0.10990140170265184,0.11291346125296195,0.11417839775622261,0.11536959581089538,0.11442556701270644,0.11335866567274566,0.11394453802293394,0.11374335101510244,0.11061941911417651,0.11236307604773185,0.1158562392673992,0.1189010228286637,0.1229135526630136,0.12198482355018984,0.11798646639301255,0.12108003857062197
NORS7,0.11467890151431354,0.11966513085553294,0.11220055686279921,0.118691014005851,0.12353705934387293,0.12226356636860473,0.12417493121334337,0.12310117859887112,0.12171477024956996,0.12000009587527768,0.10941014233860574,0.11858117416019943,0.11503775690400012,0.1142016540898645,0.12068895445896766,0.1204796730824992,0.11715549179897415,0.1218171091636756
NORS8,0.17853444562831794,0.18245251733776865,0.17130328757184052,0.16937904072363621,0.16766844195757022,0.1693665711132075,0.1715957372719046,0.16063504148882318,0.1619087410192526,0.16354222055028173,0.17088580290813263,0.17258998358554964,0.17128113892767746,0.1641434846502129,0.16709077039589845,0.19263368577084777,0.1915284211509493,0.19249971064134377
NORS9,0.17992225058724698,0.1733813845867599,0.1748216906778265,0.16469727929835543,0.15449057591602133,0.16452881653266432,0.16904593764824286,0.1677486742132172,0.1659846101908065,0.16786447072593616,0.17547466402635684,0.18197729965863746,0.1831098158742292,0.1670364468599147,0.14597239999332276,0.13477893439275185,0.13427891247967785,0.13948207007118746
NORS10,0.1315108859808308,0.1297559117030253,0.13792447079145664,0.13258777738952807,0.12894281397261811,0.13696340049860942,0.141525651506732,0.147387676193211,0.15358180234055954,0.1548737198764504,0.16538686517275356,0.1668153329287155,0.17802589260724042,0.19122906166003845,0.18101567190142848,0.17540957543323712,0.17910106259588265,0.18316382794719677
NORS11,0.1069956892998701,0.1123412860794554,0.11425398220320716,0.11631470174074765,0.11829288959691187,0.11518960123466354,0.11682462182084061,0.1163366453460246,0.11305036884248149,0.11545989569853944,0.10759286853466987,0.1182182833305685,0.11814031957124335,0.11415020922846558,0.1197659687532131,0.11198610992232529,0.10843290652751618,0.11173585596482681
NORS12,0.2536190640411779,0.21906852810237182,0.17274200878458237,0.20760590318915345,0.2501844431953035,0.21267380426354796,0.1988523927274235,0.20424292012144826,0.22550768484554554,0.2292625368573256,0.2546199910036398,0.24789810088782321,0.2614182818735337,0.26680623154988564,0.2564346224003964,0.16357407525372178,0.15754757369098588,0.16071751918230545
NORS13,0.14558048473899382,0.15665621000843405,0.14101134137606194,0.13933739182160737,0.1380229941952586,0.14970714521516715,0.15633001755481354,0.15619470837800098,0.1553837287039075,0.14992863618455426,0.14796787719940743,0.1475570713766768,0.14881002403428623,0.15134430919663566,0.14650935731640352,0.16798508790886676,0.18409031818096294,0.19588301259621035
NORS14,0.18980411533075273,0.19931126811251704,0.1899047899835739,0.1914009682134647,0.19655777924970616,0.1859567685569391,0.19141495129497987,0.19641435434724974,0.21292479979838183,0.21613723599323736,0.23368980843895265,0.21224222725456496,0.23526455177013395,0.22739435009891706,0.20563284543948382,0.13571683390152428,0.13874076392061227,0.14031892200117693
NORS15,0.1265875749147426,0.12858904724772527,0.12914412615750884,0.12356940461461272,0.14660489855387498,0.1352485803060253,0.13957631729881104,0.1478012850443247,0.14922392185771438,0.15097431021042812,0.1586326418477591,0.1273562370554233,0.15712309872749183,0.16346601051514612,0.13309416206465874,0.1338857211525806,0.1509992378099838,0.14010522503961054
NORS16,0.1039127655848913,0.10677746089207107,0.10017385927453529,0.10964223843154934,0.11020314748036525,0.11101634789845463,0.11210668457670837,0.11205576658615896,0.11355226033255074,0.11447344624075019,0.11914659010876535,0.11403022916955333,0.11466030827300497,0.11706224072435119,0.11693049101743769,0.10733932019720163,0.104825443307331,0.1062550650763914
NORS17,0.10435181063161433,0.10851212924625253,0.10502452397330525,0.11081857883624727,0.11286325666575901,0.11313758419793112,0.11218644945545919,0.11072886207141538,0.10840430307440521,0.10917196723357943,0.10452478616374755,0.11351409056840198,0.11229946005640642,0.11711382174387369,0.12414463527990928,0.12525185531944,0.12848098025430385,0.12582914955902436
NORS18,0.12295255977262497,0.1303373660300577,0.12658785768756353,0.1264676180821624,0.12951133462735628,0.1318227872200167,0.13363768126716394,0.13336810518350783,0.13288890521968105,0.1314672254876194,0.12372144519948508,0.13412173058862456,0.13331989798117527,0.1339362469826786,0.13978692226766984,0.1378503973640346,0.13601647352979906,0.13809481356088005
NORS19,0.12093794484035252,0.12126447112895825,0.11745115074119204,0.12002118922614143,0.1221293358419341,0.12522436205242335,0.1262733956549154,0.12605848129461078,0.12636383967970025,0.12373647261699358,0.12497751555603817,0.13049534971184668,0.13247428365571315,0.13769407918126747,0.14254769528907849,0.1507668420432957,0.15901827500410226,0.15097958296503136
NORS20,0.12335077627773852,0.13180027835551486,0.12445359696695543,0.1288823585482221,0.13274212596608156,0.13526253278814393,0.13856530979737508,0.13794251499518423,0.1336910962324411,0.1307405431738675,0.12591744593901555,0.13315937334378314,0.13186976377143733,0.130320223108788,0.13872817874432897,0.13608506965491424,0.13405353643787973,0.13825193401475763
NORS21,0.11699349926952778,0.12551040838618696,0.12032865816406985,0.12286520328857847,0.1266101165536731,0.1291785528562113,0.1313697736768067,0.13137729216521019,0.1293907396970728,0.12518245069718636,0.1187520988359063,0.12994131264555311,0.12788100137448227,0.12785613257170148,0.13482627601800148,0.13080820358090392,0.12858797061921307,0.1326372992954413
NORS22,0.10193257134322707,0.10871765782833638,0.10689070883021679,0.10687457731684544,0.10768462142953292,0.11001435847132951,0.11142370444994175,0.11205789814289853,0.11159093301444215,0.10699815523563312,0.10233512451892876,0.11236607641379787,0.11260731382454227,0.11169353552805876,0.11383468997041118,0.11122605452338294,0.11004556678915244,0.11360682531839791
NORS23,0.11711072221474228,0.12453863243900141,0.11910723980337042,0.12360776453329891,0.1221814623892791,0.12378993569144237,0.12456557061903,0.12095950955786873,0.11983192277345044,0.12337046849539832,0.12140261121684616,0.1300582046929031,0.13045683794481205,0.12657750473158502,0.12734800499021326,0.1287222532349538,0.13956185392831147,0.14521991284364621
NORS24,0.2349522651441523,0.23904487411066325,0.20048988434415235,0.2619625156123225,0.24062499866972786,0.27855802153472037,0.2888979202459917,0.2522764061411095,0.27211582677035595,0.27001692398888383,0.30683978012461394,0.2879425332091564,0.2647712528216816,0.20875966703520804,0.20329372876668345,0.21816522851999595,0.2310916216871389,0.23420856113010566
NORS25,0.11059056664053132,0.12050094573427989,0.12914522966277708,0.1413153080704228,0.14557568991520764,0.1635273525979015,0.16971957723189457,0.1610982859785857,0.1719242230664917,0.17257484460195713,0.19386070153914486,0.20868163342376392,0.2044045285758152,0.15441443040262867,0.15727944921102713,0.1636467593531297,0.17496774126778247,0.17232155332175353
NORS26,0.11448822325907938,0.1236464780563453,0.11486852954311809,0.1240467262566412,0.1307018525880062,0.13172236860930192,0.13533201159801422,0.13427760541104405,0.1416830862991628,0.14132289557931094,0.14942786893410848,0.14194680034034513,0.14433283656580986,0.13737331963107743,0.1428681652657434,0.17221490722374197,0.16901020591667598,0.1738891750158446
NORS27,0.10801103736839768,0.11861741183955388,0.11036851932157732,0.11491541890798658,0.11321347299094991,0.1145837806503285,0.1153693312821376,0.11357492715018334,0.10995324184601708,0.10682498154300497,0.10342131522875216,0.11099063458282551,0.10864989377884256,0.10842057103742486,0.11537863492034062,0.10740279884601277,0.10579593422472382,0.10993588008889252
NORS28,0.11199872680118156,0.11795324961119709,0.11278666172675755,0.11845785755229231,0.12392159763761193,0.12485482967189725,0.1321439006281078,0.13113885532540231,0.12851950446807975,0.12558485601824743,0.1120289840962071,0.12269860461319992,0.12014251888914973,0.12124988719145766,0.13030742405365067,0.1218956767959715,0.12095316276626923,0.1264966566845504
NORS29,0.11788536643916787,0.1268754068141203,0.1231700687324395,0.12469197344166258,0.1285855039301824,0.1310824666366427,0.13431497903219183,0.13386356663500096,0.1325591267052175,0.12937254211808663,0.11872634837017604,0.13162589514064463,0.12904723786030378,0.13004589313521991,0.13887724334763846,0.13793768715187207,0.13512789920736795,0.1386602258853848
NORS30,0.1307966373152971,0.14054250754998063,0.13153923548959198,0.14061517535044488,0.14794212733775358,0.15100468680631482,0.16157202045225133,0.16185096058911566,0.16026662124715835,0.15545314190909268,0.1452195779357467,0.16144145419127798,0.15215410554959033,0.14538666444293574,0.16255643718181256,0.18204693270847885,0.17339441040754922,0.18125478803238346
NORS31,0.11117554891702817,0.12338669516934934,0.11462087030095844,0.11535255105634316,0.11733622940161009,0.12020791547755251,0.12322985963049693,0.12298912450455413,0.12479238973322652,0.12128096178777782,0.11089014237896552,0.12361513428205227,0.1224836364570167,0.12203219853670837,0.12928889569330354,0.12813563511677542,0.12647594410833995,0.12924614527069758
NORS32,0.09994427196820174,0.10101324231656303,0.09853721748187841,0.10124408360959643,0.10285307602597352,0.1037058197060335,0.10193763347210982,0.1008188716486844,0.10007646384403324,0.09960379569816168,0.0937858339762933,0.10219714626480289,0.10287602501837315,0.10250402923888345,0.10348774652206948,0.10228566231285305,0.10170759867715044,0.10521574858366967
NORS33,0.1111920174399767,0.11335701170604995,0.11115481382489954,0.11521835218673397,0.11545724994721554,0.11814976679083057,0.11864670129961982,0.11673667473652041,0.11702120456224849,0.11687166393182534,0.11666046911066073,0.12561079393785118,0.13012617933013682,0.1305717148513328,0.13589506515129343,0.15113907264778903,0.14279863785174635,0.14936313770546886
NORS34,0.11410292538820443,0.11899693344570911,0.11387124707428689,0.11901931397235307,0.12375384600508803,0.12603280721285645,0.12620895136977708,0.12512886964085904,0.12434731187364109,0.1242116876019254,0.11418945374269945,0.12404573100601615,0.12260480871311533,0.11674367137524416,0.12005558110612076,0.1257845423634504,0.12368173542850104,0.1287580474171178
NORS35,,,,,,,,,,,,,,,,,,
POLS1,0.12881035875960822,0.1335134274383314,0.12761878600846707,0.12976588908569062,0.1337351657977127,0.13258949111747154,0.13396892530699242,0.13506122476937119,0.13337306128358964,0.13613551520923578,0.14160111293039987,0.14592746578183194,0.1421004039441419,0.13967425832430058,0.1495113502645206,0.15841812769854893,0.16073225724432583,0.16526012009993207
POLS2,0.13466916295826184,0.14141587728489488,0.12888210582237647,0.13697642003378055,0.14663302727434727,0.1464959231041387,0.1449777581180805,0.14134896764867622,0.14412571454940504,0.14726687585195236,0.14953569680597043,0.1596909807573955,0.16510999362723852,0.13683629787563537,0.15257744259426778,0.16392397986253499,0.17880589345112105,0.1649282092223236
POLS3,0.12996261400450923,0.13625511446886288,0.12894801028443742,0.1318420554061351,0.13614762782138454,0.13484593913372594,0.1369555742529486,0.13695037301905105,0.13507222111523504,0.13845738080787123,0.14556804923238031,0.14662828304976325,0.1447828894745327,0.1464869545072862,0.1612329015270268,0.17244752016205106,0.17544651647924106,0.18264419112379762
POLS4,0.21173197082016043,0.22259426205600158,0.21244635779722504,0.25050663768672526,0.2555639744051239,0.2574834682036649,0.27499960724414296,0.2665385270177832,0.30485799752115067,0.3151825903927063,0.31647316262410746,0.310083368526093,0.30828824233441526,0.2902490791792565,0.2516355758207124,0.25209165484296064,0.2876018899657931,0.2584712723573285
POLS5,0.17298406005870975,0.18268812269508578,0.14892965398687502,0.15444802766706964,0.1914275091397538,0.2062910475615907,0.23013407051107307,0.21406239113231879,0.24192226450949067,0.25594755218992815,0.23812320190553515,0.2448346354546832,0.23565922529009278,0.2746219456939713,0.28663247046605994,0.3308034756197725,0.36841028354147765,0.35057873521567673
POLS6,0.13052241030818632,0.1301920554192991,0.12279184623847607,0.1262210552571144,0.12979977663223524,0.12580352947161258,0.1281022839285967,0.13083961050297424,0.13297730111453626,0.13615395670554695,0.1377090159021182,0.14879794725447937,0.14532105669980924,0.15204689064700275,0.15172528280109696,0.1614367192940384,0.16769911506034993,0.16384141412602413
POLS7,0.12496872576996511,0.1336788176075463,0.12693375476301288,0.13238959666979982,0.13691307861484384,0.13524258801020567,0.13892770886280983,0.14096544537559047,0.14384909537364346,0.1474339623967671,0.15046355845103684,0.16342873961477725,0.1685558788974181,0.15513591217021144,0.16543342794015248,0.18011411008269246,0.19009035072996072,0.1849832769483226
POLS8,0.16069368001828768,0.180486160400372,0.14610350590587023,0.18622420007294974,0.20324021277945986,0.20675482455727118,0.2021708066172152,0.18961130324127864,0.19500737701793483,0.2009293370022405,0.20419262414466388,0.23110039557288567,0.19770770780887312,0.22361551948265448,0.3022292692017502,0.31419368268421954,0.3361135870555468,0.338952354547017
POLS9,0.16038456752400185,0.17081286930261014,0.14764332009510492,0.16241082094996198,0.18179385472420365,0.1817471962971097,0.18697745175431899,0.1872954368368209,0.1991197625227988,0.2056385607984806,0.20780105575394867,0.19743629993355727,0.21649280584048552,0.2204990033462943,0.20678992228644852,0.24549447799546747,0.2679769992868036,0.2429893732172135
POLS10,0.15732605319148849,0.1647439961939739,0.1557774976459585,0.16448545422432836,0.17705216336515156,0.17516918646006488,0.183521042465327,0.18476810233397098,0.1950479940213394,0.2034890573970322,0.20305334957657323,0.23366994434695476,0.24133119277578233,0.2605730279551118,0.26529361196367496,0.2636984221985585,0.28216994695755226,0.2672650488787977
POLS11,0.12667460542925021,0.13323307511427998,0.12373210775223947,0.12917236469309656,0.1347024810356942,0.1326893540238513,0.13366447981183657,0.13430912339810197,0.13609345026375994,0.13877769058433972,0.13985664126786546,0.15917555298971506,0.1583383114429827,0.14076168562445202,0.15250348513083295,0.16362799271358383,0.17034483976958745,0.17091159238722217
POLS12,0.19490771919611297,0.19794581577347345,0.15930932664787573,0.1799787783560847,0.20193594678435764,0.19883455628101737,0.19870253493081688,0.20250420707498715,0.20912957790682288,0.22134993887846544,0.23564221348733744,0.2464175805362041,0.24598891641750067,0.24972106470991465,0.2853381267414888,0.27167705121637814,0.2889550126802757,0.2818498368940181
POLS13,0.19168815231928152,0.1895494654025269,0.1637526141169959,0.17083380088197064,0.18756420190582487,0.1869003799229477,0.1974559827769681,0.20207411279155085,0.21604388203015698,0.22362256478608245,0.21560603628312897,0.21050789619792862,0.23969871690692787,0.21434511189262767,0.19437743285774844,0.19471093852536636,0.24036706755144488,0.2293686034823753
POLS14,0.27617506256161334,0.30227651304327274,0.28258411657217447,0.3135793483940921,0.30863096000667245,0.3190066067426484,0.3306580440854916,0.3452497918211533,0.38618681379833814,0.4101920252064716,0.40632068973580976,0.4355344882355455,0.43562497497637875,0.41753814114100823,0.4663970629053388,0.45807298900440757,0.4838819783904433,0.4599730236615687
POLS15,0.28238041867755703,0.2983704636119298,0.25780528894576593,0.2620064870024529,0.28202906096212826,0.2659384168839841,0.2823672128410607,0.2872774529912594,0.3050262803791744,0.3159516611606882,0.3110567027390314,0.3256226407407018,0.3255128314008281,0.3283790466107282,0.3231522461369713,0.35221166673699617,0.3834140733013851,0.3455857860527157
POLS16,0.13105762154500028,0.12989453950900173,0.12280586194041088,0.13098555714970778,0.13044721540762627,0.1352918641098526,0.1381950341806552,0.13964546927755497,0.14981473317418031,0.1543235681896208,0.1460126408084776,0.1619345977433623,0.1544303446611209,0.17886982084245048,0.17459937132062722,0.15874902978542105,0.17026516018369448,0.16300499838028534
POLS17,0.1280857685748443,0.140165586473884,0.12752450103718782,0.13378541101835345,0.14323868358023314,0.1423945838748332,0.1424148086812064,0.13937684141294648,0.13949161809081384,0.14041459566373596,0.14390413487769707,0.14783484788013504,0.14207892412331163,0.13755309063216176,0.15449989682997603,0.17064474450598496,0.18451532003477547,0.18142244786611583
POLS18,0.1341878871807611,0.14588686248259752,0.13530899093792298,0.14116477337907213,0.14789720498149847,0.14301212237663807,0.1446598077034121,0.14697901101177915,0.14606203632022735,0.1452947635148127,0.15028163358395297,0.1765339273713598,0.15313624421941663,0.14975055431438003,0.16393361312543825,0.1718676840814888,0.18266614561762776,0.1902554785809091
POLS19,0.11356437230973955,0.1215059492651381,0.11490398383681805,0.1263580909571822,0.13394142849391505,0.13034866937601905,0.13399140434823592,0.13687596677146088,0.13447562650251643,0.13697306933937248,0.1442195792276616,0.1406871445146923,0.1360800910045543,0.1305867759344735,0.13631698836563078,0.13701983650362956,0.13904785276569595,0.1474751511576247
POLS20,0.13225699043728514,0.14133857643592593,0.13049983396996878,0.1344902368503479,0.13822695453675105,0.13536978373080363,0.13805347535039109,0.13854955509213232,0.13624564106675383,0.13740165949118427,0.14278044423636552,0.16288125690506655,0.15334006331772526,0.1513090287397481,0.16670550166073517,0.17638279013374344,0.18325610474767495,0.1973689227982375
POLS21,0.12548883847586498,0.13279675655048503,0.12507735423722446,0.13100646162809662,0.13409996155444767,0.13024246513631563,0.1311262272182893,0.13297569021139055,0.13330815213783526,0.13531406038484559,0.13884840914172178,0.14765767168355476,0.1429706536567307,0.14156861635881468,0.14944131104272176,0.1532404072273656,0.16003771929190774,0.17038859631428455
POLS22,0.11117882946617152,0.11696608268925175,0.11280237816201197,0.11340007105894932,0.11561892049133754,0.11388123268725686,0.11597098749930125,0.11681707972622112,0.11576344389959232,0.1166820045493673,0.1227050114552261,0.12725185409077872,0.1292043116435763,0.1212953118413404,0.13290865771255242,0.14124770981249637,0.15162371696478635,0.16162916462964233
POLS23,0.12111197406634296,0.13052812390666718,0.11634322846477742,0.12101213373107189,0.12997525414322156,0.1285461766825639,0.13201290581176053,0.13143880352267207,0.12666978878504517,0.1273984920575586,0.1326355386123303,0.16049315183956425,0.15113365726643427,0.15077295567540516,0.1718350779136385,0.190562045569519,0.20177947832646756,0.2178014232463268
POLS24,0.10411267431158319,0.10510380147819531,0.11288284286682433,0.10280840152120137,0.1037587269185427,0.10296571344334865,0.10319754836319962,0.10379380666954671,0.10580786808086093,0.10876304321406315,0.10836120694099355,0.10220465662826486,0.0975408712015071,0.09407652820700048,0.09334253068600132,0.09092253276673702,0.09329212225849294,0.0936512546795738
POLS25,0.1069696837261308,0.10702091975551899,0.10950250267331203,0.10612230719267546,0.10983890083388412,0.10595628287619288,0.11093398722467235,0.10822377712660215,0.11048200554777744,0.11403423351274394,0.11469721208614254,0.11625154740309447,0.11045932324883274,0.10186491990491786,0.12111835504670466,0.11245921507443384,0.12103100859757661,0.12064750551243801
POLS26,0.10896999748775096,0.11760612205557656,0.10909071732851483,0.11929304602249569,0.12315690209094682,0.11811696373523844,0.12009824164106091,0.1204303938591028,0.1189711943576748,0.11890927038571925,0.12434312975100605,0.14152730743955344,0.13932902994894472,0.13620294153413454,0.15241175442844496,0.1584019655353693,0.16558517377540377,0.1800555227494864
POLS27,0.11945372547437746,0.12854028273053325,0.12378241233675802,0.12788105620778928,0.12949973155852837,0.12710173411872497,0.12801545011464324,0.12962637262964546,0.12819502887270176,0.1202596666262215,0.12599912776184516,0.13719557507651542,0.13709344540680674,0.13623981780689845,0.13557439784310926,0.15097066285315053,0.15976670500433401,0.17030965636778808
POLS28,0.11410265543813898,0.12252210543340633,0.11568989412158832,0.11812250372465695,0.12028976833538382,0.11743278943913539,0.1189707087783356,0.12044506700473505,0.11653421008550352,0.11636346205149253,0.12404912356384697,0.12766839801764432,0.12708131671187167,0.12483425609387058,0.1323396687779341,0.13579261886248908,0.1438021474797026,0.1551616710643052
POLS29,0.12056177536001898,0.129494718100924,0.12033740112661351,0.12381043978452458,0.1312647057646357,0.12349351468866197,0.12436126494109002,0.1293666264194624,0.12892719562944002,0.12677750121627232,0.12987569662003134,0.1397538384919869,0.1373571708612079,0.13609205949049938,0.14752878451298718,0.15130191475081123,0.1611092841471748,0.17049970048717872
POLS30,0.12994736983360888,0.14048603521534156,0.13082028118371677,0.135381845648371,0.14060357240345817,0.13667660263879908,0.13849985403299095,0.14084797274021596,0.13893361461082052,0.1394842344669545,0.1477525655636116,0.15754657687672458,0.14938550578194046,0.14696352473828933,0.16310664041308184,0.17116640299869604,0.1779027897558346,0.19049845880741165
POLS31,0.11071291056401851,0.11771083326625104,0.11255701985563131,0.11490166992214865,0.11550611320295809,0.11279155398672883,0.11317287041546263,0.11388113364402314,0.11175547816424386,0.11074602082499722,0.11831213921132602,0.12202799661400866,0.12203071250383868,0.1223797025520444,0.12967086456535426,0.13406005381425723,0.14021213042256228,0.14700683145668142
POLS32,0.09742198418055613,0.1028015338092292,0.09873553058875922,0.09826132047340926,0.09905102474215288,0.09806612740156939,0.09913453831604595,0.10026041003533724,0.10025576566053837,0.10112469698385386,0.10406466604416846,0.10952421184408977,0.11082485201229336,0.10808017714945815,0.1099895144621183,0.11137289239467917,0.11845715784986167,0.12383242800087463
POLS33,0.09281552867008871,0.09864579364881555,0.09760232409745681,0.0995005441299661,0.10146544034793796,0.09909466983263407,0.1014381560100967,0.10422089478442696,0.10360636517768847,0.1045606016850363,0.10550160512805667,0.11448620209449807,0.11641379231794377,0.11587870867505351,0.12096243100312942,0.12436499253414264,0.13509730404503617,0.13549590662061645
POLS34,0.11750485750260549,0.12589735772967792,0.11895199785539638,0.12234464539326312,0.12541966192499004,0.12254011165000313,0.12409325604505217,0.1255188599685494,0.12255693405370212,0.126601296191752,0.1330628539047325,0.1310089387417076,0.1320655158544838,0.13242683896266272,0.14061912082284916,0.14479246261883766,0.15242890799970882,0.1604914312235659
POLS35,,,,,,,,,,,,,,,,,,
PORS1,0.1153795288952552,0.11641580920111845,0.11649140414910951,0.11351380736192097,0.1176851293390609,0.11584609027165056,0.11292296949570696,0.11553777588810167,0.11187424170445934,0.11100067724437554,0.11346240228164275,0.11749102763781376,0.11196723650210878,0.11376312611399936,0.11468447957754759,0.12346317891833744,0.11891216288363106,0.12033113857916473
PORS2,0.1537856837862799,0.15073530346785058,0.14312413678448516,0.1475659594025047,0.16177478079214824,0.14987146167814752,0.15441438052011092,0.15056445565706847,0.15318043201681233,0.15452017422561423,0.16545389104870797,0.202067695080338,0.12818146042058604,0.10380540870972656,0.0958374998228173,0.0964901691823916,0.09266701885654237,0.09499199779726412
PORS3,0.1195519501045268,0.12088249590341887,0.1206748733751415,0.11756090537721445,0.12083544895084582,0.11865375337741083,0.11492492461180963,0.11857426634839863,0.11279162375617034,0.11243944098134893,0.1154834679430368,0.11970838620787581,0.125562027695954,0.12408720129990485,0.131563776600666,0.14598714447125724,0.1331670812152637,0.1344259780485209
PORS4,0.11775610983450134,0.12233791037177262,0.11463649981380483,0.12424064898876419,0.13190269217080114,0.13353611672272483,0.14149003737000646,0.1431728406310649,0.14592934263343918,0.14923472810697228,0.15137076208376538,0.15036308156587466,0.21362671419553678,0.22168872458635808,0.23237476615977964,0.23372273028067464,0.18419756412377936,0.19837061965176905
PORS5,0.12807293490877228,0.1387807928323328,0.1576169104587306,0.18379447703644572,0.1628417028632949,0.15780770917682832,0.16663288873515217,0.17099354800837682,0.17582761961107363,0.1831237607317675,0.1739226024456868,0.177965824995834,0.22089195235005998,0.23135461069902,0.2328339088526465,0.21906973103956864,0.17333506888816336,0.18568995835441474
PORS6,0.11910844636547088,0.1197953998408132,0.11420906367474193,0.11570949249274869,0.11948306580662325,0.11901208602457433,0.118669861714113,0.12253718296105852,0.1221877000101761,0.12266155337300359,0.12742635178515993,0.14373570173168998,0.1270052913989587,0.13364805687821485,0.14392995471734046,0.15258981075493264,0.12683809394545195,0.1323202104758636
PORS7,0.11768515233527185,0.1191084034413983,0.11549370399191163,0.12205486929517885,0.12588813960833867,0.12442402435459908,0.12928976133092368,0.13284743329034832,0.13341369570794773,0.13475490192245673,0.14102102207940262,0.16266830389514672,0.16208191978226186,0.1473358989223752,0.1591860185393177,0.19247831482172123,0.1674267741211,0.17268232490218283
PORS8,0.22355211198372238,0.2446692293797891,0.21685089198842178,0.25172975418629956,0.27804957695614596,0.30485734288000965,0.34644866948269243,0.31887198113657184,0.31822066499057405,0.3209398397458784,0.3119026879977215,0.38324428387805726,0.35574242802318334,0.3778176207561016,0.4403789436085844,0.4550373475606448,0.4232431350568882,0.4344374940894949
PORS9,0.14343888154335627,0.14592281006851734,0.13225945556536936,0.14667634304057017,0.1582293511545888,0.15838299483673737,0.16731032216283567,0.16786179805135737,0.169412306017205,0.172374710439679,0.18209995129803155,0.23688637350175704,0.2592490210222649,0.25754083556789065,0.2716905880059013,0.3061910030719099,0.301101143430109,0.3019812326483245
PORS10,0.18280018370341009,0.1897824883965332,0.17669748999709636,0.2001317917395775,0.21170659666840305,0.22074486454958023,0.2325171130109295,0.2387230679916284,0.24447201384660308,0.24800104363280134,0.25949848456365127,0.2892504062260015,0.3115711476986018,0.27478416787129517,0.2838626251815328,0.30110272256032644,0.2623293862635376,0.26369769989363745
PORS11,0.12028051122058288,0.12511043013361356,0.12005926870361573,0.12287378584913967,0.12959403780790968,0.1293504423531774,0.13805943505116822,0.14180212711523088,0.14252581468501768,0.14429435266565485,0.15169250773438744,0.1860346467967066,0.14301358381727883,0.12546891009169525,0.1323170686746872,0.1514220800732362,0.15186580549512477,0.1589944914429469
PORS12,0.14895203329708476,0.15843317009875071,0.14322701763802,0.15510986875267002,0.1710010985435887,0.1826146675800426,0.19387582697830755,0.19622931991002687,0.19930756513789719,0.20182439439849406,0.21165531776222446,0.24167068105049025,0.15991474748257248,0.18628775725173666,0.19772746949040002,0.22123788366455047,0.17915677290488682,0.18102963474684405
PORS13,0.12966774254941374,0.1354369822292449,0.12809001565399245,0.13959392452630476,0.15853473288956763,0.1694207947200582,0.1814994010282435,0.18786138955591045,0.19660932678050677,0.19837071269043272,0.20536306644130528,0.20506900452082413,0.2365974729279369,0.23353445941911558,0.25771440816075913,0.2432707735208094,0.24398467113819247,0.2608352972878831
PORS14,0.29944473186410864,0.28845050227300323,0.19930450054529256,0.22672991754373636,0.25097799683646466,0.27578885590764746,0.2995764951051675,0.30781635019053566,0.31508752906434634,0.32614204987966544,0.34252360287286027,0.38001645127281475,0.39168550311166095,0.4111002410685541,0.4477172879333173,0.45697300101079374,0.4430999982857219,0.440996636478844
PORS15,0.2952539393589569,0.30928857806686033,0.28183037314146864,0.29282369083399207,0.3088665093596923,0.29731732212397805,0.32068759196064234,0.3318490553430394,0.3391150702545973,0.34458893307269717,0.36629304726694495,0.3841121540698589,0.365623213991271,0.3671495387365861,0.398441603898588,0.4189059819781184,0.41135947098731157,0.4096244398246837
PORS16,0.113044811152447,0.11234483755268372,0.1108907739891083,0.12169475975836128,0.11758202724898764,0.12833763120530026,0.1398508151454098,0.13798012836087378,0.1415542285592809,0.14289332905736962,0.14979752063427876,0.19323100674301089,0.2260252455473684,0.21385717813025296,0.21867040192279544,0.20989646405511353,0.17000217588812258,0.1697700736942763
PORS17,0.09755342181484986,0.11157924791773582,0.10109140194882517,0.10284102807078191,0.11379887072306893,0.11051105658779697,0.11612571113471344,0.11534320496059768,0.10884186154279067,0.11153300680779903,0.11567393046999762,0.10813515525872586,0.1015613263061248,0.10020312382410036,0.10634313249125794,0.12198524031289602,0.09996395778021251,0.09929075258001561
PORS18,0.09851823354571078,0.10114346471214737,0.10007434383767808,0.09755457617893483,0.09675204089414535,0.08987643540570282,0.0892256542123999,0.09291371181177675,0.08927976663074087,0.09076912114903729,0.09195773724735341,0.09939185968262551,0.09593496447433816,0.10426969712269848,0.11005824608388787,0.11179478036242047,0.11016711627593857,0.10687048984241182
PORS19,0.10882734547459147,0.10884562667756838,0.10649147984184942,0.10765067628639674,0.10804642909666562,0.10482636355945193,0.10658821656551072,0.10776109309329067,0.10878465967681197,0.10887899255094893,0.11168336335887676,0.1150419923948039,0.12044070465608661,0.11772141504987238,0.12575097913413716,0.12654091250548122,0.1244809695284122,0.12098205119963593
PORS20,0.10445837455713594,0.10657743912130631,0.10629422175675282,0.10365268713205966,0.10502306499011102,0.10081829845474945,0.101691896254636,0.10250865349388785,0.09850894632700133,0.10012639503908821,0.1025268985623787,0.11370164423876576,0.1225112540047634,0.12205660057764427,0.12567480787369492,0.12136418674760738,0.12153674726807463,0.12146060164466839
PORS21,0.10550850780757791,0.10418605042563375,0.10168451858474156,0.10183933325687787,0.10015828576073799,0.09410117201240886,0.09402137699388272,0.09430621457904809,0.0912123855312192,0.09139732048526972,0.09556597866642595,0.09927484968549186,0.10937583013586703,0.10733773798822033,0.11225635253078203,0.1115165168181547,0.11753111311284133,0.11472809547226898
PORS22,0.10472544441355654,0.1052693383917269,0.10300402968365152,0.10380439846034645,0.10434297036276982,0.10102436202266159,0.10116379549717752,0.10234488103475614,0.09905705611931015,0.09859834971784766,0.10194116756170553,0.10840231703641073,0.11713135879548772,0.11388310238392454,0.11703382347139477,0.12235942424902001,0.12199030360607661,0.1280657365811403
PORS23,0.09640964160010485,0.10416527686560895,0.09181641988410819,0.09682614999540495,0.10627629890482049,0.10213670657958018,0.10442959159456894,0.10842541584309631,0.10028900543767526,0.1003451192433486,0.10609437174167605,0.10199938512669572,0.10690066836613853,0.10351878900886714,0.10067946404937927,0.10411626886992963,0.10082028358308386,0.10205471188382012
PORS24,0.09273458093174028,0.09267742680887314,0.09170950223956173,0.09984023388970402,0.09766644087682853,0.09639316457029955,0.10521367502521534,0.11075310569726832,0.11312938192712589,0.11291341657767727,0.11621144469131496,0.11380602856402035,0.11088789901915407,0.1055001217824741,0.10705821742162659,0.10292460229109052,0.10498368354148241,0.10235724163231424
PORS25,0.13708399742269597,0.13987865688474865,0.1336214715834119,0.13850916842279476,0.15875331211709265,0.15451016932756717,0.1622236856079259,0.17132360856242723,0.17160834962431615,0.17346442576685,0.17765689534578014,0.18491151316578208,0.1950650739892435,0.23025253738297402,0.23989710731814934,0.2560372806501048,0.22144003888006633,0.2258853049159149
PORS26,0.09884525237500148,0.0980507441403858,0.0993364552278588,0.09807126062780504,0.09969274098497938,0.0949680423447117,0.09548347738637497,0.09477369243556452,0.09606941376515449,0.09573123841294486,0.09882661154052046,0.1005322664624085,0.10872186687995675,0.10689961670630119,0.10973431182638485,0.10710286912610884,0.11361059541397509,0.11024452258970428
PORS27,0.10398441023610748,0.10360181815739454,0.10447439047408819,0.10315238886702557,0.10419864466285418,0.10035999775583838,0.10087467919111168,0.10022604760672352,0.09941584380496392,0.0994870032283817,0.1026453725893321,0.101708632620046,0.11419020151275336,0.11459058654265566,0.11756568691612529,0.11389770100622112,0.117114188703074,0.11062830455741848
PORS28,0.1081118273570886,0.10777356658785844,0.10965831229216287,0.10770012526277847,0.10936566171044053,0.10561163981609614,0.10566374631593807,0.10451667579113137,0.10297969651724952,0.10249932944854552,0.10542759057940587,0.10633271351308779,0.1152345571097,0.11452046732558879,0.11709172970641551,0.11452475698894031,0.12194461810080304,0.11706195015519115
PORS29,0.10024374219928772,0.09952310757958,0.10065981079756998,0.09722856129603964,0.09870828824892466,0.09663056850126982,0.09634016648484625,0.09560035973203941,0.09325374989749563,0.0942263569672133,0.09950369394236941,0.10190074411948423,0.10740662222250213,0.10840812358451352,0.10928274375957546,0.10883489129917379,0.11257931810254819,0.11279135873925546
PORS30,0.1135190711104029,0.11436775363108215,0.11496026752630546,0.11340831629479722,0.11426607826801821,0.11042109700748697,0.11072274235494765,0.11018261283009666,0.10822417297267324,0.10824969573218655,0.11142386814325478,0.11255571842854867,0.12174681657848448,0.12053071818544459,0.12446149761570698,0.12413783132845113,0.1296195609849487,0.12487388063024675
PORS31,0.1014296104455976,0.10005417909150634,0.0995881935396787,0.09897414874537545,0.09679267558670611,0.0920049339144901,0.09279639181264397,0.09266208759238495,0.08681993066719479,0.08703492938743787,0.09064760226504451,0.09604949969418466,0.09974053824947841,0.09593117065249505,0.09996693186989854,0.09827915239214732,0.10587766081087335,0.1032297054049209
PORS32,0.08939199524767073,0.08891519529676774,0.09103012735544681,0.0903964607806269,0.08900554546896146,0.08550140452496953,0.08579232059129346,0.08639129316110716,0.08507500448271908,0.0852157686047982,0.08767070261773796,0.08789352341054531,0.09516647142741305,0.09368458450464433,0.0959580479789068,0.09345587864801928,0.09808564913592932,0.0919213446339329
PORS33,0.10277376820675035,0.1028964218903572,0.10427317016959943,0.10465465865727523,0.10418635124994823,0.09990040202538165,0.09979929623546711,0.10041155463910066,0.09714644716110779,0.09714119663443414,0.10027343030370993,0.10226535673572716,0.11538412150249995,0.11319848544223475,0.12024034890874391,0.1245522806746955,0.12125501940534857,0.12154001987443146
PORS34,0.09731611083220205,0.10057615413100494,0.0978966484270558,0.0985420174606219,0.10067058287259247,0.09532986074396631,0.09630812224925484,0.09680747704096437,0.09395807542984044,0.09450104344743622,0.09860667554838658,0.09624733951095205,0.109815383772875,0.10633990929482764,0.11256622703880217,0.11449956389331976,0.11964656790675293,0.11985998908036881
PORS35,,,,,,,,,,,,,,,,,,
ROMS1,0.11351826829257786,0.11264520438450479,0.10520838492454306,0.11543861074432747,0.10725184557053948,0.10462389630599107,0.10549277620570141,0.10798751534409128,0.10514415791891464,0.10418315575155658,0.10955466913562804,0.11614952386294797,0.1182240211127273,0.12409712544196252,0.1330840526928788,0.14150748553476636,0.14411870384437098,0.14488946098802696
ROMS2,0.10094927524164571,0.10227005021786323,0.10156735365235199,0.10344761928913157,0.11609368005780331,0.10464926409348613,0.10064765453175348,0.10349432943278249,0.09957803149121203,0.10057504740902096,0.10344206791451697,0.10067695473453427,0.10118012583854172,0.09767417874532688,0.10217432621487015,0.11016089965832966,0.11111247195943366,0.11180867657651516
ROMS3,0.11663051679830487,0.11806852865103122,0.11160058459889523,0.11494582777276423,0.11195972289296646,0.1100476153884622,0.11122049580036725,0.11200275890678364,0.10932906285871696,0.10929966609238952,0.112552487215767,0.11346203608018544,0.11612532377426024,0.11704968127888764,0.11970625957949087,0.12337904765316006,0.12723534939396264,0.1280897151589806
ROMS4,0.14476770896623647,0.12117620287164238,0.11736642407343206,0.1795354102115995,0.1447124506026803,0.11150052524591858,0.11222758001452245,0.11766301832185987,0.11682015330076718,0.11877094122271506,0.12041422992892906,0.13940495441863937,0.1403845350330616,0.137228194398743,0.16677122834814118,0.18330587108702437,0.19546433105180933,0.17646996154499925
ROMS5,0.15021272074040973,0.1281155284373853,0.13130950023638235,0.21139963087872782,0.15721742573782702,0.12422864791430721,0.1242469347934116,0.13089899115126205,0.12548294499721674,0.13329812863886065,0.12935303541542145,0.19668264359330093,0.23770184470494668,0.2904605582750552,0.3097108711582208,0.3162571151105507,0.31245035023673473,0.30803692656460885
ROMS6,0.10049533472350852,0.0998114624803632,0.09541606833762545,0.10270851754843272,0.1070783253827026,0.10294244868090738,0.10364122233479975,0.10506510882384208,0.10438368235042535,0.10284051896463584,0.107850306327279,0.11525519866293447,0.12430459438085087,0.11768678430904653,0.12070792893690928,0.12523658757682363,0.12127379476306546,0.12429637170399296
ROMS7,0.10559994667932122,0.10457990255967464,0.1014507775881598,0.10443244296434931,0.10514836725028305,0.10294953536254987,0.10226526776508965,0.10365747701919803,0.10333935725561501,0.10475121776332207,0.10770900679985737,0.11216703195918468,0.11761800754689149,0.10488725783865234,0.11928279862623298,0.12521046653558496,0.12662210637950838,0.12774631202654352
ROMS8,0.16160690650288095,0.16099577611092192,0.1508789868540268,0.1656670566539252,0.2125718158313385,0.20655556003355657,0.21633435310536417,0.21267075417850698,0.22851038501770915,0.23832293665478707,0.24554800536299673,0.259278767816471,0.24281023929384624,0.24400177464319475,0.27990876762471883,0.2767922980628985,0.25936533111188803,0.2724622126777956
ROMS9,0.17495775972375172,0.15558633126226223,0.12721291006689797,0.16505508943809824,0.1757293102970207,0.1659128142589368,0.1533446295270271,0.14918793578946202,0.14780082293120042,0.1504172289544451,0.15709678480485362,0.18502257201075045,0.169569203371036,0.1546347211778596,0.19359455997889966,0.21956236632836373,0.20760848333185558,0.21861044487969633
ROMS10,0.15693317244829427,0.14516776550424657,0.13391506949018886,0.16206933498718745,0.17389086911374202,0.16253072114937922,0.1644578994604192,0.16565306041026875,0.16518266502980083,0.16565812704713453,0.17279584632237982,0.2110157342699708,0.21784716920903918,0.2364087841582658,0.276834199979558,0.3105165730802367,0.3111265347005545,0.312531750511233
ROMS11,0.10581609476780987,0.10767891262929503,0.10243253774810653,0.10777948633897012,0.111651948784954,0.10761859402488912,0.10403047539723727,0.1047706106223096,0.10406895649611726,0.10517784630174237,0.10785374050587195,0.10868286145315814,0.10904109715968013,0.10877727287742557,0.11534898973419279,0.12233589106876376,0.12433561132138854,0.1251620825441656
ROMS12,0.17520846712248633,0.15979873725257066,0.13315975530283083,0.16150681721265053,0.1529732791920962,0.14159335360352268,0.139977992479719,0.14147396599877987,0.1400336784848748,0.14085425253381018,0.14779236860769557,0.16675081589271354,0.16189003177869402,0.16930888004723793,0.23819113976640818,0.2720702147030087,0.25127038952436653,0.2547187267331657
ROMS13,0.1695610294058431,0.15864971055458454,0.1336587634123464,0.14263070625137872,0.15473746803249844,0.1504216211992026,0.14796390289048003,0.15210436192364557,0.1510716393847508,0.15146513179123242,0.15786825378981634,0.1894710303830283,0.15645389028126228,0.15332615855195983,0.2233345841480871,0.20100307897886716,0.22992431688898646,0.2424839168633823
ROMS14,0.18578298796189802,0.1737366174605677,0.19794913520660284,0.2319525158860352,0.2572611566844696,0.24744390025952126,0.2390094619896509,0.24703275957004162,0.24175847616104582,0.24401504741518007,0.2551193363177203,0.2936550909723151,0.2724421385594456,0.28029981566014756,0.3204566785212361,0.32772285083973496,0.32248300893410087,0.330104591002716
ROMS15,0.15607907119371953,0.14575108538252354,0.15438250227017888,0.1857178787773633,0.25153176771119745,0.23250030549328238,0.23828909139434304,0.23692337609617856,0.2356436281531159,0.23822990089195184,0.2530176653987517,0.29906654759645096,0.25967039120056806,0.2582058468143987,0.32218936519068203,0.340029863313121,0.31958611563751804,0.3265152568293562
ROMS16,0.10478950588548784,0.10011056929276758,0.0953709938555065,0.11371935803010519,0.11837569443764773,0.11264001277106707,0.11410168737081179,0.10848541293101598,0.10816314262643945,0.10828240207738339,0.11226280366465492,0.16293848876036776,0.14448895383649865,0.14332202325590515,0.19410146271399373,0.18460956982544943,0.18971088432049565,0.20510586118964438
ROMS17,0.10757181937837755,0.11776483227117089,0.11169376585352396,0.11311688779495702,0.16056566387735294,0.16960617790472762,0.16915200909553113,0.16981812620324677,0.179501303788577,0.1816060677956769,0.1858296105304269,0.1704211686305578,0.13710928873221453,0.11923681677524176,0.13765086111272584,0.1403546522610025,0.14977759744420915,0.15534664606666396
ROMS18,0.11274923915216012,0.11805722852383405,0.11247439216908785,0.12329098564362452,0.12934842872117963,0.1278135322078043,0.12523517418579216,0.12535875342860214,0.12481392834208532,0.12471289710116354,0.12837550089974753,0.12579424473178505,0.1275999441647523,0.1314351796151399,0.1367289420426574,0.1486186319956601,0.15054126943002513,0.15606360118452214
ROMS19,0.08641726476428807,0.0863704843866017,0.08539687681835265,0.09310801647854725,0.09628590850184642,0.09413580201046207,0.09111141460127256,0.09400628333751823,0.09303875321432489,0.09223772281462844,0.09440542198756093,0.09833283675416701,0.10114413760375734,0.10413642219128734,0.1037776953559502,0.1106013903554291,0.1149957881468325,0.11844279755752211
ROMS20,0.1035447722969079,0.10611034737855779,0.10260492331170638,0.11861945022762482,0.11885832090643704,0.11598450007956719,0.11596516692912488,0.11702914980200944,0.11586155566635734,0.11415447716713334,0.11828039312721407,0.11948380885355372,0.1237505222331022,0.12879503559983208,0.13117086480783274,0.1373703465130564,0.14014574158059165,0.14231625414689983
ROMS21,0.09895405345366386,0.10343122379035641,0.10157090494121584,0.11161367034811226,0.11058208864522276,0.10872200866103471,0.11013461126752552,0.11003244186000188,0.10740470272967198,0.10881341378625901,0.11309582207091609,0.12210533149804263,0.12554585801347867,0.1216068710819223,0.1277311041221339,0.13652868691458653,0.14184129654752595,0.14552385538687218
ROMS22,0.10373724882203053,0.10264028909023157,0.09460513899626216,0.10244784090028665,0.09658428624727616,0.09450239167677357,0.09629000603830319,0.0961763700919287,0.09799215084086649,0.09330792185688086,0.095587084504451,0.1026772446778304,0.10709767800759606,0.10528143280841733,0.10381469121364557,0.10794043617584431,0.11364400758883715,0.11555199834796949
ROMS23,0.14581937817447085,0.1411264604909059,0.13768193318619845,0.14412788441204044,0.16377880493180236,0.1544478280020916,0.16130095678720568,0.16700631036696179,0.16602854510366927,0.167754758696866,0.17542806611223075,0.21268688927003324,0.21586951429811166,0.17688997920363606,0.19929115010835957,0.21572714560945114,0.21218612394477948,0.222339002251652
ROMS24,0.10435718698769654,0.10203121897584345,0.0963041000900593,0.10384813711499429,0.09908156953145136,0.09665498839589924,0.09671330123366277,0.10942775519329273,0.1083234020476449,0.10931235066604139,0.11320109802728803,0.12123706116565094,0.11380132990160055,0.09492465212921047,0.09911267125973812,0.09435125651716296,0.09664010117004589,0.09478799120156571
ROMS25,0.10218043034644238,0.09915425015366228,0.09482813644080429,0.09425544177349238,0.09877671433415998,0.09718929325713957,0.09915128056509076,0.10888187481947657,0.10748784675582745,0.10848526798194699,0.11121636223419494,0.12105847634165555,0.11629685818556917,0.09091799690756311,0.10094928320548548,0.10250328546565085,0.10464159387709389,0.1073613869199917
ROMS26,0.08935450767453344,0.09080833829838955,0.08972058461007523,0.09469804787866198,0.10085071024410185,0.09987845000170657,0.10243728274860385,0.10400314685680109,0.10212415397709297,0.10209221877817419,0.10572418663765125,0.11282302101596671,0.11558959354138693,0.11476793980293896,0.11164184503537894,0.11643764125805142,0.1204192060314634,0.12409567433868184
ROMS27,0.1067548848666092,0.10221439317125729,0.10203402514540337,0.10519758671765951,0.10922880984049287,0.10441393853713747,0.10394202545182583,0.10522261412996785,0.10426814111898956,0.10434800029038063,0.1072807788599664,0.11563059644445753,0.1271769600082773,0.11586788129497662,0.12042237390170006,0.12816891049499446,0.1294826804699781,0.13125864047876837
ROMS28,0.09088601967016524,0.09274507806717162,0.09016641590055317,0.0928879234467,0.09640275969492637,0.09557783105340989,0.09777328756153983,0.09668688745662261,0.09614171320899943,0.09615439006846799,0.09794435068401508,0.09648614493362898,0.10021725623991408,0.10122966876232914,0.10068862386152808,0.10639511951919929,0.11214870929259473,0.11568514444287661
ROMS29,0.09596025967663524,0.10394565826586524,0.09906238868169803,0.10339901528524151,0.09952210584467348,0.0963486750056744,0.09706669154570981,0.09651423950797618,0.0949909517231279,0.09467348606487973,0.09681865880712018,0.09820233633563477,0.1050245295175204,0.10931204156067292,0.11056204661464657,0.1123246592525396,0.11585695635723485,0.11801547008167287
ROMS30,0.10097182376341565,0.10531262700746369,0.10109665657131914,0.10717686408842457,0.11743894019874844,0.1177143693638989,0.12034606179858649,0.12128963056395599,0.12051747489482265,0.11957218199617142,0.12341075711743707,0.12187907246712974,0.12474642302884834,0.12296340894039524,0.1292564747052391,0.13750620215834045,0.14353986998295135,0.14714160531047782
ROMS31,0.095065903460351,0.09280962268181533,0.08598598868173382,0.09126856697892297,0.09210812404350836,0.08729231796226287,0.08692883477260839,0.08815042312417158,0.08955015527935577,0.09119038567302641,0.09226213962336882,0.0977020693630105,0.10177489577636654,0.09519611058287142,0.0969935312537751,0.09570761733313718,0.10177685742076308,0.10332914517262529
ROMS32,0.09494857230665509,0.09660995362286602,0.08873410212595705,0.09003976288928256,0.09047335662754297,0.09032297090811879,0.0897804105174296,0.08997376004981587,0.09005629755566238,0.0898368960144648,0.09220037584148662,0.09192916346155279,0.09512470386637363,0.09498825029376874,0.0940416722094103,0.0959714961125603,0.10073223546144092,0.10258041374785232
ROMS33,0.10522185410705799,0.10342731761512605,0.09419400948844663,0.0979222939625691,0.09853205818203897,0.09759775668474094,0.09529181047311759,0.09455532819844908,0.09570883162287096,0.0954385667859095,0.09830632952259732,0.10251677682433447,0.11074186792627126,0.11454915764714078,0.11717497209440571,0.11814662973687425,0.11983107357765657,0.1222523941296866
ROMS34,0.0998081621448179,0.10230364509848743,0.09901377764052847,0.10614060841750994,0.11106389065254195,0.10782187372707461,0.10776412781567163,0.10966813457509922,0.10763508804610601,0.10686498454836217,0.11023338949108638,0.11674468975635796,0.12089557455197437,0.12237491794855117,0.11588289203010696,0.11951075075036394,0.12331152891190213,0.12696264832395177
ROMS35,,,,,,,,,,,,,,,,,,
RUSS1,0.1469972997140993,0.15756266666791366,0.14633177950565085,0.1548703453268242,0.16798902112601535,0.1725640665978214,0.17428051229601413,0.17396742276525476,0.15941867245332983,0.14902266295877675,0.1711561142570208,0.1680657246660589,0.16308028303011957,0.1539210582341755,0.1839834027016395,0.19408307551347775,0.17839737675100456,0.1798915864101742
RUSS2,0.1891184645280516,0.20937906365114883,0.18285090285393862,0.20034885631850513,0.2339294466469401,0.2429872391859072,0.29531398805388714,0.29760492331868843,0.26174904139077554,0.24365362974013477,0.2732519257271393,0.28606654908157436,0.24367798859036388,0.21342061459031722,0.2727155322961641,0.2906156112078782,0.2868931707264805,0.2952650344216268
RUSS3,0.14492322125298004,0.15582890764380172,0.1443145595605079,0.15289088633775752,0.16552672716817798,0.17027900226388382,0.17115523640190222,0.17169491273259646,0.1576326977710365,0.1469789070037377,0.16814882386197536,0.15898974225894563,0.15643106530866824,0.1517974795435039,0.17138064880463275,0.18281486220002444,0.17535673774880853,0.18162054101796965
RUSS4,0.12754881507914703,0.128080448137614,0.12829234242182425,0.13203733731973233,0.1350865995286978,0.13764030748995565,0.14114937441545056,0.1568213876599311,0.14869303613819643,0.1305993544653093,0.14285021950665178,0.19472192560422946,0.17396945105739564,0.18514360229492197,0.21333477533673872,0.23123366116266628,0.25712422177164135,0.23508062619236017
RUSS5,0.2131686601842579,0.21373971284658683,0.126300658849743,0.141330593952497,0.23354795891221666,0.24719715791951807,0.23860047918245142,0.2481759474681093,0.256497775112507,0.20667604047550964,0.24206443117336063,0.30055819183638016,0.3377872023092457,0.3347020022505079,0.3508695770048238,0.36684532081637505,0.36797893709505963,0.3390400838814864
RUSS6,0.12527542181357867,0.1365340935312121,0.12181790454839614,0.12671705040454054,0.13714490002151408,0.13554792412675845,0.1429629525824924,0.14574073166850643,0.12806896540812895,0.12440339895220172,0.1395912656133643,0.15083657141140203,0.1504504573264267,0.1453827257904057,0.15891848314307008,0.16046535735414572,0.1520551679213831,0.15489588463785756
RUSS7,0.13539452324435933,0.14555879306872788,0.13272665038439121,0.14114241027715693,0.15434699853839667,0.1540037359058537,0.16079387489991978,0.15691763062285982,0.1398808450514031,0.1316366634011233,0.1411925115785606,0.1565031484322583,0.13849473876569804,0.13329360123662995,0.15493145105735245,0.1645453670763058,0.15092089480597368,0.15656857676215463
RUSS8,0.17191304063749305,0.18898897030997083,0.16806627751781972,0.18293667736584907,0.20832223486416768,0.21235222522279573,0.23187632138137676,0.22675779374941402,0.2018365177019596,0.19544688738609703,0.21841379998284982,0.21915212521111277,0.1970491328868196,0.19065636352477003,0.20952415991112633,0.22777763777828147,0.22687206052071,0.237272986944154
RUSS9,0.14389502943087087,0.15715361464086605,0.14395156417151597,0.1547177222387497,0.1700759722385046,0.1711126615531487,0.1779414988682846,0.1800191598990529,0.16364469522610778,0.16022742314133898,0.17480190896732598,0.188908528574573,0.18049059975994153,0.17682581973437003,0.2116969722449466,0.21147901786965634,0.20650426975988811,0.22186428687275928
RUSS10,0.1344227400995917,0.14584781754743348,0.13552972149674633,0.14449764083691885,0.15843571785079577,0.15871162506084605,0.16407776138126554,0.16192265839147313,0.14631062635787362,0.13956783412121262,0.15073924037611594,0.1560546664083916,0.15585595429710558,0.15398500536644405,0.18097169047861802,0.198886368000946,0.19059377194087784,0.1973414244473837
RUSS11,0.1399549240488221,0.15239646054840167,0.13452539377297895,0.13910595599882516,0.149819733374944,0.1507008417196517,0.15973001364122813,0.1643491210878777,0.14291615212075434,0.1416939588871178,0.1560218675527314,0.15933143312522674,0.15544612399964272,0.15008325964336067,0.16641526094650982,0.17911632327349078,0.17859528744899147,0.18593395675897614
RUSS12,0.16456004244272884,0.17657612346671417,0.15324002792327526,0.16672047413330887,0.18653604609207533,0.18670483059203008,0.19881271024446565,0.19425995623840672,0.1708115319567713,0.16962461599931436,0.1858659191438538,0.19586300621718772,0.20428960839855384,0.17793153473434284,0.21308444917406047,0.2244920880812466,0.22737111679449062,0.24887246543389172
RUSS13,0.1540505053930082,0.16960802452454188,0.14529385284102794,0.15369763199261433,0.17166253616816632,0.1717239595264044,0.17340686604537425,0.17315346748355723,0.15369355793259015,0.14574159817949203,0.15765784679629957,0.16336187736085966,0.1612643695784558,0.1542529968663027,0.17769851624135374,0.1863285616768488,0.18606391477104528,0.19636654828488004
RUSS14,0.14522044315434965,0.15465288314160375,0.13926916165159672,0.14718096978429976,0.1587404533726547,0.16030751649870398,0.16775349402269998,0.16732804444198304,0.15025606347451712,0.14248151590741756,0.15416571856081707,0.1639848083094487,0.16206743357824088,0.15754945215244198,0.17515260655642592,0.18896279598168852,0.1972486537284242,0.21073960455203292
RUSS15,0.16497235698318102,0.18211287994872544,0.14311889187980598,0.16028464550952382,0.18117264308721848,0.18767075748361073,0.19829718454891168,0.19274888726546585,0.16928497626420091,0.16648055265062828,0.18155252578467335,0.20021632426554195,0.2006932245409056,0.1925088094443608,0.21934391820852753,0.21766821140141349,0.23282792134531652,0.23958434798539036
RUSS16,0.12341918504382285,0.13179800935366828,0.1234730407027355,0.12854552351924453,0.1351495273410194,0.1349288567974105,0.1404993319218556,0.1372474738158686,0.12832402779168664,0.11831910030007992,0.12840699157192384,0.12758257613235,0.12821189098327793,0.12796693900546854,0.14260093535875004,0.14804660170555833,0.14983280629023404,0.16199278390006394
RUSS17,0.17415414075000524,0.19170703026016936,0.1705025974073725,0.18662638612346913,0.21322945791014733,0.2181651380667785,0.24476370100767506,0.2417480531354672,0.21314490451709397,0.2108197308090852,0.23375740143552345,0.23094365554854146,0.21080854296491486,0.1897342164506832,0.231703900442242,0.24447088208984055,0.23704781719864446,0.24636182890568772
RUSS18,0.14724447869706384,0.1619267893184657,0.1406886376670353,0.14857407224617847,0.1614568325610862,0.16348315146628953,0.17364132382518285,0.17936222512476716,0.15459202621688192,0.15579165591356653,0.16979138207307096,0.17839439871857854,0.1733824531886353,0.16658559097821582,0.1832607576187379,0.19198918473232618,0.19747978573603872,0.20558276612855167
RUSS19,0.1252240202449574,0.1366128255010364,0.12512690527110723,0.13354383477555126,0.14449908009065182,0.1455501735718781,0.15267630572780946,0.15126959844920335,0.1339331464820008,0.13126644926505618,0.14278479292205623,0.14040421759425817,0.134732435527082,0.13358728518146107,0.1523775516598621,0.1570244225081214,0.15900607475966702,0.16894532111521132
RUSS20,0.17289737066006108,0.1892824255054961,0.16740000633887456,0.18262687986453374,0.2054662565044032,0.2094795483739153,0.22759611214394737,0.22332028632358253,0.19844562632190255,0.19274599952736363,0.21203901655059743,0.2074728253585551,0.19473449215594948,0.18302327481050132,0.22174780412753411,0.23681598519854574,0.22385115654268714,0.2358807233909536
RUSS21,0.1518327931305336,0.16688849517069418,0.1533860182862412,0.16528166006686262,0.18297022775827998,0.1854597335049789,0.19867844095625065,0.19565829673404803,0.17322672897968544,0.1690847847706907,0.18534800260137566,0.1894547748380709,0.17974919172903028,0.16794207086144405,0.19729556375944077,0.21080575701667154,0.20487757916735344,0.21565593319193735
RUSS22,0.12582033653777133,0.13791919492030547,0.12657285808508997,0.13504901308765838,0.14411087662177155,0.14459829101159719,0.15178630451541938,0.14983436356303384,0.13826766256426734,0.13485097240215504,0.14607488388281153,0.14091963570092403,0.1350490833264457,0.12749129560716438,0.1432878545824349,0.15304751087675317,0.1530331465006483,0.163424282997836
RUSS23,0.17017035057072918,0.18884637983582236,0.16220189233664598,0.17691223855699237,0.19893220233803124,0.20305317576195386,0.21808129491520034,0.21621000839341054,0.1884831676778288,0.19130793101869795,0.20671503705301777,0.21298329898338209,0.19860247142773294,0.18513884365680625,0.22230255961705492,0.2371544951377516,0.23404746748373476,0.24680818258539877
RUSS24,0.10267001623335245,0.1086537351399699,0.10493605936248304,0.10251410574473573,0.10513830905261518,0.10447579181115059,0.10818862423367778,0.10650491712105807,0.10020270477586952,0.10282362350927227,0.1048502495256083,0.10918968130011937,0.13160723382200776,0.11545872997101694,0.11766968893093069,0.11778087344484194,0.1178709500897712,0.1223945671807328
RUSS25,0.13183037627849734,0.14626674057840247,0.13337663779304237,0.1397915103543076,0.15330024161817518,0.15453252134811066,0.16014687757946752,0.1558809333297238,0.13904364925266008,0.14168250773899835,0.14825569936384245,0.15631752167556995,0.14996750310104795,0.13283299632807213,0.15500684246885663,0.1589290040954013,0.155122920050211,0.16864590098188384
RUSS26,0.14564952532861486,0.16341219833215337,0.1488822695391351,0.1596598156746797,0.17613682432009042,0.17803790213230208,0.18801917271876845,0.18345777495131824,0.16250700742331772,0.1656269892716909,0.17920419251906303,0.19014503481656242,0.17929520472419022,0.1647954122963741,0.2011143614505611,0.22015192697595184,0.21443093110610373,0.2262522646331821
RUSS27,0.139282932904961,0.15197391523697257,0.14152011261666977,0.15072112584218916,0.1648109032711288,0.16608966194316765,0.17613404181992784,0.17194835368944278,0.15075361806456855,0.15829428310545307,0.1771166415586588,0.15588481815706862,0.14712138096077657,0.14165071982236813,0.16384083649855274,0.1759964410639432,0.16645423925535896,0.17398024242222604
RUSS28,0.13871524170928545,0.15449792455629485,0.14188413380881357,0.149314989972499,0.16359674992996184,0.16600341147958103,0.1803057984614389,0.18321705247148815,0.14833585100236307,0.15133984631845618,0.17948664350792667,0.18019764251074286,0.17042969760651078,0.16062326087441994,0.20287310235940484,0.2091336908108421,0.20608936646557552,0.20765200241634402
RUSS29,0.14838190303894927,0.16291332527886618,0.15145630642563013,0.16281575083298558,0.17837397975136307,0.18120109376190577,0.193220384505524,0.19170776454127758,0.16992891273550156,0.17378077496460004,0.19970580045685057,0.19001400986301117,0.1785536687138217,0.1713874659357593,0.20151185879275396,0.21531756594082477,0.2109588559944795,0.22139647907536972
RUSS30,0.15501102008387474,0.16849964452040794,0.15466780066356586,0.16654564169561648,0.18517877847884218,0.18872999180126557,0.20496388133456983,0.20270360977083104,0.17799081837757408,0.17163742935198703,0.19092179516057484,0.19415406317551442,0.18370288918810534,0.17366920619974308,0.20874525114751463,0.22361975868286307,0.21767153579861362,0.22656884164983299
RUSS31,0.15761392258112236,0.17308271361206967,0.15565495072063962,0.167064848467546,0.1862720256656848,0.19019274987245877,0.20918484490664022,0.21196843347326988,0.1820109335345176,0.18631411890777713,0.21385994564597763,0.20556495520421664,0.18617527347709625,0.17176763694546873,0.2123307629226416,0.23126807152230744,0.22616743470846087,0.23765343299019714
RUSS32,0.11536979242325948,0.12248179447628982,0.12021450508063371,0.1228091432787679,0.1272575389256194,0.1296769697977157,0.13507103720524583,0.1368477851809048,0.12190716066555728,0.12227567530404003,0.13663435429196033,0.12946646281312518,0.1312925340461225,0.1287072693495733,0.13669825303335023,0.1421816839271996,0.14341880271161986,0.14833658373728234
RUSS33,0.1170598555703384,0.1236805810360997,0.11917882026551799,0.12354768126849422,0.1285152632401598,0.12969757353753242,0.13378564125358644,0.1337762462133866,0.12215433997652299,0.12147326136193373,0.12937672569624284,0.13137554497046797,0.12918466662828032,0.129346109720118,0.13868197380876898,0.14102818678828963,0.14210988105436761,0.14628419348326205
RUSS34,0.14048771936999085,0.1524913619559374,0.13984565161677795,0.14723573370340926,0.15954671213339436,0.16228241817712152,0.17082996174331508,0.17087461041636431,0.15500087150409525,0.14023849789840054,0.17226274515595222,0.16037165903557477,0.15924819004318724,0.1562349151567754,0.1791622803452958,0.19327507237599284,0.19104894129050445,0.20075384503676816
RUSS35,,,,,,,,,,,,,,,,,,
SVKS1,0.10226374912819947,0.10088796425640206,0.10037284286046738,0.10732805463929075,0.1264367842605229,0.1370363679800374,0.13240787476443247,0.1223201087353526,0.13266119367785525,0.13304824187236597,0.14580423150609995,0.1355643246404798,0.13258135693198136,0.12155432626980345,0.1439097149381332,0.14686297023599587,0.1707040065959194,0.16096088111257262
SVKS2,0.10711613178310057,0.10838101863162973,0.11107579866394086,0.11984895800617856,0.2405162458332641,0.2817476399392159,0.26413566526631543,0.29641728363158487,0.33751989190210846,0.3323371513436541,0.3704301030550679,0.3310403925858104,0.32877273758454617,0.3051461984357328,0.3207637582321668,0.3331766223156228,0.3363598493002844,0.3344193612466419
SVKS3,0.11130678967653732,0.11366527509836158,0.10588700280858285,0.12162009909466102,0.12954382867834546,0.1449610766506455,0.1447097369747134,0.12740650481022933,0.12367135232879031,0.13525047837593204,0.14709980895381133,0.14011310973212995,0.13442273324178103,0.14785221100808052,0.1655215006793365,0.18136842786407786,0.21603183921069571,0.20296377539457341
SVKS4,0.2802559203145501,0.26269220020220646,0.20542663643012923,0.27080126250229886,0.2780931638193128,0.269697232262416,0.28119397241443883,0.24810529213700075,0.2999104864279439,0.3356966758861186,0.39293489479284843,0.3541400436928436,0.34982978165897927,0.34472364540627726,0.36416352711405486,0.3598469308846502,0.4056736883111259,0.3698618073610703
SVKS5,0.33166634912087717,0.3173219515109012,0.2926185503356199,0.36266139487785626,0.30871832019344847,0.3260438429509395,0.33909684550202496,0.3135915343132565,0.3894286723171284,0.3776748528428651,0.4435421866341717,0.4047201532366805,0.3957987149445811,0.41773167250572985,0.4335303801454093,0.4350927357558622,0.47621394865681865,0.4530349372377435
SVKS6,0.09875680685585646,0.09722555714921349,0.09959500412818428,0.09894046022843081,0.1024715184758105,0.10495857159340051,0.10431277651529587,0.10211264962310948,0.10739035193143001,0.11062208015507864,0.11861740509064485,0.11495367762277384,0.11343612701066573,0.1423364569998039,0.18799409635135209,0.19840769538075761,0.21610002866858838,0.20135133071934389
SVKS7,0.20437623136902439,0.19577916126576198,0.18342819033084706,0.19008841112036892,0.1889163138832825,0.16674564397703212,0.18238702392107445,0.17497247057246698,0.19678408764502686,0.20170962785011654,0.2271435103081256,0.203254494750761,0.18477271663684205,0.18749679351706428,0.2252167703616704,0.2388929449349586,0.24609343489352045,0.23580296121541283
SVKS8,0.276210444108958,0.27675218713346117,0.256728014200273,0.277630182856822,0.33371716654780975,0.32829047115255344,0.3382962985038916,0.32292983260608243,0.37748043166279743,0.3750158168865701,0.38224329738062224,0.30731724031380275,0.2926057620991375,0.31404504534391364,0.38950639120320657,0.37124764901687535,0.37680436903263675,0.37291770732943075
SVKS9,0.2510024341287825,0.21199055641822886,0.2501725526406622,0.2661790466168973,0.22748298900902034,0.3015319628080953,0.33612894725917447,0.33283742799041227,0.36573612355163104,0.3744993269401502,0.5102427256990015,0.46109225725144154,0.4633892486370094,0.47943431731131697,0.4781235857146735,0.4584214609184472,0.48251151629591876,0.4636476147879759
SVKS10,0.24138003504717748,0.2272905893070481,0.22387370844913268,0.25136804477646374,0.2559005521466396,0.25521263282692624,0.2643065582901293,0.26292191260194236,0.33680869268814945,0.33364089210398157,0.37866212168594165,0.3320619992897701,0.32973391579352274,0.36593583049415207,0.36840786403474013,0.36259111596594384,0.37327041400694366,0.3621491849032914
SVKS11,0.14290136431397193,0.13580359531701588,0.13099304444635335,0.14058228626810546,0.16082419332421577,0.1819219372105055,0.1835088127162148,0.18128074905281583,0.2086291810066516,0.21530520536271788,0.24237242802711156,0.2083140183609023,0.20949776597472244,0.20848945193525656,0.24181005650218404,0.24315572697247126,0.2742060912415328,0.26826004610150583
SVKS12,0.2583630177033086,0.25427027355767967,0.2348502070409606,0.26268684587029345,0.29314496466035733,0.27779452690440887,0.2758508886882942,0.27355545533158926,0.3397091551727816,0.3362574405980251,0.38178988753925025,0.3323752733476595,0.3300536367580337,0.3301085734660584,0.3547367829006662,0.34660138831068393,0.36752879759366885,0.3488836804010436
SVKS13,0.22614234265207248,0.22067011174986853,0.1951066627646766,0.22659487564313183,0.24670661444399292,0.24201357310508556,0.25384985823968587,0.24998731533080853,0.30886495999830305,0.3076161921287112,0.359224596485855,0.3323796030763458,0.316102883359137,0.295190237754784,0.30313580147204894,0.29683254488594274,0.32287925121913785,0.31904591733774484
SVKS14,0.45942492759487785,0.46487013602302985,0.46035415631298243,0.46497797529416013,0.4755353749697467,0.46682037116361536,0.46789143388731563,0.4638879465455274,0.530318873091455,0.5194447991777088,0.45497961791805286,0.41972316242135504,0.40635144657777805,0.45086040523463605,0.48075146779016464,0.49627510167311006,0.4876033409533301,0.5294168087339565
SVKS15,0.31927316352845053,0.33904384638902446,0.3274169852567671,0.3012987754313821,0.33914298057035236,0.30207795150393374,0.31362923257458236,0.30536419941203535,0.37681815387274026,0.37142928393789226,0.48798639406811845,0.40001405100815707,0.3527371632232088,0.30649383945197994,0.35993445141375235,0.382633511666779,0.37010321532151025,0.3814150872755935
SVKS16,0.16408692969811017,0.14801714466386562,0.15250665801678615,0.16848481864008222,0.15785110281824916,0.19046776480948546,0.1903940472424122,0.1568018983533256,0.2256360579722523,0.19627707251643842,0.227745680890859,0.2457586319611264,0.2299607846092243,0.3227110164403301,0.3008605690429075,0.26757365679331,0.3678453528513462,0.3101626120528527
SVKS17,0.09520940456024611,0.09824746667343816,0.09359649186857327,0.09632301973752899,0.10199529235691578,0.10118263073216856,0.10496925390859034,0.10949759879653535,0.11811065276390044,0.11357301958353286,0.11996480245478228,0.11713343749223039,0.11203488227153374,0.11479873277621466,0.12629369234149534,0.12539050372687244,0.1383044931891615,0.13364257978571947
SVKS18,0.08966584316391936,0.08977671578488156,0.09368218965316424,0.09228236892189091,0.08850324975128723,0.08908825975879044,0.0958512729288334,0.09076748195487347,0.0894651553099809,0.09225678660364987,0.09535183653194866,0.09766721588296556,0.10030046848151536,0.09245669367132488,0.09695235418460552,0.10172205002453927,0.10621866958737725,0.10798183024204518
SVKS19,0.08955184917433398,0.09098627105745179,0.09101000258907706,0.08887526239278808,0.0866858640431146,0.08781609966396418,0.08954392357804236,0.09109926735088704,0.09786915554005003,0.09922220203777843,0.10160567223290135,0.10305209929412913,0.1003937525604433,0.09407963012687263,0.1151008491108042,0.12440620022858655,0.12819260552854675,0.12278628917538209
SVKS20,0.09971179064830629,0.10390045886996811,0.10729725276254626,0.10698508343479647,0.09664587913163664,0.1001400454993923,0.10356169174086571,0.10396755936872092,0.10716880002165757,0.10870701530271915,0.11382234411868322,0.11609355578424017,0.1153857612647496,0.10881376761644482,0.12034381082022715,0.11384037017586363,0.11988237110374479,0.11780553944240492
SVKS21,0.08783661558709815,0.08983856036621649,0.09030444812409583,0.09028346380811349,0.08878983706782013,0.10117273546325657,0.10644958600065946,0.10649725101639476,0.09977822017424748,0.10548529856858019,0.10836498335014114,0.10793417087492947,0.1090554975618487,0.11365755761996921,0.11737629733961787,0.11664270845507108,0.12761142377848098,0.126654438731274
SVKS22,0.08344700653199894,0.08294241269444642,0.08096360772253865,0.08434044568707115,0.08937633989315949,0.09127133601458948,0.09634719710918063,0.0940663662265264,0.09202047577859561,0.09771359109210988,0.10236087298816755,0.10035410339868406,0.10080292961137859,0.09391708766655658,0.10157289991631842,0.09772478990952754,0.10247626128057333,0.10334675760214926
SVKS23,0.08476430638188,0.08881670656926634,0.08736831442755982,0.08549133052340623,0.089656759959968,0.0852157861387056,0.08675534482490167,0.08798338434621492,0.09499932596265649,0.09188297534628136,0.10311610855236479,0.09564048488222553,0.09857617452961702,0.0983369541432519,0.1253252212302675,0.12339445455242157,0.12761798392076087,0.12879775597498905
SVKS24,0.0825237995374972,0.0815276173954745,0.08168329282485708,0.0823619923671036,0.09170966851313518,0.08313647645996626,0.083767586286569,0.08277009257172814,0.08539987166050123,0.08583677479117435,0.08762373984412823,0.08507522010235043,0.08426891442031643,0.0899441294024537,0.09796585776382298,0.09517604720425486,0.09499953722537766,0.09460613781868736
SVKS25,0.12343929341964073,0.11831060457119233,0.12026999988766644,0.12618584906132013,0.09542481223872422,0.09704236045674033,0.10397118704177749,0.09832275657902677,0.1031980080097155,0.10778328601599389,0.11710895437901381,0.10721181815068548,0.11540454647283525,0.16283142611834472,0.18324756029682124,0.15511235171181326,0.16066009158131442,0.15570153238569126
SVKS26,0.06936391940199713,0.0748503939502368,0.07668544358685114,0.07371885641647317,0.07709367541002449,0.07712947031945719,0.07677785434034701,0.07727024593910388,0.0771538956344789,0.07899303915668904,0.08840183205925049,0.08416156301813918,0.08425734614178575,0.09234744679706693,0.096408472376007,0.0909241093720932,0.09484320749330845,0.09818674909146387
SVKS27,0.07540989361694786,0.07726425561431748,0.07710401529322071,0.07665401016605836,0.07410743083026518,0.0897757884737474,0.09493685285912368,0.0924963886908746,0.09635015923605075,0.09712041502127661,0.10135983721114189,0.09460550348185044,0.09841991779188684,0.09961435950938471,0.09934298529707926,0.09477246871572248,0.0982168297431016,0.10203696604517103
SVKS28,0.0820196254204106,0.07758086321244304,0.07582293060145935,0.07563310385092373,0.07349329816756531,0.08481774612279962,0.0861425228353404,0.08646505185407849,0.07545296484606474,0.08621059425286688,0.0858378884924923,0.08992032128233031,0.08827629296012564,0.09154675434553308,0.0878614608136473,0.08651720979703269,0.08648008844453046,0.09043652579471857
SVKS29,0.08576895474187471,0.08776973619965966,0.09342266012386033,0.09243391903027087,0.07964743706890755,0.08170797530887046,0.0872283996982065,0.08692702609589101,0.08834620690924674,0.09256222494733087,0.09522977378362854,0.1131177817755533,0.09807996568517897,0.10378819666489826,0.11526710737425959,0.11151968627524293,0.11059727952956991,0.11402017691751712
SVKS30,0.09048893389033687,0.09364578904425215,0.08927160008800088,0.09096133784155655,0.09073326703310822,0.1003047726641117,0.10673631902059866,0.10724596379649236,0.10468132209361924,0.11437391222412399,0.11091278305631348,0.11557066700041005,0.11140659748720644,0.10627717213439244,0.11632619097375121,0.11955868408328404,0.11651355076277141,0.12449300885166208
SVKS31,0.07909395600317361,0.08065951820099283,0.08106071710747277,0.08111884107063204,0.0814353279667468,0.08656419417817925,0.08931302828448993,0.09118152872821679,0.08594088746286556,0.09769236222982898,0.10187062913140518,0.10043663444315108,0.09731288715603637,0.09422963964188634,0.09921193133583846,0.0942346304647723,0.09731445243287189,0.10166777094833837
SVKS32,0.0805397852750692,0.08070408996291684,0.07854119241484157,0.07957920589634326,0.07601139542202835,0.08060133758831886,0.08166262185221065,0.08320145249300377,0.08567157911737137,0.08614406981797208,0.08948909995012301,0.08558063619301869,0.08592610442661228,0.08828752990123678,0.09400081151210049,0.0912798135634352,0.09521784560424301,0.09416050255380508
SVKS33,0.0874438612150642,0.08534246984198883,0.08215092491149888,0.08437280234474465,0.08731589839426045,0.08658359624137121,0.08918008755961394,0.08981379629855105,0.08685999003824724,0.08878028259073201,0.08808744774843386,0.08858760642961495,0.08946385923371607,0.0837013543101725,0.0935572647107843,0.0907418317152233,0.09268259460024536,0.09578547982710225
SVKS34,0.09175363504914573,0.08375884850050061,0.08935425291611317,0.09068205878374343,0.090345714512051,0.09024967232222139,0.09244659340697256,0.09470601601939134,0.09623555632654943,0.10013163141093324,0.10326339670419935,0.10624578335308367,0.10010754842147253,0.09301928493054838,0.10818649772017795,0.10332890971497537,0.10249301808313324,0.1039914213032155
SVKS35,,,,,,,,,,,,,,,,,,
SVNS1,0.12919293633597723,0.1351365571643466,0.12369585606298297,0.1429419489940015,0.1609893238673943,0.14572309666386526,0.14513441185858542,0.14560621890543277,0.14727890194421508,0.15258684985959042,0.22732313171265728,0.30237905341766974,0.2589865144412118,0.25522106795631644,0.2550220159557574,0.3123920566675501,0.30737971201990666,0.3152982706914042
SVNS2,0.09880916604880313,0.10013033741374745,0.09774498050102962,0.099182555450661,0.10083772735982513,0.10018816577186689,0.11693763334664464,0.13701028882736382,0.17054860234100197,0.17969654842098123,0.2126761138872929,0.23169634902749583,0.2326713013171411,0.2154467946705003,0.2140636240396957,0.2619436771034581,0.25359183256135803,0.2563553055122407
SVNS3,0.10670960980520808,0.10465352493013177,0.10580836158565736,0.10448339233754528,0.10155837237501564,0.10799524024254209,0.11100030012345617,0.10522755736956049,0.10587204228169175,0.10431075772908091,0.12396186373951062,0.15230186215663657,0.18089842122351016,0.17614146642134934,0.166736773224718,0.20949922906759835,0.18255568511170986,0.18991185199504734
SVNS4,0.20521588241865826,0.20344729711428447,0.17945141195332548,0.20371242074434903,0.19601406016150064,0.24027951131352787,0.25026722283456265,0.2525937271913177,0.3111733737463135,0.3244179887413438,0.3875144083781981,0.42880503312013557,0.42691711076006145,0.428814345387959,0.4753807968437561,0.48820638097297386,0.47482905508782014,0.47398592385322025
SVNS5,0.3023398786464253,0.3054097756526684,0.2358358785371714,0.26114863858954157,0.3008463616581767,0.34402336358013447,0.35067256636660965,0.34841831429809306,0.3693934685535665,0.38531666119316654,0.448552580986252,0.43856433024720354,0.44696271635672663,0.45891159997037917,0.49401862422509407,0.49647198989817204,0.4908194510812856,0.486945535694835
SVNS6,0.18716685907528477,0.19253870364339,0.17901948872081147,0.1950926978107315,0.21530222831884424,0.2208112773065683,0.22812207745092908,0.22686721599161805,0.24637674755408337,0.26099281592469226,0.307488978027083,0.33481334010437414,0.3579658466571929,0.36087978222471095,0.3919307329300698,0.4089283791026742,0.4009916383635032,0.399853658483565
SVNS7,0.1425256193965807,0.1440303388009189,0.13851943542538614,0.15290279923756395,0.1587187936368778,0.16211403420049572,0.16443078169298478,0.16815781151738532,0.1750427488322537,0.18368054803137895,0.22018891530329696,0.20986609410730614,0.22198613437170298,0.22449371944612936,0.27507152738471496,0.3767315239999056,0.35519812938859624,0.3563146972828843
SVNS8,0.10673410532038134,0.1699827941481187,0.09895269943663015,0.09924078987046277,0.18923062803572308,0.09984246924983747,0.12151261860249708,0.10105171594378384,0.21446726706391647,0.22856734744941182,0.16218960514038117,0.1361289504538368,0.1653432940210319,0.14957629908391432,0.1936199284575283,0.1763238366882667,0.16948748506606173,0.17139751969621803
SVNS9,0.22742761355092814,0.21364638961536725,0.1793059145264612,0.2028090748847256,0.2461506576828696,0.2065744679526926,0.20325130618931211,0.20281970951355058,0.25798700691686444,0.27374895375750175,0.332043163196112,0.36508138959318026,0.3696713269653631,0.37793513783493976,0.4617883828013423,0.5480742567713167,0.5430853805801293,0.5539613315308637
SVNS10,0.2504879622826552,0.25521340082477983,0.23732839333750066,0.2530244239072207,0.28573974276691444,0.2939188192445615,0.29750047678126423,0.294593956954973,0.29370353895674495,0.309941203860241,0.36445115348780055,0.4172748041553006,0.42617065762130796,0.43408428134434524,0.46509387189564055,0.4994180640538254,0.4963163051709168,0.49949676388118747
SVNS11,0.14766839591366407,0.14659458743645282,0.13798520787544227,0.15335192987231908,0.17386907815487113,0.17664276317036762,0.1851588200434996,0.18822941596179713,0.20061459059370404,0.21128108100658186,0.25774706695613225,0.268492453923959,0.2944619397648594,0.2850709771973105,0.3455529427316378,0.40463440552753405,0.4004050721953778,0.39702636990638573
SVNS12,0.20903544233819768,0.2107944920110081,0.1768293556887278,0.19900917114100727,0.22234440160448043,0.22480216086590654,0.23046048170349048,0.23176687304385338,0.24418480137004828,0.2590989696307923,0.3082627551777551,0.3265519154776597,0.32105340905039703,0.3069722782960987,0.353047382600516,0.45455780791087225,0.4447083535758204,0.44696957155893985
SVNS13,0.2585918034510648,0.2632867520601839,0.23278837293836,0.2550533462967971,0.2579212519142788,0.24721951220769806,0.24269759363876117,0.24734312196720742,0.26897994153305693,0.28351938242334507,0.3225357464228066,0.32674205485701147,0.3253370601503839,0.336832363273312,0.3758840079147613,0.41287504708302075,0.447379609648,0.4402753247329746
SVNS14,0.29280859186739755,0.2907265071716873,0.2773248353761597,0.3068670373042495,0.3053451716750697,0.30525967908481916,0.313607129196845,0.31409742317820016,0.3281834669124774,0.3476188572478084,0.4070372972725467,0.43556427633441075,0.4474420549098063,0.4548335941287095,0.48505352682936687,0.5260443496483372,0.5217075680176265,0.5221276938166591
SVNS15,0.38139932244452596,0.3693292392174752,0.3404603938867309,0.36317337511506764,0.38968992584855255,0.3864696800347965,0.40279750169117506,0.41160296402589114,0.43310987975462445,0.451551384433008,0.46330242390563964,0.5005981657725043,0.4975190509503819,0.5037376888153948,0.5223153488295872,0.5355016743450858,0.5360328812526204,0.5375603447250956
SVNS16,0.17188200949277266,0.1628394688095004,0.15354964063783777,0.18865371591231717,0.1977927892631347,0.20453748804872043,0.1917049203941826,0.19413643552863774,0.27953691339698056,0.2934141687679875,0.34125298541835597,0.3666488880552372,0.38198034171722306,0.38559688784049057,0.42014859933366017,0.4779052755479195,0.4579420216141877,0.4571294230180544
SVNS17,0.11606363014608191,0.11699479840352002,0.11577548093076584,0.11545758951356913,0.11907082382876787,0.11912944599703335,0.12213346740873013,0.1285982769978509,0.12581438744978185,0.1262338805074144,0.19563201961675555,0.1952237471843574,0.23832765151301824,0.22891060224068194,0.2489961263496688,0.31983153413423443,0.2752708193693202,0.2749895334973978
SVNS18,0.08780779784860465,0.09015628942172851,0.09655578560556613,0.09520909647215756,0.09139367386448778,0.09250561616648144,0.09534171917909624,0.0957737418588115,0.09308976094031585,0.09392070190610778,0.10093513676812522,0.10685805168892805,0.09935531762671343,0.09942188141758375,0.1047881404127981,0.1331071231915897,0.12776680411823624,0.14420805652775187
SVNS19,0.09435389720815046,0.09547925226073353,0.09849917408090024,0.09688121418469604,0.0962784542533952,0.09655804455584283,0.097654782632525,0.09834509681775874,0.09619817284329389,0.09634250624243486,0.1096185254441425,0.11033290692541321,0.10797326035637979,0.10585043017291043,0.10670584300006622,0.12681205112047228,0.1162977654322821,0.11653327161979536
SVNS20,0.09083617989982364,0.09504571738674607,0.10355013327473847,0.09759875709651736,0.0970073615746865,0.0967316740238943,0.0988435595536584,0.09688601502401899,0.09293665846134823,0.08936090897684461,0.1145445573021667,0.11484306517420545,0.1306349741317658,0.11734114918878448,0.13400436384886572,0.16586158854471578,0.15464102726752366,0.1603987983706541
SVNS21,0.08490248925783973,0.08661858998676726,0.09370068565946756,0.09114186625781473,0.08897331958690945,0.08819948331216963,0.0896636003557724,0.08783211105940437,0.0850543043152818,0.08034554582261337,0.08446921803139823,0.09284600850373469,0.09057362249020826,0.08796633114342517,0.0913403867738481,0.09446685605703825,0.08891508474306832,0.09130164420629754
SVNS22,0.09539347339738388,0.09573515254266901,0.09904597197805945,0.09621055747662399,0.09516377843951826,0.09492648357248935,0.09634263289700533,0.0952215751773732,0.09291486055662032,0.09115032798231906,0.09602578734099597,0.10319117945293639,0.10019462470486262,0.09725655278700039,0.10029666659432154,0.10246094188407846,0.09756028900145818,0.09594656368615032
SVNS23,0.11483660146052038,0.11505303265342176,0.11164601515432938,0.10987861976249612,0.11543901838229038,0.11491856154520506,0.1163908095730697,0.12372618121100266,0.12530824644708508,0.12756547584969533,0.1409660790627596,0.14414868157739996,0.1506203636461572,0.13952816439528704,0.16224623978364922,0.1918599167733779,0.17909161127824172,0.17975225837327766
SVNS24,0.17615140379492958,0.16639702502453507,0.15183029457014044,0.16119552675212498,0.17937693792997228,0.18600678695389733,0.19610598919966485,0.21284347275931081,0.21195812756121518,0.22447615289604028,0.22468819536416132,0.17734766750206804,0.20882716064778734,0.17068173003441595,0.1932519958165263,0.19019492400692045,0.19348527497054843,0.1912613615268966
SVNS25,0.1876008845623785,0.18111071909676926,0.16908871766851075,0.17845684492326236,0.18957780510428557,0.1909238160813639,0.18823920557722915,0.2131775809356637,0.21210098943716854,0.22206745603376113,0.27261632408168057,0.2709291962415973,0.27931239842097294,0.25477639431059096,0.2819541746994681,0.2945153364971542,0.28836791428654096,0.2865939561955663
SVNS26,0.0864014151730173,0.08984605771448252,0.09185032179856614,0.08993247032947409,0.09030640570854413,0.08935610259342947,0.09155505441625346,0.09734028587850825,0.0975670059922772,0.0943400563329626,0.12264710699320375,0.11536930092489153,0.12582100488675926,0.12273383514338869,0.12648331399328014,0.1345796738115938,0.12924529641605784,0.13222088887362562
SVNS27,0.08725783412768578,0.08997567573294722,0.09346831095995993,0.09280954172635587,0.09366382889847168,0.0943453563091606,0.09379372315766878,0.09377208689857118,0.09225263636589526,0.0895356460446148,0.10881710730682397,0.07895376751893854,0.09021483150799278,0.08430294034702954,0.09573864406131027,0.1011220027250448,0.09667841647298418,0.09718426657470126
SVNS28,0.07716887253050007,0.0801526663395002,0.0889088453330339,0.08558759811194644,0.07980462393987588,0.07966175007241004,0.08126799349072988,0.08059330527294851,0.07622135548618345,0.07310707394931416,0.09014315094659416,0.09520849390712029,0.084187748940049,0.08113622653205547,0.08122854722516605,0.08497759027760525,0.08519501193797581,0.084817206096283
SVNS29,0.08248222510613373,0.08431957734014028,0.09084498281781779,0.08767188104863678,0.08567315701935217,0.0864302691158593,0.0868815010942837,0.08838897765075007,0.0865889430676245,0.08529795918247333,0.0883884560291041,0.08686943098485764,0.0876953207709293,0.08679663940107774,0.08899371228306101,0.08653021863166084,0.08899084682897032,0.08882606365716106
SVNS30,0.09861064631043145,0.10238533842360915,0.10822913797000112,0.10500985977202427,0.10102450416873104,0.10015151786586186,0.10073029758367184,0.10028713161351531,0.09664617528649051,0.09523459390718916,0.12016051677884186,0.13451438162025875,0.13384977855546368,0.1211784448503545,0.1288272428319092,0.15861777843055164,0.14032906838733158,0.15382910040156647
SVNS31,0.08034890389577802,0.0823480372100484,0.08815186981455546,0.08480251868719749,0.08293708602549077,0.08356440795488873,0.08414874590308068,0.08400265234160036,0.08515703135306278,0.08189257391031933,0.08676192300732519,0.0865406131059034,0.0809091140297761,0.07997507895450982,0.08555467420848181,0.08928689359776189,0.08843017497112379,0.09410905792842622
SVNS32,0.09151073162976767,0.09199665681252729,0.09439785407417164,0.09301155748914067,0.09250108878282867,0.0921639217802479,0.09237600836303424,0.09358538130011171,0.09256720981781869,0.09210874890027096,0.10417986277932131,0.11197335665724638,0.1068636986859277,0.10493705354441575,0.11286623226503546,0.12008034045476802,0.10644103468254383,0.10960850259929802
SVNS33,0.08168338725276181,0.08395641332867455,0.08518456183648004,0.08204072204678543,0.08739546757128273,0.08335116278288282,0.08057012341990473,0.08330985438215892,0.0852964109580868,0.08283562807251615,0.09485254925884444,0.09575925437622307,0.09706060682350112,0.09462758369760715,0.10416518019709521,0.1353941904397931,0.1226031036190189,0.1374584140159614
SVNS34,0.0955736752206953,0.09955197476067865,0.10370828260390558,0.10129431575433584,0.10180889574970071,0.10099861242193182,0.10331253808265352,0.10532357783894186,0.10242937048648941,0.10233003255888956,0.13857114573039495,0.11046960291843712,0.12859642054374282,0.11998831327702987,0.11737110052381863,0.1379895385298423,0.12005406309168308,0.1298819948787707
SVNS35,0.0833891086318601,,0.08338595873206664,,0.08338475381900141,0.08338910872189241,,0.08338910877123684,,,,,,,,,,
SWES1,0.11937393239444734,0.12622173857443017,0.11482549708394203,0.1169531620780566,0.1221213893531608,0.1218559626147571,0.12318168960123325,0.12260164567251193,0.11289467681020514,0.10970564102937959,0.11124077175653495,0.126550788950948,0.12523091889934154,0.12371600128404663,0.12287348361329557,0.1251288762538308,0.12469987210629986,0.12692386888955665
SWES2,0.14579522301134631,0.15690589507135377,0.13503028211308932,0.14515004406787926,0.1609860173114701,0.1652672341223949,0.15398505762991951,0.15198868342389943,0.15005835181063687,0.24108236700411473,0.2980651105689926,0.2687627378917282,0.2793398607547027,0.20913851723410726,0.25144683029059745,0.23234022785599817,0.25182206948921937,0.25159114455157194
SWES3,0.12089781093426187,0.1256937974452112,0.11878140365830923,0.12190901398756913,0.12794543580050335,0.1268753690511499,0.13024864043928777,0.12926696742525864,0.11830387792849334,0.12085618801912779,0.12495540644917669,0.13500898819703044,0.1370748513420346,0.13535727504830725,0.15865294309147976,0.14747987763409265,0.147207371758324,0.148447612187225
SWES4,0.3011899112162734,0.3019693929094088,0.3126116310039943,0.3338223300293771,0.33244274687039765,0.3261892383909322,0.3265863622950892,0.3289142827600393,0.3186421887776571,0.2589354898414034,0.30590496534498174,0.28605286805163826,0.28333221330524255,0.25969062999501896,0.34916053926225094,0.27660753583053005,0.3049974514238016,0.28367262985667013
SWES5,0.30611881424667736,0.3111686611410443,,,0.3765707247597494,0.3688960719234599,0.3696056723422414,0.37522816866757963,0.365677166883757,0.23748536036660584,0.2745125377434486,0.2650861571087143,0.27891362735347913,0.23415003718529043,0.3269528352471359,0.28966691106402886,0.31133335344275487,0.3055670357561436
SWES6,0.13592661978161313,0.1369358983472708,0.12774767937575984,0.13292352548741165,0.1367423410600673,0.13414640500615355,0.1381040604853469,0.14036959239315971,0.1325510402586559,0.12733611808214054,0.13395749813355648,0.14744985422123652,0.1354280381753292,0.1371099948753791,0.16347064987374976,0.15356165884442505,0.15808085937640035,0.16063815542773435
SWES7,0.15822455539054067,0.168393754427391,0.1506798143421529,0.1564140872272382,0.16432092666369993,0.16150398734129648,0.16482743258433125,0.16668194070499426,0.15934776921947302,0.1460663887450925,0.1624250403957178,0.1690853997014431,0.1674190987129673,0.17583757487047194,0.26206919061957834,0.233750468632077,0.24578922848867693,0.24800453455193253
SWES8,0.4162487142227329,0.4486856677788908,0.34094128503428095,0.35609456735347944,0.3743108601849971,0.41029654538557464,0.3716427526096058,0.38671730834895535,0.38959192873508064,0.31749581697905976,0.4066765892767198,0.3876324985012039,0.36954684495337625,0.33003843223476226,0.4336711644622141,0.39332400211452684,0.3939493385237578,0.39655074334987145
SWES9,0.24886072037521306,0.27550644394497315,0.20078273913626754,0.18366376449623842,0.18665353469460375,0.1895127690656437,0.1980212799000636,0.19933562753416825,0.19755080237949194,0.1654903349879251,0.2011842688940652,0.1891324603934427,0.18086322395189694,0.1819368011191211,0.28280429142893476,0.22947322230943573,0.25543671534858053,0.25914547899780593
SWES10,0.23031048708706517,0.2506097974814241,0.222552150947296,0.18785067060804675,0.18896407588808567,0.19099732594363458,0.19015550570056913,0.19857281093950047,0.1914452026165193,0.15769071793268327,0.19149857767166323,0.18167373605664844,0.1938090558659616,0.18669722674565492,0.3285199362249618,0.2790134240637038,0.29712575289648296,0.29120926356910615
SWES11,0.13988928302039438,0.14441822395302337,0.13605917994201772,0.13632513957885856,0.13855446750942205,0.13803161663839175,0.13770602424759473,0.13775377984544787,0.1313266925440039,0.13051953470438393,0.1416225143377018,0.14885145574421996,0.137543563919349,0.13868364694941068,0.21649169501990864,0.1899053972732419,0.1984283724728209,0.20034628103711455
SWES12,0.20430865343188626,0.21159172590741446,0.17793977677609257,0.21072897631290366,0.2266392710651879,0.22062253959296507,0.20627596463825346,0.20974806457055228,0.19670596023448,0.17520661463051038,0.20798856540187424,0.19822786258442437,0.21299347999980914,0.2224968437189926,0.3827489933348246,0.27504225023187434,0.2889514457807311,0.27730225064221514
SWES13,0.20854337197423403,0.22240286639774579,0.20448688875344845,0.22904355544792698,0.22790298478187657,0.22972049419258703,0.23811107368320128,0.2182912804725336,0.20985298190276677,0.22935578460090467,0.2853857361728142,0.25945255456945504,0.2712779590732909,0.23787385416192253,0.34339385422146945,0.26015315940981404,0.2730568235516366,0.2746753398411697
SWES14,0.2547970417797782,0.26586423542895776,0.2833652859771818,0.3229335018756159,0.323357755585389,0.3254624912528803,0.3260529051324653,0.3271228366250586,0.288736068397104,0.2949549816649143,0.3820222852182712,0.3462172984991139,0.37673094680997943,0.3352125944509413,0.3985463642707651,0.2850371407646205,0.30425913880063676,0.28458362791498354
SWES15,0.19267358910889332,0.20138471594683832,0.1729259345652915,0.20630869090364456,0.20793740773252928,0.20787123527658724,0.20589994480918206,0.20086448639981683,0.19176014950193063,0.17364390475302957,0.21252431056511645,0.1999023120846904,0.1993335264107597,0.20550088881883372,0.3324590943789139,0.2599807939230038,0.28219498393053827,0.28592786915317747
SWES16,0.17921970671230888,0.18802925544419047,0.15601069639231724,0.14155549508251838,0.1451441062548166,0.14503444496895423,0.14752319664662966,0.15133253527570772,0.15322437759830407,0.16462213787629187,0.19330602729773833,0.1708895549895043,0.19366150858971287,0.22187210433469237,0.3209476284888417,0.2556456394832548,0.26254942952625415,0.26009145925113764
SWES17,0.1255832676233766,0.1307251774583485,0.11921598905923213,0.12245553101025441,0.1284259198525737,0.12935236861955574,0.1322919900439324,0.13036297694597085,0.11979498783922847,0.12344961983101164,0.12738169621122775,0.13433008654037037,0.13670777947183405,0.130922061323308,0.12462972644692248,0.1398211517952807,0.13668629118585449,0.13788823361058133
SWES18,0.14575595780355727,0.15051865895576427,0.14199151113520264,0.14505688162213895,0.1524194463674567,0.1541073618418047,0.15682045674614942,0.15841672114174293,0.14743562386219608,0.14244623091258357,0.1456650220732028,0.15811782898706128,0.1505486051826506,0.15176650663174968,0.1642800981077569,0.16732548226587363,0.16794063866566789,0.17601415810749302
SWES19,0.11668895542086918,0.12114372796221848,0.11951471302900496,0.12270063461991534,0.12404910344968013,0.12135069605206186,0.12466353074446558,0.12508877688255354,0.12281476249666148,0.11403233369187225,0.11872282712928046,0.1247012894792681,0.12725931971144314,0.12980626262754666,0.15434952040256214,0.14196633235289366,0.14347988515337656,0.14719107153043365
SWES20,0.13857119142501126,0.14359128378160918,0.13382695435448502,0.13255286374666486,0.14044576054017877,0.13939814464619796,0.14197578102062833,0.14301793916217156,0.13506815830503902,0.13213100859453356,0.13628971118700248,0.14522323873983883,0.1430125412089268,0.14552451023399282,0.1796508814230274,0.16846779456340671,0.16857862519290012,0.17632697428661606
SWES21,0.12937768724450918,0.13291290325916028,0.12481581680068761,0.12455453188195943,0.13023276453076102,0.1282226895479402,0.13138553900206587,0.1316785128938989,0.13169846435780916,0.121457547834369,0.128527545227227,0.13226034998695135,0.13014023358580834,0.1311151580909793,0.14804076229416946,0.14150873426921687,0.14162379393436628,0.14636588063864844
SWES22,0.12358937333439937,0.12712236867852786,0.121015430098862,0.1252448294837796,0.13179048218564135,0.13197304873235163,0.13620891685188885,0.13582265883648567,0.12077264028202017,0.11922913385478577,0.1201071522185124,0.13310988332876675,0.13176844465059825,0.1312725738014009,0.12543503588726757,0.13964206325245287,0.14172316728413129,0.14573344048999987
SWES23,0.12564300122521377,0.13177243125905194,0.11585484414426322,0.1205185010958086,0.12857483132239778,0.12690038035519394,0.13015393870451936,0.1284788437707686,0.12163052626299764,0.11763908292759946,0.11840588526561947,0.1274774738227158,0.12800703801026445,0.13012308378955847,0.12307265529524425,0.13304091281827468,0.1285836183377058,0.12940946237867207
SWES24,0.21938625796652308,0.21648219861265738,0.20957412508547363,0.2049215566922982,0.2124741369316055,0.2517646813602144,0.26662606600499256,0.2688697083330583,0.264338898125614,0.2517682361203819,0.29543660962685186,0.23320547671581876,0.23613780532006162,0.18884213555161977,0.25905565870916036,0.18110060349878246,0.18996902435938845,0.18813269675392838
SWES25,0.128247004714447,0.1350181427178796,0.13337590026180396,0.15181981751880516,0.15065534596051697,0.15734318052882706,0.16118187927237998,0.16670546021157237,0.16861342858763678,0.18788711101936487,0.22701784697059876,0.19073879410715194,0.20083312387131894,0.22234421129050752,0.297285872320827,0.26483257321423714,0.28548111280605437,0.2825952367973717
SWES26,0.13507646958917102,0.14146780278243226,0.13734513634683743,0.17010104045829783,0.17416327510868157,0.1782382485549095,0.18389746863372397,0.18599953190040647,0.17997328814983543,0.21582824983158777,0.26825669457891144,0.22433439335970193,0.1845173296858624,0.1779421283405541,0.24725767983858757,0.19275881478781165,0.18677935303529294,0.18846974927414592
SWES27,0.12228336410366306,0.12627034816443297,0.11682094556354539,0.11946413036067467,0.12550964388635147,0.12444023760068484,0.12701080525725467,0.1268644178668861,0.1179288101696766,0.12282237653542134,0.11881775779229886,0.1399563048790301,0.13504427906691058,0.1309683578504741,0.13079566299540674,0.14555043006720378,0.14168564767555214,0.1462765729648007
SWES28,0.123059444786302,0.1270117595831802,0.11883525872041982,0.1216633602547854,0.12786508508429312,0.12917120909762403,0.13246109636861841,0.13160134852784036,0.12154348266326474,0.13025060038851768,0.13169669283792604,0.13712530049011787,0.13724383293952233,0.1368064957654507,0.14574094824365547,0.16004311504067137,0.16507662502571643,0.16929753397275288
SWES29,0.13626216993718726,0.1404594378564499,0.13253991015486433,0.13762689021229238,0.14488438343493254,0.1473271961365614,0.15075510822859794,0.15152197254994534,0.14185327589902877,0.13864147851146488,0.14075386768005477,0.15356499313866556,0.14611686822435316,0.14711719438298015,0.1453493733831072,0.1566076806370236,0.15800621973427634,0.16613861533737725
SWES30,0.1461322835009967,0.1539474414229171,0.14072669749018774,0.14435418451408447,0.15328262661800418,0.15828043443140485,0.16255880337828021,0.16525023934114352,0.15295211855722876,0.14299795003480031,0.14768280918465765,0.16413990278384386,0.15165809307727993,0.15040550045484286,0.16304854445977696,0.16731783765103506,0.1690311852570844,0.1803041775043885
SWES31,0.12116045880709747,0.12399497353219083,0.11653327451270312,0.12017591256916674,0.1260764226316356,0.1243526855992409,0.12737797671040324,0.126446075588896,0.12034493990661965,0.12510796670473642,0.12764256438696386,0.13022056460110853,0.12944001898651575,0.13292749503833964,0.12338619999620179,0.12989998761482902,0.13498086111965066,0.13862130260977798
SWES32,0.11779898086859265,0.11909633495178795,0.11443143625506613,0.11764504243998813,0.12286195619017433,0.12015859262873883,0.12306628002945441,0.12235397392966678,0.11314143575371347,0.11816408190442296,0.11890187448076407,0.12105442412604206,0.12129488642456038,0.12519163250628224,0.1125486091661444,0.12385098493027633,0.12310351069657212,0.12372395855841127
SWES33,0.11894428373220227,0.12015940529856978,0.11592475951090961,0.11679185318472138,0.12160191772382452,0.11954067329755674,0.12218995340492704,0.12167444180299498,0.11448649093139225,0.12155077316275155,0.12390899748182681,0.12260367324471334,0.12211737132957613,0.1249732850501478,0.11572825461070556,0.12627983587788852,0.12450741617196785,0.12754442984589232
SWES34,0.12852297504340937,0.13376281192231199,0.12315015638957175,0.12742663953299643,0.13559643060211568,0.1358352390314403,0.1390596389917661,0.13878541006952605,0.1265803648834534,0.16291784905503937,0.1813862459903235,0.1645306768168886,0.16471209751277138,0.16115286514068272,0.1504226878632078,0.1532752148464757,0.15411216703404446,0.16042589865508505
SWES35,,,,,,,,,,,,,,,,,,
TURS1,0.1323839092654458,0.13847436058312682,0.13187482930627395,0.1375944288847731,0.14289053854247583,0.14389828579649566,0.1462469563556568,0.14564743614510356,0.14373231303696357,0.14209525219624972,0.14740835864514423,0.14390832615575153,0.1443668882705454,0.13657641407491677,0.14994396890898765,0.1608660181205909,0.16941400590977726,0.18207231793426637
TURS2,0.11601369215401514,0.12669493325407144,0.1160959689755295,0.12519737953988236,0.13305476922250167,0.1366019132759572,0.13882680035622183,0.13734131382845993,0.12987461184180912,0.13061340808923547,0.13960982957946996,0.14442508913593197,0.14635530792195764,0.1467845525680887,0.16172649471900308,0.17463329415247492,0.16939964710815103,0.17577192239909645
TURS3,0.13826653419847715,0.1444582006652311,0.13551160107458923,0.14307972022055696,0.15157674109907238,0.15174280269920618,0.1550890965508021,0.15644708445591737,0.15219533088874473,0.1523315640134717,0.15832575034975013,0.15259219671779045,0.1520912672234896,0.1426755203071137,0.16778045959369708,0.18688955136614713,0.19327546523504519,0.2089602587722112
TURS4,0.12362716477707822,0.1315662904288903,0.12249827911366354,0.1318011762210768,0.14352675369007484,0.14929651462109267,0.15811146782959887,0.14396132171402848,0.1607436238404455,0.15602220696648764,0.14639226084753146,0.14043346415790067,0.13990672569263257,0.14533736145993953,0.18070772948335762,0.19599067086156602,0.1810883639551182,0.2019582467475803
TURS5,0.10584005622293952,0.11027868429589557,0.09917591797844769,0.10595443813807928,0.12895381940589007,0.12438397092567355,0.12424009432312144,0.12172740907878184,0.12140849066087804,0.11869761321666746,0.13914238593225137,0.1394430106315972,0.1373504729892519,0.14291595980064983,0.14173029404583007,0.14843828702325332,0.14830270093838208,0.14354140743535637
TURS6,0.11207614168406838,0.11633409574116138,0.11141652322485598,0.11582054979671277,0.12401601806132324,0.1262975433265038,0.13076442829103435,0.13434601102443905,0.12755008752050606,0.12212973731993688,0.12824111005442881,0.12634012898372024,0.13202026731465719,0.12288317313665507,0.12662515819832348,0.13230547484075983,0.1332339790419707,0.14293026828147695
TURS7,0.11525176143985434,0.1204414869633058,0.11211916811456293,0.11943154798647704,0.12718940850674335,0.1282997419414407,0.13094718330463234,0.13289801716512625,0.12846075904923707,0.13126653768719743,0.13782612838152503,0.13484952123600158,0.13518936529207665,0.1333165436330212,0.14637499406574733,0.14912364505097125,0.15343477922905158,0.16179402745937796
TURS8,0.1973697994690158,0.23759292735494972,0.17112030754876068,0.20389211031080984,0.1593944428161637,0.16586423811124562,0.16154685748519618,0.1563440045721022,0.14936701294621985,0.14555036011046874,0.15405561436763754,0.15626931882378603,0.15325062699790096,0.13296069929846305,0.16326151118442572,0.1863085852523623,0.17958480180666292,0.18604983209353335
TURS9,0.13892786584748704,0.15367448403900827,0.13558205539667084,0.15599964078406528,0.1726548302962744,0.18238498177623055,0.19257738627881613,0.19399391866700674,0.18809786109371818,0.17289044577686893,0.17943662835598254,0.18761357472201318,0.18097243945848193,0.19813007443600023,0.2027056338119233,0.2198953544214738,0.2160133486095473,0.20695990074953258
TURS10,0.1401406160396139,0.15058629124186954,0.14342283071530684,0.15546576639527387,0.19505827064091633,0.19997988620612034,0.21723544498414907,0.23095468329451851,0.2145428353555661,0.19910461848311117,0.17718679252768027,0.17726077536541965,0.1798282141013642,0.1824050305808976,0.1996853235876301,0.20153297162362574,0.19506694566442284,0.1939308179932015
TURS11,0.13331783643068537,0.15157709115463808,0.13666480486014326,0.14692750367834526,0.14500277300142386,0.14893025250975128,0.15280134813201132,0.15577435648487825,0.14557344938439584,0.13956834255790274,0.16007403822198357,0.14076549157916657,0.14323616958281818,0.13334414010165996,0.1574827006106418,0.1705935089606188,0.17357339903177088,0.17885427456219688
TURS12,0.22857402173186472,0.3508218345432608,0.25100615971040785,0.24850589668884338,0.3298660575689315,0.38119976914836934,0.4058008464737082,0.35984681282002173,0.3298195895109569,0.2879855740016942,0.24509175454032517,0.24697840378947084,0.2501389399078482,0.2750049812159262,0.33577067681474015,0.3246248620243976,0.3195892455282053,0.3299342213725127
TURS13,0.1957436459603249,0.22694491342353104,0.18903057439433507,0.1967845096500683,0.2807195539132195,0.25904910154241073,0.33496204041502176,0.3139687234964022,0.29339292403523015,0.26924592690556276,0.22702519580489142,0.22756596381701713,0.19144456401963736,0.2176159718765099,0.19915295270065703,0.20029853191597072,0.21171736966265972,0.2111411685775221
TURS14,0.13073255222843824,0.13677710595692313,0.12577402557418815,0.13164138211849374,0.15096273705091331,0.18362973902820257,0.21263584665796037,0.2207588168638234,0.209214597237907,0.1917976424483166,0.18708507820679374,0.18979468231136515,0.17873210147255336,0.1981470114739184,0.191795596129698,0.21041359450659305,0.19754173681215256,0.20114278335222635
TURS15,0.263379548419749,0.2973479849067611,0.2502506807665226,0.253560730129426,0.3450555012839031,0.3212539771278314,0.35929491950099995,0.3362416229224061,0.3062261685180328,0.29104657609652845,0.25129080223282607,0.26127436057291986,0.2062677053088779,0.24458270076938363,0.2608266424660938,0.2650988684408846,0.27426141171159585,0.27226568087682645
TURS16,0.13249176776653296,0.14538084666818352,0.12777028020525355,0.13969170381825796,0.17075138646501764,0.17720421546593487,0.24515559713872606,0.23837116737205974,0.20404552633625256,0.1847264121358162,0.16986889782403378,0.1502791863641218,0.1451653933915831,0.1531315516167988,0.17059260669889817,0.1730233055999856,0.1774129288570433,0.17399592155483753
TURS17,0.12940444707496576,0.1480839542160877,0.12490074976791,0.1449839701786043,0.1211986361375482,0.1309104677550137,0.1221059318474472,0.12341030736793625,0.11648261877889007,0.11485540811372752,0.14495531243702608,0.14769394714120568,0.15408479670948058,0.14482202257175625,0.1819398162697472,0.19209309907726713,0.184761038001727,0.19474581668899626
TURS18,0.15975791726170116,0.1757675915513963,0.14476709329426637,0.15269351693810987,0.16227324869138635,0.16387743498541177,0.17932662933143378,0.16485896596890134,0.15888274301267447,0.157254654786638,0.1825128908361243,0.16547656363838284,0.16793210026008282,0.15949082725219976,0.18254927026984513,0.17059923838825472,0.19122952885895006,0.20310611590118308
TURS19,0.12104586196597392,0.13043953347272805,0.11840057916624099,0.12523848045659686,0.13326309815574566,0.13795166111499577,0.13584592349519303,0.13664408448048404,0.13216079161094682,0.132674504250298,0.143721718140587,0.13751182334386847,0.12746090616472244,0.12194440671908412,0.15402164012491937,0.1616927869461881,0.17447906459871004,0.18539639794728177
TURS20,0.1265041295094067,0.13882528057117366,0.12455495621790293,0.1322449449317206,0.13972998027789893,0.14756447707531214,0.14360742480693686,0.1453229596716106,0.1393505618838038,0.13879376533878712,0.16703559520971067,0.16454804274489335,0.17020911380093862,0.1614720966023857,0.20184441659495075,0.20642718734343055,0.20405313602530004,0.2181171963001998
TURS21,0.12942418992638302,0.1407820007495535,0.12650458503555717,0.13420085264002923,0.14085521080597152,0.14783603172916984,0.1446667802056978,0.14634733447717893,0.1403541709778598,0.13992655665127188,0.1686336730256812,0.16808597568425174,0.16916576025754157,0.15809845085368635,0.19474639693598575,0.19981433285076708,0.20148987780149857,0.22015441645028233
TURS22,0.12482404561454749,0.13125971966054822,0.12241876479485084,0.1287813696168949,0.13425121863678693,0.1361100158335685,0.13909393689632965,0.14009939654944417,0.13535574490141739,0.13484823000855797,0.14439105438204566,0.14120014501371714,0.14283232820634942,0.12620200834780676,0.15253632846106993,0.16744317524694957,0.17809754409342832,0.19526991099291902
TURS23,0.13695961543884808,0.15203010653405755,0.13524532392900435,0.1462442584849699,0.155759918769193,0.16388738234838562,0.16181627408446786,0.16369634051149587,0.15535361207922435,0.15009815803649038,0.1727102762034432,0.17194469084961908,0.17043976854069617,0.1600503003479618,0.20338227332684347,0.20848220411013096,0.20883419262880534,0.22350207004513703
TURS24,0.11943789390385146,0.12454088623041179,0.11355469381434222,0.11924186148846011,0.124699587379189,0.1253416415907111,0.1241273717312551,0.12358576650548295,0.11851186182631027,0.11879751695967922,0.12135883795928101,0.1301058662703132,0.12860166840908666,0.11709183660653977,0.12644001573180003,0.14104928857565668,0.1384177890283914,0.14916219057184352
TURS25,0.11089681197759614,0.11831943433566502,0.11296522373170584,0.11688392386367281,0.12110345308604593,0.12188192920165271,0.12194867722367367,0.1208215110421853,0.11712319612762863,0.11908840702292825,0.12576002044789683,0.1279431663771882,0.13222566769307476,0.11603036781915209,0.1331750059267179,0.15091396238254173,0.15766030666410702,0.16905987093820912
TURS26,0.12550419666023574,0.13811357370773164,0.12392687369172467,0.13250333412723225,0.13977882453815277,0.1465087849190641,0.1456547116919799,0.14685340204650588,0.1402697376723448,0.13779976016613285,0.13854456515898686,0.15162752739151758,0.1529825945167918,0.1383436455524849,0.17182510954669328,0.18460359700552215,0.19021023532985326,0.20648265314576916
TURS27,0.11743195634522277,0.12333578124456125,0.11714234388485784,0.12064806289834061,0.12234965066646065,0.12594853641020046,0.12634259076300797,0.12602917551674842,0.12275175566520517,0.12529652715590156,0.14388262911622443,0.13334954163202944,0.12652882558681297,0.11915606653745033,0.13873120740093173,0.1379197368479273,0.1485183909635519,0.16542209678216738
TURS28,0.11682004323571517,0.12595512721432317,0.1228971087885,0.12549285550037373,0.12527556375800922,0.12922730478613992,0.129103550787872,0.12772873783276645,0.12475071700241003,0.1277159384819655,0.14244876482505892,0.13303018276520073,0.14251567533831733,0.1302058920690365,0.14764818224048476,0.1550928392173416,0.1591976603760873,0.17366006369399617
TURS29,0.12281196195220857,0.13302289891804636,0.12385186509536708,0.12941039791493586,0.1344747128923938,0.13826874773403772,0.13867352802605798,0.13915796591214646,0.1313360423126672,0.13223976497453407,0.16433465783973308,0.15343772384176269,0.16560245282060584,0.1405224593713424,0.16063451240699703,0.16108168289117522,0.17025584111733663,0.19410934543632613
TURS30,0.12131418082083628,0.1302753038788287,0.123558035571247,0.12865792807882087,0.13364471015598345,0.13851264305771457,0.1382101575870206,0.13950676408213217,0.1354405493162758,0.13692616257254608,0.15395814950271924,0.14497630871444947,0.1485780552399319,0.14308399494164456,0.16940652238514434,0.17359539505894306,0.17892061854059685,0.19373726326587654
TURS31,0.10901782865500383,0.11545453385885918,0.1089853701964338,0.1138293846804712,0.11839822067092155,0.11855892780981628,0.11999772218147721,0.11898659230999535,0.11531658060693843,0.11847878830548941,0.12211697734014894,0.12148581612512029,0.12604212213852045,0.12202731734872167,0.11861325431529625,0.12016807585356185,0.12690685207808378,0.13786152478008876
TURS32,0.09224277459055721,0.09612930481100569,0.09280990596171451,0.09712237701429176,0.10251346041349904,0.10365301226049237,0.10467557462091376,0.10477746576697704,0.10252102979769412,0.10629736425075431,0.11088119747404988,0.10700168552836467,0.1091454475411396,0.10700452830598829,0.10986354872873334,0.10692652850648136,0.11409401466265731,0.12478060973782372
TURS33,0.09994473369250513,0.10314213690090286,0.09918283823728846,0.10171706119333974,0.10517585279230288,0.10629067042386917,0.10628989676730967,0.10686048021547302,0.10415402144461834,0.10633224757405822,0.11074021190589398,0.10793970444539999,0.11450794554395469,0.10873368452046919,0.11127286364714248,0.11102315347620094,0.12018348911841593,0.13141681988328674
TURS34,0.10301900808552564,0.10716187890828108,0.10477074030065532,0.1071678902201818,0.10800804242974302,0.10898841047439302,0.110616400192092,0.10994545760314746,0.10764359901387009,0.11121015399750944,0.1236388328434971,0.11509594517397696,0.1268130342933957,0.11681205628625131,0.1287979177893303,0.13103189595769146,0.13977456761953505,0.15039573257431077
TURS35,,,,,,,,,,,,,,,,,,
TAPS1,0.10945697940750476,0.11513792224231739,0.10766792612014357,0.11409035798760297,0.11934814812834217,0.1205805689656351,0.12002801140431564,0.12223117955883468,0.11843472185290804,0.11864230398893093,0.12198865594338261,0.12455075142260781,0.12169621567449888,0.12248899032906582,0.13631960762614223,0.14001984124334746,0.13531934814954877,0.13904394128841058
TAPS2,0.13883133561451436,0.14478778654827362,0.12357635067312374,0.11748228091304427,0.10157181475173142,0.10419691012169212,0.10411040759308343,0.1054826790801023,0.10035482773378386,0.10004395662975964,0.10129643264027491,0.09914760719780973,0.1003156785119298,0.0858747779108532,0.08990373013219387,0.09086947482828886,0.09224716465576037,0.09303170347745385
TAPS3,0.1105720047113065,0.11920557686002065,0.10861673664831448,0.11505721189174935,0.12192030625470632,0.12207507008289627,0.12268766697202568,0.12154014573491057,0.11909110755886995,0.11919188677100162,0.12263900474853268,0.12927903642154775,0.12873727683752115,0.12844472318804837,0.142833120060637,0.14823751442376648,0.14339147850040615,0.14685395428701747
TAPS4,0.14967870607789246,0.16152730961322576,0.1297779950275363,0.14800180708733948,0.16875874887017775,0.16723084774576708,0.1730148256233315,0.17412512920610734,0.16555427811992432,0.16582663364498762,0.17428362899479125,0.16811770164587694,0.16283212849912845,0.14872338433207988,0.17521798227488167,0.17911378466370237,0.16813498418785466,0.16860113568024698
TAPS5,0.09228851887994771,0.11810192752620732,0.26083200104378723,0.27728822040513545,0.09796876974152542,0.09371721145878566,0.09521552012914765,0.09720082122311331,0.09645150193257471,0.09861265496024293,0.09848139237298507,0.10055910259958166,0.11824298261390506,0.09971384765676047,0.10215921412449307,0.10208571196275179,0.10675854801711783,0.10240703717735149
TAPS6,0.12729066132453193,0.12427319230551472,0.11376286629725502,0.12295410753264165,0.11891783917775277,0.11649352248085541,0.1206261255170758,0.12211114298568698,0.1206668188744307,0.12341015128620829,0.12623917129464288,0.11947348219116626,0.12141811858540967,0.11140488744306545,0.12109276000564344,0.12217681654823712,0.12323545954660255,0.12396073789605587
TAPS7,0.10673105195178571,0.11202289755334258,0.10448343884341066,0.11045980083575795,0.11503636455963896,0.11466769489265469,0.11568911175168713,0.1145711827425604,0.11288172827477932,0.11327435065456266,0.11621804265461526,0.11794214409977098,0.11812719599207443,0.11840669714090467,0.1360037513366368,0.13803016155999104,0.13318275021971374,0.13493831907511708
TAPS8,0.3064609156141051,0.35765030139336623,0.285424160742875,0.3124555818150894,0.32312133929810855,0.3386936128262956,0.37134302807672226,0.34531932643874014,0.3376047017558633,0.32731309978705153,0.34434152768128246,0.3306241724366352,0.30963583361427943,0.32051623784078276,0.3686602282234944,0.3913956223629887,0.36936642196900427,0.38667144174125206
TAPS9,0.20405424934761396,0.23910656927557536,0.19973955758017573,0.22569870582262677,0.24646881822638866,0.2518230608470633,0.2654784313480362,0.257876155072011,0.24125068570214017,0.24225031989993462,0.25288722539304687,0.24061790147455317,0.24775372632865855,0.23428800809353054,0.290104461902001,0.3146819096248997,0.27761432606682246,0.2830427684328508
TAPS10,0.18481973264321222,0.19682550562234738,0.17434490695023816,0.19616879755168384,0.20517964963900878,0.20418462678249402,0.20667729804125706,0.20737441311401725,0.19724671961454107,0.19923064575309815,0.2079424982653981,0.21260181627670008,0.19482226338881425,0.18632395579433064,0.2168348704312142,0.22667301056455005,0.21586201576492905,0.21667516591144098
TAPS11,0.1244549517964601,0.14676697097624752,0.1280844775867797,0.15307697360102804,0.16475149923277577,0.17151529341201566,0.16943769881047774,0.1658635573058975,0.16336494770917148,0.1605412622523888,0.16438475402837932,0.17300215004275138,0.16126585838997848,0.15449728012898994,0.17367596624141793,0.17216059389282715,0.1713960249210095,0.17916227922505
TAPS12,0.1874155277030761,0.21287243871150716,0.17475302064491557,0.20329632766939698,0.2178231702316874,0.21985758193516966,0.2201750240197489,0.2273713796601068,0.21835912140511912,0.21594427950403094,0.2294329836650657,0.22685748237346062,0.20624627214950214,0.19711963318184347,0.23117972786761898,0.2326242896614002,0.22045573776738486,0.22431295630889966
TAPS13,0.1910697965491694,0.19815388204070883,0.1783355985906987,0.18448940408727318,0.19546294849292314,0.19110237790670065,0.20338106448823914,0.20567266650128957,0.19834770162503185,0.2034920358853658,0.21685995107731698,0.23128091947154159,0.19501808953085034,0.19519727356831315,0.24318742953143652,0.2397089222793256,0.21972877019692855,0.2211388845176316
TAPS14,0.3231443841215652,0.3442384155970082,0.30297930043637034,0.3452616795186592,0.3578586090025794,0.3749851158197987,0.40577329932890954,0.3966286250288569,0.4044740020415022,0.41464810522479917,0.42662445735652005,0.4178558831150526,0.4183106584127257,0.4203893561559554,0.5205961893947214,0.5383623983284145,0.4732251410967086,0.49275661623572936
TAPS15,0.15528395361768224,0.17504026639950668,0.1560295448544921,0.16434273456028678,0.1764595236773419,0.17396764724910802,0.17609110542926573,0.18112934260295066,0.1743586529022961,0.17659310503586945,0.17488753363462858,0.17000279758951112,0.1817257766805045,0.17275169923910494,0.21054213922206574,0.21963297100355816,0.21955554823409465,0.21280595669642638
TAPS16,0.16048257600731125,0.15400046602676631,0.14187425826285546,0.15099336470166097,0.15150379194987365,0.15139968842459117,0.15306103904359286,0.14913320083637352,0.14593957028427887,0.15223906837472978,0.15842124001040417,0.14243339909761146,0.15020437246640334,0.1286761199180627,0.14165205229974132,0.12132851928746669,0.1408724145080326,0.12786606793111713
TAPS17,0.17385598904343808,0.20578729957347225,0.16709522979544597,0.19238998003632599,0.20717182759254016,0.20493080352197557,0.21032910125731694,0.22228584466498535,0.21844566909545285,0.21519829722081016,0.2290143782349144,0.22484986075729807,0.2216091519777938,0.2100121208343049,0.26318031818661597,0.25211101733081726,0.23356613621215716,0.24050761553048708
TAPS18,0.1335743133368962,0.14856629388865772,0.12737157103738586,0.14704725832357948,0.1598779591432272,0.15853545301707225,0.162201335011629,0.16465049552256,0.1565049936777017,0.15377665294911505,0.16349068037238693,0.16376794945955095,0.15691484810746695,0.15517476937192964,0.18562918560646052,0.18991448021218088,0.1778589305696028,0.1828578841654031
TAPS19,0.09499011120528031,0.0967194514394406,0.0931227009531378,0.09827837407478612,0.10140388135566826,0.10075157210899806,0.10190683098620255,0.10194537474261388,0.10056134493988057,0.10163018694705514,0.10456268903506538,0.10221159237585487,0.10288886254083104,0.09659447896585889,0.1037934472503992,0.10157580159478434,0.10057069857093802,0.10133757038983898
TAPS20,0.15622266483618086,0.1726553523049707,0.14632536410506747,0.17333481497002537,0.17795004349804258,0.1844097636759211,0.1877708326048804,0.1880021929280946,0.1871562769739043,0.18906267038529093,0.1949832117084465,0.19381769702176713,0.17882169056920466,0.17561591179984637,0.20704482850686204,0.21704167188172588,0.21061750071391594,0.22443840714546343
TAPS21,0.10732027270545957,0.11676523677515994,0.10659767188119389,0.11932250964927839,0.12724690179561254,0.1303765422431547,0.13135038606066116,0.13461247899492873,0.13161519047147002,0.1296751790831,0.13785552022348765,0.14742220104178463,0.1317693736930256,0.13031115365609508,0.14876021620612453,0.15301852525339613,0.1530199237669974,0.16216789580513724
TAPS22,0.11041913805975936,0.12005023663420321,0.1061008291360342,0.12159872882749169,0.12349284603675598,0.1251709749220922,0.12557211657167136,0.12883712382921977,0.12577033631448425,0.12717098444037037,0.13342797737617298,0.13414699016917514,0.13301612791315642,0.12867940364457234,0.14351643414462573,0.14951633963652855,0.15002472219396126,0.15557528007902507
TAPS23,0.12302645214808394,0.13665416054274923,0.11531534890003116,0.1308788567016659,0.13800783741193073,0.1378246877100657,0.14550718573105995,0.14505680632443224,0.1338641344396672,0.13352245453381775,0.1395136938398814,0.13874957808601326,0.1254422815934721,0.11692241600274916,0.14236754462988596,0.1593154687533482,0.1455599378803805,0.1594288920815412
TAPS24,0.23467632258166005,0.20491825065790473,0.19627491974568947,0.23001842696809008,0.22971007203219365,0.22213975838453257,0.2767351985197899,0.30404757942055194,0.29955969495336454,0.30830381712153576,0.32273525737591147,0.32777957698536264,0.29298749353274867,0.1949367244768978,0.2076306618047502,0.22152800613406617,0.2746652014038374,0.26735904907777247
TAPS25,0.24605511259549134,0.2720141798185636,0.22225786438992798,0.23287682570445675,0.23502578835143384,0.22171837377297912,0.2552032945195221,0.24402570049989775,0.23321593590161294,0.23852329662833507,0.2547071115507363,0.24243463034627835,0.2035694930031297,0.17296508288351087,0.18239908830375479,0.19970717375237707,0.20887746808574478,0.21074906496910517
TAPS26,0.11695660225974543,0.11830574457336074,0.10295911610192747,0.11350737824683235,0.1135979186253425,0.11185110837681014,0.11629992697430859,0.11719945049474063,0.11507853102964684,0.11870535917535575,0.12377719606408122,0.12261527686007033,0.11100963340764297,0.1016881508870159,0.11757034151539254,0.12026206841996406,0.11724310310733813,0.12500140920825994
TAPS27,0.0973927246403063,0.10286936866589047,0.09703225528008758,0.10035726359894155,0.10398901016799729,0.10449902460463112,0.10585809880599323,0.10531072957701687,0.10394066051483863,0.10416971219472607,0.10645405250612879,0.10904767632241298,0.10615840308849639,0.10529100774844231,0.11875607172785622,0.11927480535308514,0.11534181796079064,0.12000571607551534
TAPS28,0.10982869651286115,0.12045043175306536,0.10391382268536378,0.11879293137018972,0.12443856066384978,0.12842454371082404,0.12741243040795808,0.12830825422838527,0.12943794827203306,0.12703108896194412,0.12966779693516592,0.15003052049603116,0.13961464643435836,0.13995570609522645,0.16347632578497165,0.17058600562072923,0.1690914554717306,0.18468624455372515
TAPS29,0.10913448353420772,0.12073511204521485,0.10796355353274165,0.12029420893873972,0.13049310910487819,0.1316964142112576,0.1343619602629693,0.13410297188959228,0.129285226312501,0.12561407359161086,0.1316884384955998,0.1430096764061571,0.13574714449206446,0.13884121220810336,0.1661696841717615,0.170925502451728,0.15964788311925868,0.16648494951177795
TAPS30,0.13480377675151878,0.14623062012918642,0.1270573286670394,0.13933898613858994,0.14859003130840912,0.15118016468331294,0.15777645199016316,0.15774183815156853,0.1531200887188562,0.15468161438419617,0.16360933053113905,0.1602449850575714,0.16741795764239678,0.17402040863925478,0.21047280039517693,0.22608818730955807,0.2143497921177695,0.22507010598576463
TAPS31,0.09830161224466293,0.10228764603625003,0.09722038109434536,0.10276867499057422,0.1076294866593086,0.10821436285636929,0.10760492965392181,0.11059619184426342,0.10749832755258516,0.10852668222058495,0.11040220426010199,0.11416147595564208,0.110146856694114,0.11266020244636525,0.13088037176685285,0.14105982517013133,0.13814631065547386,0.14336012399728426
TAPS32,0.09207352971233064,0.09357579676454691,0.0907204236001187,0.096618426510352,0.09749199034534856,0.09682611180757149,0.09929297616443965,0.09898743319090011,0.09569617920626057,0.09596900095980143,0.09910294274597498,0.09947404323579039,0.09580242199047782,0.09301901821989775,0.09898799252555923,0.09914378681549912,0.09976079921235546,0.10129881512386377
TAPS33,0.10977957616909088,0.11242593092594554,0.1045405429951035,0.10906572574844309,0.11532092762684404,0.11411118906795054,0.1188911373278253,0.11843330759464947,0.11071121101336673,0.11228987742001881,0.11901961306236637,0.11772792638072922,0.1126628351859447,0.1115745618533632,0.12276583809335759,0.124237631224195,0.12166575655675377,0.12355098602399021
TAPS34,0.10518831443316341,0.11358566739209115,0.10357396473568807,0.11377306967760624,0.1202809626155384,0.12207195246213283,0.12331663174223337,0.1227155374189987,0.12143061557456536,0.11997052778153497,0.11880512875138637,0.13015786957874964,0.12406750280870639,0.12243994424068423,0.14161387186599378,0.14573373898381387,0.14215928828663457,0.14856282514475122
TAPS35,,,,,,,,,,,,,,,,,,
USAS1,0.2252892837485953,0.24997403203588836,0.218982045555568,0.2449529479978972,0.27268029461710974,0.28075599750114905,0.28780442373254267,0.2835947025573926,0.27255581934920275,0.27064933659180956,0.287868028503708,0.2867883872573799,0.2806895776089518,0.2757636812307884,0.3294858823377226,0.35670948802466035,0.34348905956146114,0.3610685011047601
USAS2,0.2302240973790754,0.2547035772022085,0.22122677965440685,0.24903717477278065,0.27443619189201557,0.28115209614604836,0.2907950862739062,0.28922184842028414,0.2773473334394975,0.27165652419201763,0.2946025168859298,0.2946365961741606,0.2868726953387052,0.27793154651845925,0.3352306582684777,0.36487468189958183,0.34773163155697684,0.370085936462546
USAS3,0.22877514638387567,0.2500748240555934,0.22537684794218724,0.2502545385368102,0.27416743155673023,0.2823802087352951,0.2914741121399848,0.28869074797131283,0.28210004407182604,0.2795210063425929,0.29743006191004717,0.2960582284223944,0.28941732240788176,0.2812330153705891,0.334567098105948,0.35899894942856325,0.3461727258062384,0.36904761170443373
USAS4,0.19449147665640848,0.20796778907911748,0.1822154307514357,0.20024717804847755,0.21943291520514177,0.22130294409780368,0.23586386327325046,0.23347951535051714,0.22794293632578047,0.23093820146548794,0.22390478568615355,0.22904418693722997,0.2202923596882785,0.2078165794333183,0.23910621390875506,0.2518636300944818,0.2565675693455316,0.2697391787155184
USAS5,0.12772747018708352,0.12749539311340644,0.11248589316272349,0.11034772273267532,0.12544077652294183,0.13090818441459276,0.13273629987708965,0.13778215078078543,0.13376964193185986,0.1382982981336487,0.12899971983289776,0.14222265415244348,0.12530605651641794,0.12981335637692756,0.1383958851694574,0.13607171676684562,0.14393549168902958,0.1469237843138915
USAS6,0.21071381206102324,0.2236237440118305,0.19787626549245804,0.21550766131892718,0.23206861967848483,0.23870045880958535,0.24964770247374424,0.2520962683396057,0.24867169411660445,0.2507961019096531,0.2678590814824593,0.2679258123408563,0.25925890950471064,0.25386048059098243,0.30450618566443527,0.32601033396874585,0.3164350910837862,0.3347571212444124
USAS7,0.23515336623904318,0.25670865276939897,0.23002889472190524,0.2549558720575863,0.27850918457716983,0.2862630262158943,0.29490956674430135,0.29152680624667143,0.2845636324346845,0.2823247902220188,0.300863314499076,0.29928804655576235,0.29116993310264233,0.27844422477929204,0.3309251071201086,0.35543153941210515,0.3419179484290948,0.363837766176309
USAS8,0.25377245155830025,0.29393688727425754,0.2553156293410744,0.28856244258942154,0.3191572253189375,0.33886178108658377,0.34473277146171766,0.3283370195835601,0.31306307871434336,0.3022042094930168,0.3348043820956649,0.34055694702481887,0.3222645093350463,0.3072750351806963,0.37320058078498247,0.39181540048871133,0.37087755034113257,0.3999367978886475
USAS9,0.2377902176553041,0.26359630944823553,0.23117921010914577,0.2573411268253306,0.2844247364261457,0.29065049463467624,0.30019092639136885,0.2956483890953281,0.28786057981889396,0.28509061233704336,0.3066200103904702,0.30918164918805163,0.29841945750508836,0.2917088079216835,0.3439567959623276,0.3697021113870498,0.3595104594100631,0.37942766637564146
USAS10,0.2285884896575074,0.24934783424772397,0.2180796012748492,0.23986195646505493,0.26063807110314396,0.2676621168761023,0.2759754230516783,0.2720955615571242,0.26673752659095573,0.2660147385843167,0.28333173522404037,0.28552228636555776,0.27604166470925984,0.269663074866805,0.31969311152667834,0.3427101850497246,0.33377721360766743,0.3547735335637287
USAS11,0.21663043453485345,0.23106619133875525,0.2065869047846742,0.22631353486494127,0.24485053882076124,0.2506045742023503,0.2585475212275131,0.26100277649865555,0.2572800104369714,0.2585602357517146,0.27283922985926207,0.2766456222478243,0.2650622283192645,0.2552385857142263,0.3019506601617798,0.3269325642956364,0.31597174807009315,0.335904134850629
USAS12,0.23391000131236359,0.254946120145532,0.22748918362304751,0.252798523607787,0.27563451834216235,0.2839870185861093,0.2921373517356042,0.28937755397865517,0.28312404659979507,0.28096890125753365,0.3005174118788779,0.3011244414398499,0.294206605360014,0.2838360344009822,0.342302390053079,0.36658804350917407,0.35398315553750437,0.3754076671931152
USAS13,0.22985535651339384,0.24915664109566457,0.22102644572050661,0.24488319156763697,0.26543397074776653,0.27475299599792585,0.280908854770857,0.27895046528825296,0.27339166787871944,0.27104722102617307,0.2907188219081919,0.2940470509744408,0.28513288462379394,0.2816370923145191,0.3322513182914553,0.3562211231112272,0.3478835997973193,0.37166653766619817
USAS14,0.2409426504983964,0.25906091913592244,0.22951673134995632,0.25598597058289463,0.27970702639933037,0.2846081756376892,0.2977984651008389,0.3009280952837133,0.28895947486640056,0.2874380262012598,0.29705459695649244,0.3065236269588803,0.2925399948025067,0.28614469159918277,0.34970054983818566,0.3610349331286999,0.36119877992167165,0.37204224259129404
USAS15,0.24256417940718197,0.26111636347703027,0.2343848181822252,0.26077086772562624,0.2869468773148469,0.2980674138757031,0.3082910272947222,0.3061711789704192,0.2983505923348948,0.29681406749615497,0.3228178962895023,0.32129662782289864,0.3197642843359799,0.2999059283223984,0.35959927471494085,0.3828140910312191,0.3698589586762477,0.3899070467618149
USAS16,0.21851998975134343,0.2343886023432533,0.20799233053824998,0.22790432277415132,0.24394084262372231,0.2544059721112435,0.26447993322813135,0.26555355483743764,0.26233471256281293,0.259728771817277,0.27228150013469565,0.2703993006242067,0.2628851608672234,0.26357293434779533,0.3071397128940267,0.3282194945186264,0.3213636575976697,0.34307507847446594
USAS17,0.23331601996373166,0.25937961097734,0.2241273070698057,0.24928404864726,0.2681341311777642,0.2729294552141794,0.28636906271726525,0.2828322522146508,0.2691656353332556,0.2670214138736825,0.2931771179438822,0.28834593147639875,0.28500043305369516,0.2718464732123573,0.3240406151475436,0.3477111401862107,0.3306593115162093,0.35102521517776275
USAS18,0.2409323909492471,0.26696462249766345,0.2360550124105187,0.26353762971423456,0.2883523683290223,0.29860189516148317,0.30762214307377694,0.3012544215677677,0.29109999988971075,0.2868111615586889,0.3120114804180137,0.3081352658859105,0.3004953341010898,0.2925304804662724,0.35164536773314403,0.3750808796317233,0.3586496477224627,0.3839568616944614
USAS19,0.2138942182567675,0.2287263552640413,0.20417375051365602,0.22908580031321982,0.24742125418875244,0.2591847117715294,0.2668580326780158,0.2645883840080899,0.2613299311801497,0.26046579693270216,0.24440536781794198,0.2819645337859856,0.2487707477366802,0.24743086114272647,0.3008607698118014,0.3293313214995006,0.3194321633705588,0.33717387048187447
USAS20,0.23596378614639213,0.2586079284999268,0.2297130449106644,0.25722777201267605,0.2820148386844783,0.29143235523027405,0.3008427726313252,0.2963170244562799,0.2894443590094358,0.2859890070829714,0.30692618749623835,0.3030411235511025,0.29684131848029677,0.28994980842855583,0.35006559611517557,0.37684292374758144,0.36015291133897337,0.3841126819018692
USAS21,0.23463718382708304,0.25560545197972656,0.22909180331118245,0.2541929910903105,0.2770924414591818,0.2868525582483907,0.2961462221815331,0.2913106458922763,0.2858689224373036,0.2831957483667743,0.3026320714897414,0.30077319830594074,0.29372773854448914,0.2852666357766142,0.33936678320601543,0.3638259977072244,0.34984443368398893,0.3734191572607547
USAS22,0.2337105850348208,0.25529690675679256,0.2298834301907441,0.2548064733716123,0.27953037456928953,0.2894354235629132,0.2983848249787385,0.2942894363900642,0.28835719514000085,0.28556734797055583,0.3046745455219607,0.30066937475310507,0.29466988726672894,0.28524017174723915,0.34491753228037203,0.3706057062045674,0.356120950930706,0.38042268805739765
USAS23,0.23022695905585108,0.2576761745680027,0.22569918386086854,0.2537874323470587,0.2783302048960304,0.2928341639335756,0.3012867721510546,0.29295698128654735,0.2821100231687057,0.27450361652594135,0.29564240752524457,0.29716138282037236,0.28769102226081344,0.2805870963022636,0.3363135847963242,0.3612382853669471,0.3470182611272228,0.3702571818346195
USAS24,0.18198137754348398,0.20408555923385263,0.18614460359961024,0.20516801965052464,0.22760938218893614,0.23477253800645798,0.246917587336855,0.24174799550521547,0.22891560208304373,0.22752817752606722,0.2313389174682049,0.22504314707774586,0.22003964208606638,0.22094388811049465,0.24588555589770145,0.2925169408658732,0.291666681022884,0.30726138019427834
USAS25,0.22505561368430035,0.2533522377917321,0.21963827080565845,0.24560898435906556,0.26975429953862556,0.28347045078848204,0.29275162178936454,0.28606223611913323,0.27487344589223106,0.2674783642263951,0.2740677458536727,0.2792389602094782,0.27263739490538974,0.23852818769245784,0.2995535692075344,0.3385797834170675,0.3290039273757721,0.34810013492925906
USAS26,0.21031728320859278,0.226464083789366,0.20433857101630695,0.22564291615911589,0.24617768190378025,0.2533184045287518,0.2625950885327431,0.2623793434688824,0.25699640730723433,0.25616481970677796,0.28501471160918856,0.2827611888572428,0.2779048383202837,0.2770264140812314,0.33134597761072204,0.3545585448346243,0.3399725074732995,0.36260458488797437
USAS27,0.23290215207167475,0.2539696853374651,0.2288316395871547,0.2539070318815674,0.278839319615334,0.2873736933769939,0.2966989235142041,0.29311655986130314,0.286907316955835,0.2844231604491574,0.30351745097261723,0.2988110659173481,0.2929093152984027,0.2862014607735414,0.3412236093335317,0.36484279485092475,0.35028748403411736,0.37305214521574137
USAS28,0.2406340808537816,0.2637650300270307,0.2360416436401511,0.26355458742118626,0.2906309730285867,0.29879728663185556,0.30886498402911655,0.3036415525972976,0.296292635765273,0.2929096458525273,0.31816111724930135,0.30860304589835946,0.3020579246233743,0.29715773208840324,0.3588004862246986,0.38387580150479794,0.3648949204644613,0.3908711190818903
USAS29,0.24085569273459229,0.26451426470131234,0.23542853228079527,0.26270994104382067,0.2882631730455117,0.29688437524641903,0.3062697657775373,0.30131303443508345,0.29298677133019113,0.28973114066148314,0.31342304039751984,0.30884129690159884,0.30177326093182066,0.2947002679130984,0.3534414786542774,0.37974699826789715,0.361977740949581,0.3873425711281463
USAS30,0.24287571508323302,0.26611535057325614,0.23852434724494762,0.2662690682463309,0.2931437890714149,0.30230030768677457,0.3120618213231483,0.3065888998018601,0.29932380152065874,0.2955574653553132,0.31823009540274577,0.31084024509036917,0.30471664764896284,0.2991312716644111,0.3604817339226829,0.38574805835971093,0.3678741574976225,0.3944750497381479
USAS31,0.24611700002504652,0.2749676645834696,0.24274609382720277,0.2721652532507033,0.2996694973715736,0.3136592564190274,0.32176423025572887,0.31080088688771035,0.2994462836143141,0.2920236007936039,0.3169984699355729,0.34949377881096666,0.26605348399771594,0.297890612074267,0.35915245968532666,0.38211059182783297,0.36342393216708935,0.38970653872607897
USAS32,0.21253288676233753,0.23218705503042936,0.2119715700070458,0.23369444132783088,0.2517762173066094,0.2605395571127903,0.2674394015315468,0.2632993039804409,0.2579428209273072,0.2565371090382901,0.2704582241503259,0.2854275714573781,0.2645742585005944,0.26561765101549717,0.3096516296643193,0.33957644285715943,0.33117689704007086,0.3519589958658922
USAS33,0.2188614611079845,0.24057363318064914,0.22222067857698014,0.24575163706069283,0.26397305947859817,0.2783157302963597,0.2873420089714754,0.2850442523178672,0.279910869817416,0.276636213021771,0.2957830932923982,0.2708125333494608,0.26333955179801605,0.2758503174635817,0.3258590442671599,0.35134463043335,0.3399965511291185,0.36202419759783194
USAS34,0.23477660677302659,0.25674334417623507,0.23060776954172346,0.25576816811948233,0.28047220518138005,0.28972396732157296,0.2990009384934432,0.29501221459447746,0.2888516612428641,0.2859571758106052,0.3042983554279864,0.30157290839027173,0.2951896823587979,0.2865711932460538,0.3440859760847526,0.3696657429065051,0.3549001531847971,0.37954224971796013
USAS35,0.13290003024695823,0.13964912440833296,0.12913886595526927,0.13033021038999815,0.13446714944704796,0.13805350951142137,0.14200797085305228,0.14936920736119044,0.1468931422662146,0.15038797269634857,,,,,,,,
BANS1,0.10974872332255195,0.10151659391516198,0.10631074347624649,0.11050621972004937,0.10536866246168412,0.10278906846251025,0.11480056812041228,0.10038685469310935,0.11803787458046369,0.11907857161517142,0.11525550577175343,0.1252622435151995,0.12472209970774358,0.1314864189953764,0.1325719060125126,0.16203777673118455,0.1411001814205543,0.13943363698060685
BANS2,0.08729748743832365,0.08025459839399213,0.08025700159838958,0.08404560161370982,0.08861065195069578,0.12418295191845476,0.08677348144965015,0.08541204026241563,0.08798775670553768,0.08703923403976738,0.08744329157728438,0.10569607073412139,0.1051833898232531,0.10562004182677025,0.10474820704035341,0.10672447485504158,0.10249572353445115,0.10248357067706905
BANS3,0.1069041800447325,0.10161110507641981,0.10673956005338602,0.10807522727718372,0.10435604290513582,0.09168687050415787,0.108258249780799,0.10004007725136081,0.10013592350286926,0.10921119774215557,0.10968640734128664,0.11969394903926585,0.12155804086693446,0.12334432782110574,0.12266523709666047,0.13643393669193687,0.12062189340786866,0.12434683644608331
BANS4,0.08888762774704555,0.10978422024979369,0.10619765888142943,0.10911802325016903,0.13153179250852282,0.14570614583130315,0.13573550917193092,0.10665375997023509,0.15004707267168826,0.15049012524645997,0.12498774843332887,0.17469346744657474,0.16566646379635688,0.11432409263254968,0.2028545798888898,0.24752238644787183,0.2321869381994779,0.24538637829772822
BANS5,0.08366646524274796,0.08544538746538909,0.08987064623547852,0.08925811778265583,0.08049900176133155,0.07343632927388574,0.08438743344565698,0.07970685219440238,0.08285162347193635,0.08082908855739927,0.08281193322612758,0.09694281434622874,0.10018021083050498,0.10111215520357539,0.10365028846832391,0.10512649509001908,0.10425914493212211,0.10794464796828117
BANS6,0.08737987371499281,0.08450342215385631,0.08919844397466203,0.09317071234791,0.07986019232079968,0.07452310275830018,0.08130082218242313,0.07795223393590135,0.078887516244115,0.08026294727635025,0.08632160851711598,0.0904566768468122,0.09464999235709329,0.09915527461557154,0.08288870717152254,0.08103192472469291,0.08094174672034686,0.08221064976291366
BANS7,0.08710523102717065,0.08617809141761365,0.08594861537701251,0.08571378340642015,0.08898858476253341,0.08694004637471003,0.08740035325264284,0.0880581843149489,0.08257715483845902,0.08695384366492849,0.08985767421001724,0.11738404221557437,0.11354354537756346,0.11074679556021758,0.11332203271010884,0.11502213589186154,0.10356671522509149,0.10017400238356534
BANS8,0.0854380672304651,0.08544666584394932,0.0858264681738419,0.085192270512428,0.08850506349547961,0.08653877013125727,0.08617623939432888,0.1140152827133853,0.11107588399463367,0.17584845128766766,0.14241908710590107,0.1910916261921801,0.18057876953315566,0.17982305498900733,0.187204980829953,0.18770231491589,0.18744910666675532,0.18737215332163712
BANS9,0.09800949408332976,0.09507187515002068,0.09475503681717755,0.09383393382941886,0.09629643651749725,0.09794985961488471,0.09321765985405095,0.088058846591874,0.08334144611079461,0.08425458450620324,0.08379260457486416,0.10337979375025262,0.10555602497855004,0.102349756333195,0.11589522712133911,0.12075433153199377,0.12170632331882994,0.12130981622829543
BANS10,0.082932952485801,0.08196669145592936,0.08456951581794134,0.0848302615850667,0.08164456825292911,0.07683004789057873,0.08211914952867297,0.08591947609136273,0.08377557105869991,0.08280614990548683,0.08421300101098367,0.1037244120780103,0.10404676209226832,0.0986123971400444,0.1137535170080996,0.11426858547079527,0.10999665976008796,0.11172344411096453
BANS11,0.0973042975595612,0.08683041461272027,0.09247259902001728,0.09427659871081996,0.09031777287255847,0.08262768488736882,0.08989096011692009,0.08991628675737055,0.09200447198409538,0.09529233010907551,0.10174595896975504,0.11362943272363281,0.110989118871014,0.1199738241853926,0.1233929104603737,0.12587775835562826,0.12637984884213602,0.12900112732637084
BANS12,0.08809270010429038,0.07977470892384582,0.08218401202816038,0.08857133943499544,0.08663307591637222,0.08665998125431483,0.09589517673343508,0.0914561427116505,0.09135014854924438,0.0939669468024125,0.09403052820968201,0.11322808590312322,0.12030969208604018,0.12182879716789326,0.10268245248339926,0.10316302812745937,0.10028751636924192,0.10126475717647641
BANS13,0.11083224253757648,0.13890657870139417,0.10031967537362312,0.114524013735068,0.17159394722313911,0.23180598110182163,0.13112379786055897,0.1159691341242288,0.10719886349902337,0.10545162714761058,0.10619753048517871,0.22865202233960694,0.1802528548060019,0.17057778075237187,0.16992548351242345,0.15978953229914883,0.14851136728086559,0.12306087882537559
BANS14,0.10570388354166034,0.12061668086831814,0.09439098035549989,0.08256290082875378,0.09191152367160658,0.09471486194284688,0.09648969573940253,0.1107516613686741,0.10896669400444738,0.08179988639692218,0.0801920264765726,0.08880165761440724,0.09229767601016227,0.08690928387341885,0.08874685727281532,0.0867150391881952,0.08738409731968194,0.08547506570800985
BANS15,0.08784078590427966,0.08619350652495462,0.08904650333859637,0.0898630615911542,0.09075938533252166,0.08864115790929217,0.09027746312900689,0.0921021035893243,0.08246170994764952,0.08342685139553824,0.08485085947157499,0.09552214289703144,0.09576304326391476,0.10662746185314875,0.08795811872710613,0.08895335175698792,0.08692309894494377,0.08848286692661463
BANS16,0.07990683908857378,0.079813067324237,0.08408174133402889,0.08711390968513166,0.08100816660553044,0.07628497541846324,0.08178776788174447,0.08279979357967043,0.08290025486509287,0.08297766421783978,0.0866227723363347,0.10269717312972035,0.10635169790881338,0.10747898321412194,0.0936740517027033,0.09731107789915697,0.0935023932586655,0.09366277841409963
BANS17,0.08665528404541187,0.07960563426793484,0.07842905664221328,0.09265259335461094,0.09682662655211885,0.09970228427354072,0.09310235532089159,0.08942366968621376,0.09974305266603709,0.09791841288799963,0.09374186408184189,0.10849763835651367,0.1038917804259018,0.1087226483769597,0.1072718330857864,0.10831322324243227,0.1056936721841704,0.10567596739374686
BANS18,0.09981819252559636,0.09670481804950837,0.10386004664257097,0.10787313015310633,0.10527980514136369,0.10536281255690849,0.10308336559125533,0.10203134059213073,0.11595799116950657,0.11396378463102377,0.11517965242852829,0.12932796569273527,0.14265855023540824,0.13275274181970312,0.14226243340678188,0.1505209895351759,0.1474101071578712,0.14492355700733472
BANS19,0.07537712142289624,0.0780330315249197,0.0796157226346124,0.08204230089622407,0.08522814275697684,0.0848332495112527,0.07371521989088288,0.0752942868061122,0.0810687715627073,0.07833818784412391,0.08019389264179004,0.08317445901508917,0.0868004813042549,0.09088187236485366,0.08616210150079535,0.08509993509751028,0.08540172691073883,0.08615310711919516
BANS20,0.08972195661704577,0.08370271808337977,0.08367347153102342,0.09964049329479847,0.10395887142621886,0.10402185657159813,0.11138270577160289,0.10775557187129046,0.17989649723416637,0.14540897244750836,0.12636778428978562,0.144783376260437,0.14836477623973243,0.1436408751869287,0.14253783601153877,0.13961267846521785,0.12523038222785907,0.1248654381964011
BANS21,0.08354442426059953,0.07969846033684916,0.08637425613726614,0.08954494889227688,0.08988686540846261,0.08071640392209288,0.08624877009677653,0.087990598389608,0.09572300496050488,0.09487952153111287,0.09512444044657063,0.10780988265523887,0.10535196473376363,0.1160375326852272,0.11130095585916659,0.10978873765378871,0.11089598686976959,0.11493978883298896
BANS22,0.09750900888981023,0.09383291849752776,0.09869975870409756,0.09721541869266132,0.08662126545212374,0.0798296269895313,0.0898490741943203,0.0831202832752183,0.08643741727878247,0.09314130989831353,0.09946864238029111,0.10682388906257773,0.10944811082378027,0.11489125642426462,0.11685219475499983,0.12916511330670896,0.11777719192940565,0.12073103779344153
BANS23,0.08571600983056579,0.08465278152615234,0.09182706870625479,0.10152682579490958,0.10148814131979227,0.1036457014046987,0.10176313449478094,0.09563391967625676,0.11432597795256833,0.11137874782493895,0.10656058016929265,0.11940068301505423,0.12034305107292981,0.1249456711920943,0.11551309969441882,0.11681556465232276,0.1176821729202539,0.11983057892232932
BANS24,0.08337841923618472,0.08314679738500017,0.08778609096416215,0.0894984348113096,0.08421477243384261,0.08300178165900446,0.08116257129504989,0.08251440007494283,0.09273293589144178,0.08432408626629966,0.08510582398852967,0.09573975692757718,0.09312696075192692,0.10009348534676865,0.09379591510871527,0.09241515753815682,0.0907099494769549,0.09339619479397737
BANS25,0.09175939482198384,0.09248731773547299,0.0931548792831049,0.0999166099355308,0.12627500539430533,0.12991128030983046,0.13490589549199247,0.12342145946249242,0.11707668557272885,0.09537666976033211,0.09676876366331881,0.13298763775551897,0.13052510164968845,0.1202390062752628,0.11316052706368362,0.13252739395243113,0.12619247373732992,0.11139700631663904
BANS26,0.08257043388786099,0.08141936346870225,0.08193154197741358,0.08314424412001159,0.08615333647895809,0.0981932626228907,0.08085094953137821,0.08243722836703683,0.08134812938069858,0.07946071322141061,0.08140885770380081,0.09558610685227281,0.09485196792352221,0.09315685828815716,0.09194646795844544,0.09266841786279623,0.09016746519863492,0.09197504436166548
BANS27,0.08770776807417482,0.08988513411069994,0.09040153937290402,0.08483947235241136,0.09946670043549419,0.12196156168382838,0.10465802769427703,0.11807896963519429,0.11175549615615153,0.10505307105682407,0.10189169277346866,0.10756785942219055,0.10946472478680515,0.10153778409003499,0.0946176304957295,0.10526119066287414,0.1017822521282006,0.09903538352024038
BANS28,0.08355029073920484,0.08461376616454776,0.08828328317565093,0.08977207769591326,0.09625557907790325,0.10722921582538289,0.10210112014762267,0.09024660429037341,0.11083369723080802,0.10920233350286908,0.10142583411735039,0.1072984616398111,0.10929759254933896,0.11310045735832865,0.10500718591482938,0.10415556916676644,0.10351617944187846,0.10556307366239813
BANS29,0.0749977567593984,0.07239932787839254,0.07951022080144067,0.08263073765880724,0.07594559775303622,0.08335196362890096,0.07490851405943051,0.07593667078515974,0.08616665278048723,0.0829634504816615,0.08362137561630105,0.09433944579559543,0.09579351041899786,0.1061341863822132,0.1046647794047571,0.10447119040213514,0.10462709892667982,0.10752809329517181
BANS30,0.08692263846742049,0.09392561721714071,0.08717148647237845,0.08399012452211682,0.09047883720412934,0.09051849918167434,0.08690878742074579,0.08951487231953095,0.0875509624106203,0.08356202345647575,0.0861590400904893,0.10323992911956864,0.10780168087695041,0.10312769098529882,0.09917298935830231,0.09813542347162384,0.09578371510575175,0.09801621881239497
BANS31,0.07684902017440393,0.08143738207203405,0.07806978964359437,0.06903160558336348,0.08255818656542394,0.0814099080773461,0.08128829855752567,0.08411736159216307,0.09296908992927962,0.09348830947040765,0.09574811312092323,0.09210711380209276,0.09621664969044447,0.10033350339486717,0.09812984198763014,0.09712767774799035,0.1022465287195428,0.10393427712828825
BANS32,0.08134460579609162,0.07659068441848242,0.07739623206040919,0.08204687521651907,0.08183719627755592,0.09535145401068053,0.07966686621313455,0.08081111805286918,0.08347473892585536,0.08223744200137899,0.08391750369227824,0.10115542329967427,0.10113952335413776,0.10316321264939288,0.10216107670227423,0.10394327035687564,0.10145126402871642,0.10313097010370491
BANS33,0.11864013960768158,0.10796986363435852,0.10499524564798662,0.10496662977293139,0.11761186929114034,0.12459157789152303,0.11125858660102039,0.10740576372450296,0.10475691968691238,0.10225300052069677,0.10105773276972707,0.14397444044642127,0.13945690062360266,0.13309610579270365,0.15135598091477237,0.15257941125081403,0.12909238997159742,0.1239158513305269
BANS34,0.08203830062338292,0.0841646784618006,0.08812016216616762,0.08980032442217059,0.0949296182907371,0.0965830535159353,0.0911403169176319,0.08760516882524207,0.10342378747192771,0.10120619549548017,0.09675688158811424,0.10593433042309572,0.10875659101599854,0.11441367968973573,0.09972092734710028,0.1012975557097407,0.09963647757472606,0.10040209590335554
BANS35,,,,,,,,,,,,,,,,,,
MALS1,0.15023839617238816,0.15779607790078168,0.14031673230809966,0.1577849152082827,0.1836526299690796,0.17420660673837418,0.17697564880291228,0.163182930749976,0.15924916790782317,0.14966990548357462,0.15925878030150553,0.1373724239032561,0.13971411391775806,0.13680250800310265,0.15219017180155167,0.15903806881906937,0.15312205312527194,0.16043551748344353
MALS2,0.15485540280488172,0.15997839893480936,0.13592362736840083,0.14963661262708766,0.1653001621456032,0.16939072056543797,0.16375318393526347,0.16059599527126564,0.14946123702908143,0.14641444185341096,0.15285908862022107,0.14720956850706007,0.13901971928308715,0.17351501333643765,0.16391404978857924,0.19725642840484028,0.18639163260848068,0.19451228036781862
MALS3,0.17358454076595306,0.18178093591543593,0.1652583579893195,0.17946058760415157,0.2073917005759459,0.19791124784098646,0.20296721363567333,0.18822538351296314,0.1885713743753017,0.17493064176358344,0.18706038551418475,0.1615638399113818,0.16561233265673506,0.14429428809594652,0.16301527218207731,0.17293350562163673,0.16643434063793427,0.17479398641436078
MALS4,0.14987989810645858,0.1502363268744873,0.14331966967023005,0.1595253029472843,0.15737460877176704,0.14479315650247992,0.14344847506129574,0.14196983437541696,0.14054375091754667,0.13891190504625872,0.15005000260578233,0.15049422932889944,0.1471245175103644,0.1243003830314408,0.1378101469570848,0.15519702678262084,0.14869184851481435,0.13926912335098612
MALS5,0.19696432649108153,0.19200683060373902,0.14309930859936013,0.1616509836163096,0.15758879684493116,0.156676466790088,0.1417013768444087,0.16719732673952742,0.16098245974022124,0.1315115729281458,0.18167284676039172,0.1831783394733353,0.14655112720383084,0.22358140894011172,0.19991366043103867,0.20222136477258562,0.18318821372848462,0.180323815161766
MALS6,0.11271233678595781,0.11542771333458886,0.10870858056382905,0.11723781973981677,0.12067719807956301,0.11769296943400168,0.11684916282563107,0.11685072402689121,0.11059039090188491,0.11093138175492206,0.1154228974814769,0.1182978455580316,0.11498565381335658,0.11554854019976186,0.10787425505670863,0.1103696600854358,0.1065714846102087,0.11095915510606622
MALS7,0.13834846792317226,0.13563694587849479,0.12522697504211053,0.13463050126224874,0.1386982104387955,0.13522301359440791,0.12677791784566325,0.12966348836337457,0.12494770144795005,0.12226774244574158,0.12972611221341723,0.13282351724460728,0.12752292476847693,0.11760330841454861,0.13273581481042138,0.14852426051422507,0.14361116601369017,0.1546825720953263
MALS8,0.14889695340790102,0.15974621487987295,0.13234733309122287,0.15850750731566454,0.17723080300714472,0.18311074090596433,0.1747639254386611,0.15557536609899852,0.1442396592981453,0.1407339080984442,0.14411303464912414,0.1507522060174535,0.1486779694870386,0.15567600318773292,0.17119463798616488,0.18677974536107533,0.16691356143157368,0.17684472118394837
MALS9,0.20743546439894897,0.20569506443930058,0.18344394157720723,0.2037579800134132,0.21858947643674542,0.21357926922966686,0.2107850316494878,0.19130648322563817,0.17644318799998346,0.17213532322462116,0.18368253285520184,0.19171789076731996,0.17104922060338362,0.18680987751401132,0.22061400697593495,0.23611157704778984,0.19872113857768453,0.2086454480677287
MALS10,0.17649400750037883,0.1775066441974199,0.1590142739104392,0.17705942655887322,0.18836577239864957,0.17834397143729042,0.18202107849997104,0.1617888609295293,0.14430679829085405,0.14075044750703894,0.14090864923690688,0.16608170051425966,0.13047489866571294,0.27734174585571414,0.22700737657496844,0.2710968675233072,0.23104925047143013,0.23870355571287324
MALS11,0.31369116703273375,0.29689368692888973,0.27511951908415755,0.290551014060562,0.29408098286713363,0.28095844623006266,0.26617734267619586,0.25962625897176905,0.2540566416608977,0.24288722820659536,0.2707193307537218,0.2665968750831424,0.2507063208824,0.15068244633873557,0.12485130602651538,0.13218657390969488,0.1251328160988127,0.12872312984780498
MALS12,0.19842131354609407,0.1952963204265179,0.1777410209942468,0.19481595729951462,0.20434267425658406,0.19756696460595874,0.19781839511841326,0.19763449577615433,0.18162606871259676,0.17932490494268216,0.18572396422743304,0.19071116977364358,0.18050009339687403,0.21200925462255926,0.20868199386952707,0.23927237293124226,0.2118631010717742,0.21917771779370657
MALS13,0.18822559195511324,0.19506284133232776,0.16487593994721372,0.18416499260271274,0.19238844136205274,0.1867608140135945,0.18542998260984375,0.1874717697520959,0.185703724653282,0.17191101880618048,0.17745974176756948,0.18504156840166636,0.16928412210276134,0.1753292663758688,0.18255243918365605,0.19327301074390021,0.17305318245641343,0.18373471338349295
MALS14,0.32373473247064866,0.31075632752093907,0.2807962033769827,0.3070554219109976,0.3214358367295028,0.313238661096829,0.32606849186268666,0.3271219007523383,0.31328673917981875,0.29677720630747656,0.33026602981332925,0.32572696211269736,0.33681751312490715,0.28772853952484195,0.31319915551885313,0.35232998478382066,0.32229534678368504,0.32030606507095144
MALS15,0.15469503749802452,0.14396471123407717,0.14393079805774875,0.16267174019299718,0.16298122618671895,0.15558581910762326,0.15523051958530978,0.15678479964800715,0.15502135949436074,0.1492433886015486,0.15422468176632825,0.15540862269827618,0.14428933810168978,0.1056466088085176,0.12276307687552168,0.12872357782159602,0.12789138740482675,0.1346456434668348
MALS16,0.189559715237855,0.1568259829162988,0.13480370837441008,0.16446222452988946,0.1559452484492457,0.15339343842304765,0.1503613345860931,0.16789576380695448,0.1479810009782714,0.14776815287231695,0.1669773775875487,0.14139576461547193,0.15638150148086902,0.1803779582723775,0.1558908718262253,0.15968204748763254,0.17026669370765843,0.1540459253533961
MALS17,0.1367576447818848,0.14301972533736007,0.120872632002041,0.13538681805592911,0.1507148319223686,0.15356674531683673,0.1531888014242086,0.14347790496876267,0.1371883047511925,0.1330360628234888,0.13802277381529524,0.1327304357333423,0.1336139740782994,0.1409441048243334,0.14933778127850206,0.1574680579231429,0.14909789246057986,0.15150171894991873
MALS18,0.12253549027643294,0.12418868505980545,0.11228063284639793,0.12472633776188598,0.13529920898011666,0.14086275958780553,0.14115978805492252,0.13619240992436477,0.13028883940186475,0.1292941678794379,0.1335255961630512,0.14161589602876667,0.13996591599400937,0.13068060624921704,0.13999614091727325,0.14992861707623145,0.14670903192193788,0.15925466013308925
MALS19,0.1349034205349089,0.12062139497021282,0.11465935465192349,0.14339903235366394,0.12694450204293442,0.1321694173203269,0.12389045064904702,0.1241491901852984,0.11972332497768212,0.11692471402955594,0.12285209249387907,0.12221470715697508,0.11725404041144209,0.11758262678042555,0.10376567619640883,0.11739701474667484,0.12453909797131824,0.1424341772090894
MALS20,0.14017952624986202,0.1387425761930971,0.12631346907645521,0.13674050882409422,0.15024535363217295,0.14668168390348715,0.1546299203764437,0.15577918071043845,0.1515856331281991,0.14637338475967523,0.1557103785112252,0.15877560790819098,0.15875381098284225,0.15303903442406122,0.1741968174527109,0.19590691377584618,0.19405557167472487,0.20104643841083594
MALS21,0.13144368516031077,0.12785544118867165,0.12126792340507475,0.13341265385818407,0.15035441782213782,0.14716938909839256,0.1529731692211558,0.1528225924963664,0.14793708839125225,0.1432678087456662,0.1523066911388847,0.15657490315872905,0.15451893173646697,0.14326917809752177,0.1541113927042816,0.1786800446530831,0.17988929963035555,0.18580694679815785
MALS22,0.12436078474665432,0.11102599185917246,0.10756572592816031,0.12628145860590304,0.13281346360296936,0.13275951386556734,0.13623203318971733,0.13661484066945964,0.12734225799982465,0.12254776406313815,0.13070408838586156,0.14544809865627165,0.13647497155710125,0.11481619876009423,0.12134881762185877,0.1529118934013425,0.15385939602952473,0.17423139426654669
MALS23,0.14943490350718688,0.14934175843289416,0.1349706492305857,0.151685342244408,0.160812077152466,0.1597675354713376,0.15241198016656032,0.14352332476156293,0.13534482124515793,0.13252164272287678,0.13994078245207958,0.14189172383057275,0.1381825966861263,0.11348610420623273,0.11736864027551858,0.13316462231348056,0.12759366450161666,0.13466949605419737
MALS24,0.08766706979704719,0.09110316842455847,0.08270318278417017,0.08882431244510518,0.0956837131411251,0.09893304511165753,0.09601968254369685,0.09521340618019593,0.09053368900081486,0.09012757229454897,0.09298889695936527,0.09516490462224345,0.09596438400231869,0.09252414781843248,0.09411908517886916,0.10431951051379178,0.1031946961993508,0.10793954253784317
MALS25,0.1430908998012431,0.14198244704120935,0.1299649768074542,0.13752888471839153,0.1429220097304774,0.13994885550231276,0.13776755926786768,0.13450703180577805,0.12972827017903077,0.12777407275023803,0.13353741196984154,0.13824609300956492,0.13164572176058278,0.10481690338907533,0.08614752656261093,0.0930131097314787,0.09404976316791412,0.0971966288302975
MALS26,0.11997627524811581,0.12362600108004262,0.1127860626177289,0.12575764664457703,0.13178908182233237,0.13332707936790558,0.13449881362346416,0.13007106210553937,0.12447922564898439,0.12245281348162927,0.12737686372211995,0.1290441520507006,0.12748237773510002,0.11418540927763929,0.1128711981830464,0.1345564090720513,0.1233874427189068,0.12898652009955452
MALS27,0.09256492865529338,0.09727905099982802,0.09510205686571122,0.10014714427799501,0.10632609937888761,0.11641602536907387,0.10938596159708049,0.10857173685083314,0.104210900568445,0.10604773865447693,0.10958508750532979,0.11383508095433896,0.11304848054916154,0.11818948584949542,0.11087843786060152,0.11899044370175298,0.12202217349479037,0.12863367761082653
MALS28,0.1273142339764116,0.1283572341915311,0.11921360983219266,0.12529721901274934,0.1312328463401205,0.13521172171020127,0.13446310453891389,0.13317199402885221,0.13027048582407658,0.1299270654735797,0.13267738577797972,0.13171411242351075,0.12938382126443498,0.12469615940287287,0.13285593349882524,0.14345029053343836,0.1450918653756377,0.15051789945166508
MALS29,0.13934043654622608,0.10170531377791528,0.13340294258657096,0.10145676295943845,0.138173538230542,0.14847826786281845,0.1675098006963418,0.15424495303515026,0.15220815043327585,0.15084661112726022,0.15935127462731635,0.15645284069124202,0.14131198062157913,0.09079952857663619,0.09994383153695602,0.10459492500838355,0.1054613775992418,0.11305679099124993
MALS30,0.17111276039470527,0.16163137392205615,0.15130633136392488,0.15850354637490552,0.15622525279137894,0.1668443059331254,0.1645562328608546,0.16517933228080853,0.1606763973083862,0.15957653846027936,0.16007415896158872,0.1583876387936215,0.15465241774652494,0.13699989930072812,0.14176836720936375,0.15594201332133226,0.1572596493810838,0.16938578917283625
MALS31,0.09509986469612222,0.0982417598322412,0.09746523051316792,0.10171995785872118,0.10715152646655296,0.1105255593315519,0.11219700293868749,0.11460849732819785,0.11280484091089309,0.10899139588458262,0.10915669391331863,0.11680273527400496,0.11601528482211257,0.10978416664265175,0.1069250414943498,0.11253879956106809,0.11193077605650407,0.1179727485098132
MALS32,0.0881677115846247,0.09787252987334917,0.0925452266923251,0.09334411857957647,0.09778173050714033,0.10241138256669408,0.10223774037378897,0.10422990891068787,0.10321215182161012,0.10325057351859943,0.10258228914813322,0.11224532749603908,0.11016908861779916,0.09406271588384789,0.09436755030481622,0.0954112329188877,0.09586142895687347,0.09762030795165201
MALS33,0.07232205294659347,0.07458858521440107,0.07469349412362188,0.07603205674435065,0.07777123367751379,0.07858989033503419,0.0810069849356758,0.082084066139679,0.08090423036773765,0.0809809765554976,0.081841343739052,0.08409317479514876,0.082441139205642,0.0762031284545488,0.09095800183754016,0.09863882235274136,0.09880112266477441,0.10664721988220276
MALS34,0.07874656801177334,0.0809438070942518,0.08204102922561461,0.08583743725333637,0.08817424115471345,0.09058596751887849,0.09042764442732257,0.08979475072832233,0.08543163121564824,0.08633730718010349,0.08745662390334376,0.09227090848863714,0.0909147373602877,0.08579035699354641,0.09056598801966237,0.09194103126101917,0.09343685617626296,0.09580507866399647
MALS35,,,,,,,,,,,,,,,,,,
PHIS1,0.11268070295345477,0.11521047083236838,0.12055361790666709,0.11910325388840519,0.12320662496516373,0.12389537886753227,0.12468252161430786,0.1256007336422739,0.12184918109437394,0.12284634111107702,0.12433906590349846,0.13032147744514552,0.12687129416002807,0.12485196548856627,0.1460942668154939,0.15269284392376734,0.14783396067773508,0.15169906939228572
PHIS2,0.09571520032869507,0.09453050826405499,0.09316473997566038,0.09030789693268622,0.09672039005256257,0.09907651208407851,0.09991979637802784,0.10052515285830581,0.09471791372485767,0.0966736046077544,0.1001667447291064,0.10283368194346912,0.1040492396812014,0.10907052351126853,0.14256698176755375,0.18259564618840288,0.16260155637771515,0.1617196686683525
PHIS3,0.11809718853909137,0.12030348505262119,0.12167974402574747,0.12588844154888035,0.12936086793647145,0.13167211065328727,0.1337710291573564,0.1334964558130331,0.12819943498561753,0.12949949917381678,0.13163711464387554,0.1426624956376191,0.13468969148402804,0.1338996154614224,0.1577753884039868,0.16357724918482902,0.15727224924741148,0.1621175202269218
PHIS4,0.10223526669624715,0.09212710843867905,0.09113849108390336,0.0894562724434033,0.09107038069466611,0.08773164572549634,0.0911712116179491,0.09483587279399766,0.094698962573625,0.09601496283199157,0.10011786157135928,0.1001528555728733,0.09849195774775397,0.10470602526147407,0.13746365474357145,0.20620869027149577,0.20824346973913122,0.18353669982983964
PHIS5,0.12299194309504233,0.15152765314834693,0.0988116940813685,0.09940055593661916,0.09224253338247375,0.08729497514916663,0.08982393257868254,0.09479812441248281,0.09959890551049634,0.10040767078933015,0.10275957691582314,0.1036929401926745,0.10247391775630901,0.10810430417116369,0.12793048427182527,0.1263293356553222,0.12913570395788665,0.11605771844856125
PHIS6,0.13854597559889065,0.1106126217840909,0.08447548609571545,0.08788888853259172,0.08907523720920502,0.08880317941247486,0.08756160588909259,0.08636600545269811,0.07984764847969417,0.08022005407043103,0.08155074414802048,0.08289012074553137,0.08280900101143147,0.08098306999194471,0.09957665058082034,0.11856559055090554,0.11000946241495856,0.10914601365998022
PHIS7,0.09267290150800182,0.09474585658443448,0.09039249310533264,0.09579497514986744,0.09280598604067138,0.09284866601470045,0.09143598816122131,0.08933105707718587,0.08431533495377808,0.08590511512129514,0.08651042158351778,0.08809245612582199,0.0891189975725475,0.087335395444514,0.09825308730756353,0.11307253220951889,0.10698240461884752,0.10747161470571005
PHIS8,0.16977564731954486,0.17779365827471036,0.13292518637155518,0.16347090412482077,0.1367354466406697,0.18507166879903625,0.1922885917732171,0.18788527023130977,0.19300019437860125,0.19446259855952755,0.20825641564645642,0.20595034205219678,0.2044317745495504,0.17063866422367766,0.1918148664329969,0.2050396193669047,0.2001548446597498,0.20896029352557674
PHIS9,0.10957014364105164,0.11030794473548472,0.09482649899880218,0.10497085831403555,0.10481503762189083,0.11090507345232689,0.11197974834238489,0.11192770374244312,0.0992538153729514,0.0995782584893079,0.10255669044283441,0.11851809734423567,0.11631612707528564,0.10744490862197754,0.11244126672343231,0.12602756342364083,0.11986006294503472,0.11982818641718072
PHIS10,0.10655781578108958,0.1012054146188576,0.09270020439113316,0.08989167300127282,0.09156307763774772,0.0970668123298846,0.09456250041027608,0.09467267265788848,0.10119130311801738,0.10556508431740852,0.11123058678585113,0.12090949057630368,0.12771355337843682,0.16035508940555704,0.19805857269312757,0.2705596755631615,0.2565776087796189,0.2467508021237453
PHIS11,0.16707313858459,0.12351568865874536,0.1066292347798141,0.11382066724507867,0.09506614439049883,0.12509249844588194,0.11649112464292721,0.11077661321182712,0.12292393310529905,0.1206037629811563,0.13181525942591524,0.1340998248082381,0.1250833393607779,0.13517986119344677,0.1910772733761272,0.2322797019999037,0.2206573663821938,0.2178977184973106
PHIS12,0.16279156630183325,0.13668504206733778,0.11188638287065161,0.11478557187868922,0.10467626515621825,0.11932031599991862,0.12470813017250527,0.13275277599350616,0.15150570175639713,0.15734595446846214,0.1734888137855332,0.18610092702250694,0.18001390334498515,0.2154263743491263,0.22494329679834454,0.2781542370038475,0.2695722214497194,0.26490256080585534
PHIS13,0.22837395479499842,0.2080819022585888,0.13728858814510878,0.14381549675902672,0.14847951348473645,0.156865356217818,0.13859334016927488,0.17474397104530492,0.19778965411917923,0.21438969747484563,0.2333124720051653,0.2569970732662461,0.2501440548126121,0.28372581904647504,0.3694524139471687,0.3799309265382423,0.41106748504808743,0.3766812209318994
PHIS14,0.37987650102105897,0.3445116825754516,0.18054277360323606,0.1627894662629108,0.19376348199638116,0.18871305484351777,0.18386966377319858,0.18921740499306655,0.2122063006659143,0.22491620396631296,0.24403162054712474,0.28104219868575464,0.2846951249495863,0.318220135916439,0.4190801954293112,0.4485853525642453,0.44237282840109726,0.42667835167628937
PHIS15,0.20849140394998264,0.19051239393901634,0.13235316076858814,0.12907474176208586,0.1422003341669861,0.1440361116717912,0.1498093198952026,0.15912981273112461,0.15736300474428289,0.17054490126781624,0.18210899047444407,0.18688357782941092,0.1841214192130989,0.21209621447238136,0.26430245405302055,0.2641715038763734,0.24498140571783059,0.24069110179694958
PHIS16,0.15224161700386016,0.13162652607495168,0.10770198455356067,0.10618508314104655,0.09434572066344843,0.09508158648224185,0.09363910854992619,0.09364288987271743,0.0971539235911518,0.09712549147414974,0.09932335694565704,0.10191593713342499,0.10280478499649764,0.1023882391768441,0.10692229103909962,0.12585055050266242,0.11767815323076088,0.11705628135585806
PHIS17,0.07976311346539104,0.08306522135352805,0.07620236035615294,0.08572418074248525,0.0823545764190804,0.0891472642918241,0.09098124647232408,0.09189836255250677,0.10815622214863595,0.10817738990693124,0.1139261625735386,0.11844920700291574,0.11271506391359828,0.10673170820831589,0.12330452081377956,0.12729843560790868,0.1272195957411885,0.13147146398071294
PHIS18,0.11038258448260514,0.24249863751218464,0.19423694913770556,0.20942462437753523,0.11162783465515569,0.181202020617755,0.18907650937098802,0.20276629527935583,0.12595512392071662,0.13551888445080856,0.122727576454201,0.1527032539178252,0.1527823846531845,0.15051812349672394,0.24565992899382558,0.260584836207117,0.24967132847056336,0.24881836833523008
PHIS19,0.07647956661682474,0.07849948236327874,0.07185425815777774,0.07337414981136468,0.0749074913571017,0.07606658616632941,0.07724087585139945,0.07712679244071856,0.08245440807520363,0.08379295480890966,0.08458171759237113,0.08481978682429551,0.08593041499124547,0.08494580899202861,0.08850314243486163,0.09359746808240255,0.09545422130960937,0.09567882046429813
PHIS20,0.07860557424976308,0.07528516081526022,0.07363889139598492,0.08299383736093864,0.09242715589406969,0.09357408520272507,0.09489733257384586,0.09334841191857117,0.10236253983408107,0.10474037043687229,0.10541966959756537,0.11052358691159712,0.10861032172931803,0.1054573681088388,0.1065562813570587,0.10991451820123119,0.1117798094778537,0.11433505698282749
PHIS21,0.0898563841562217,0.10077532721032054,0.09087328720081474,0.09955680378312812,0.10718256349642255,0.10966380845725847,0.1106145272205728,0.11092210688763446,0.1099318697772424,0.11241649465223046,0.11317981264175062,0.118004350159607,0.11737672859058351,0.11503408185505695,0.1253675748016656,0.12766621198692893,0.1327116904042814,0.1349444975268782
PHIS22,0.10740508803563018,0.10454411398224202,0.10425973716977861,0.10543649438008028,0.111433638083016,0.11128581157079159,0.11057006702837158,0.10951679129298848,0.09772252117106288,0.09862285748450211,0.10287240154542038,0.10830386691816002,0.10922161331905945,0.1084014326145122,0.13905062462719134,0.18208188296378194,0.1519196330194362,0.15521944202594354
PHIS23,0.09850934389184429,0.10206932380812922,0.08584783055485319,0.09914092850365838,0.09771962082320516,0.10928556765572614,0.11315837429138453,0.11418610570578311,0.11024380734807653,0.11270052248637939,0.1186967121272473,0.12790196050760855,0.12288440711973246,0.12519804880025043,0.16234570177624494,0.19014504421613748,0.16652036011719012,0.17375713506149557
PHIS24,0.1052614446627079,0.105790482642244,0.10657380885641392,0.09152041463739621,0.09317517970934218,0.09296480175455477,0.10909926310685295,0.11830391951540092,0.09862253260484725,0.10187653545086285,0.10568565475916715,0.10954956387063945,0.11095483810380519,0.11563376348000735,0.13340019199082345,0.15334365983400858,0.1693681539858318,0.1696145348284424
PHIS25,0.09468501335200359,0.09915562924366006,0.08623490285657114,0.09428940301186438,0.09599315176780303,0.10571314555738238,0.11047701651162062,0.11311643888172938,0.11688556597044433,0.11961196778655799,0.12812009283311954,0.14571454897304909,0.12579334417122656,0.123884973158952,0.14382952559466405,0.22808197497350316,0.19388838975230185,0.19445054829876318
PHIS26,0.09332125692598277,0.0943946698694076,0.0922766157503817,0.08965145545145407,0.09176248827901409,0.0940438269680562,0.09899807932960407,0.10200332459336324,0.09441761401390804,0.09703606832680627,0.10000764531066737,0.10374850110980786,0.10723074844762072,0.11082113214490975,0.14804516542865898,0.20703045340743487,0.18193553835626536,0.18264121875033956
PHIS27,0.09597051046881762,0.09562826228578576,0.08479016001892632,0.09094895827322977,0.0958018532590082,0.09466536325931395,0.09678036732317276,0.09803700480524657,0.09571755887164214,0.097560906432055,0.09978880673242851,0.1024595162071774,0.10418256352469335,0.10609031608730449,0.1276861012330879,0.16951155377199034,0.15546558554869938,0.15709986923303018
PHIS28,0.09861241727165564,0.09782291913619731,0.10012470442570336,0.1027239874156157,0.10719164360110373,0.10824362196043057,0.11127161630039854,0.11365973965022849,0.1059017781066661,0.10876951106450723,0.10826597181251274,0.11188038665824908,0.11304867733337529,0.11461374103800186,0.1269224498647067,0.12853153667003062,0.13329813152005776,0.13749891202554976
PHIS29,0.09412321380501026,0.09050997896427908,0.09685850992930296,0.09552702837224189,0.10154331930788323,0.10298007980914387,0.10599712490863585,0.10756688440267592,0.10148479782911835,0.1043994261335227,0.10398689282833626,0.10993648206486113,0.11161230722722465,0.11030398759026326,0.12061187413871335,0.12370134303603052,0.12865146406726022,0.13254492463621909
PHIS30,0.10760565841007226,0.11210884139792907,0.108410332234688,0.11215750831302877,0.11257887012590767,0.11280040425179662,0.11618390259306796,0.11872261898645511,0.11021761885241309,0.11508954756032558,0.11348756890381434,0.1297871302609888,0.12065643401981391,0.11836069969335183,0.13204703544838803,0.1445569074581893,0.1491195982147135,0.1530785348853505
PHIS31,0.08046012119230705,0.07914203842759993,0.07230019993577477,0.07782701020157134,0.08022173032454395,0.08406545078649484,0.08641045753856,0.08864809871522983,0.08216248237229085,0.0838665114941884,0.0832737883807703,0.08794076339692894,0.08931301127578435,0.09160926285757195,0.10157540064653385,0.1014309781794451,0.10474859251480992,0.10635784646084384
PHIS32,0.09053389678299091,0.09148827719417878,0.09425438539647985,0.09204021701176195,0.091742252905409,0.09085568290031722,0.09260513074169174,0.09451027661039697,0.08935741981115804,0.09111619597129819,0.09303795474049396,0.09238821884405064,0.09617727021770611,0.09214715659882268,0.09946153527498246,0.10014314011843824,0.10227417693582487,0.10416922464805203
PHIS33,0.08567549068224965,0.08279303067910887,0.08558723886172248,0.0845334114785293,0.08708994675683075,0.08723698477793415,0.08549821315155048,0.08552023975472801,0.08718584438901561,0.08918728189629821,0.0884858865230131,0.08899713873950325,0.09173375871358934,0.09338996386483568,0.09158357743761818,0.09564719806600812,0.09581009094279405,0.09716503042113613
PHIS34,0.08441518383271697,0.08410846271005903,0.0841067685635963,0.0822344662856572,0.08614749779902958,0.08817150091739939,0.09041501345869661,0.09230990434469573,0.09313764906808565,0.0957156109905647,0.09817058983552505,0.09755545291949069,0.0983178262989577,0.09767584578553626,0.12282735732890177,0.15410329073260473,0.1380724198704002,0.1389190599815417
PHIS35,,,,,0.13319748751422408,0.12220298034266075,0.12164545236552096,0.1133243295575179,0.11794951711396216,0.11867876466996151,,,,,,,,
THAS1,0.12064330529257841,0.13218814192678216,0.12174926230592206,0.13805304415301456,0.13904696241693038,0.14528254998908335,0.147244385767935,0.1444172985102101,0.1361562774526799,0.1384465599813252,0.13979907241588743,0.15121129679572828,0.16077778101530693,0.1518673435914556,0.17267440049512803,0.18157890944634614,0.17430775552392097,0.20050149342721965
THAS2,0.1151496926159288,0.12677783659785277,0.1140761909516873,0.12954187367205106,0.13126260567188333,0.13563365297142876,0.139119381869262,0.137521632013849,0.13520172396767252,0.13550756701423605,0.14064608803286446,0.15603117499219152,0.15380667064223472,0.13801284444794537,0.15307990592219511,0.15644633621716847,0.1537006175834067,0.15932562654961188
THAS3,0.13055023846154845,0.1400952828782058,0.13169791243697723,0.1454263665391847,0.14341837195447274,0.1474395866421007,0.15054855512197787,0.1492263447174815,0.14475415495164792,0.1494081765080009,0.14991092646313647,0.1610556666736158,0.16140092875415027,0.1541672941876636,0.1770446742454588,0.20114531444811926,0.19230209679637397,0.2096745138156487
THAS4,0.0981716442687579,0.10459505243919989,0.09910981642125127,0.10625468065794877,0.11410442767203077,0.11487257837709185,0.12000127909536167,0.11036554662378742,0.11193151894807304,0.11242002862109357,0.1147841471920513,0.1265436876328992,0.12834686227901565,0.11665105260219079,0.13297148366903422,0.17992283723633448,0.17843657440201396,0.18765344424911018
THAS5,0.09322531120507334,0.09620624275065283,0.09207436205721618,0.09501063910985233,0.10064766008455328,0.09912245693169168,0.09777884311645667,0.09658192698635423,0.09937172645308694,0.10072884917466077,0.10142992626069833,0.11655899486093262,0.15118927316833874,0.13241120860467195,0.15041519216636742,0.1913191896290482,0.1838904408673141,0.2117626038719334
THAS6,0.08846110907669179,0.09241843578260896,0.08928622701877505,0.09544228064246568,0.10090230608927843,0.09926455989520606,0.098561420025429,0.09755713452545872,0.09944453078552529,0.09937863944680757,0.10775298087559841,0.1419317207086003,0.1372246867343202,0.1250800749403768,0.15199015478797623,0.1828438386984861,0.18104890817425362,0.19029146907528707
THAS7,0.10666937420696877,0.1147001138404468,0.10768689958136866,0.11269737308998688,0.11207734352208201,0.11564041332209696,0.11789003771339993,0.11448577427651058,0.11315046731426112,0.1156022316252149,0.11680576747875272,0.12101356497984081,0.12513270514624142,0.11945355386356793,0.12940166855103513,0.14972832438923314,0.14830088628530755,0.15763506294884125
THAS8,0.14307222216927767,0.16375711158402342,0.12156719690579078,0.15986587452813192,0.3070582580139015,0.264096974340051,0.2787970407338945,0.26794628864172376,0.2529029498340619,0.2405240425085737,0.281528929391905,0.3387569025313888,0.2681287965658181,0.24634266929842813,0.33292378101955433,0.40722748889940386,0.36017790396054705,0.3966636220370667
THAS9,0.11342302690331885,0.12400105992250463,0.11331021274710926,0.14157028671872882,0.15364804823240633,0.16688206413140655,0.17099079112985544,0.1569404837096212,0.15635450211922394,0.1454618459898223,0.15100853777530807,0.17569281695830993,0.26509726536732825,0.2312653166713256,0.30926182569454885,0.4083412519264129,0.3933136463420097,0.4257484874553712
THAS10,0.12623795539683655,0.1426910617279997,0.12671610738620553,0.14283080239293033,0.14831570759382373,0.15024282019918117,0.16188683458591138,0.14865640140462535,0.1400934571595297,0.137694022460664,0.14086178174846112,0.15761974518945662,0.15239800310963705,0.14552526623605747,0.16640433170040506,0.20372830158978866,0.19658416989021146,0.21528140412544358
THAS11,0.1540439561810317,0.17516222386313285,0.13941480247418692,0.15825551485840675,0.2771265828376929,0.26870647373914985,0.2671661891401466,0.24424217554292937,0.2378750158679031,0.2222076158709836,0.23845745950917785,0.3141393286271093,0.2151301588059299,0.20695281891676712,0.23927533836263054,0.27524581686676,0.2524075215035251,0.2741571699303727
THAS12,0.20567572033357134,0.24499622451775496,0.19397279064918835,0.22241229329494197,0.2608715591966702,0.2593940048364596,0.273187173373001,0.24498540216235237,0.24330349278571303,0.23345647727549046,0.22429308244906104,0.326698616128106,0.22660832924887891,0.23156160921950578,0.29561211070343607,0.3334991846620154,0.30849304685715817,0.32840893452755326
THAS13,0.11553940927215894,0.12671144874640738,0.11732279342386097,0.12475273437478222,0.1320332580308908,0.13698884341053533,0.1354798679421292,0.1310874964632769,0.14240622057674943,0.14121510605698803,0.14843831819167075,0.1897761508169961,0.2570058304778802,0.24250686816279793,0.2796473405755349,0.32972010772662097,0.316981064873384,0.33060847456963427
THAS14,0.1199676885166477,0.13076311494612322,0.13876450628810144,0.1249838703000387,0.12990581253359304,0.13161417996886385,0.13306907136273452,0.13036591924200402,0.1261321270529423,0.12873997578273041,0.13162004685898823,0.15650982218822113,0.24944343797406762,0.22811237193657002,0.2831449589007081,0.3398021707381691,0.3460972190194795,0.34897607046951734
THAS15,0.1779545031329464,0.20075270985895535,0.16836384857378692,0.17526098738231313,0.1999223425421139,0.18784166432288038,0.1928364459885236,0.18908574778409196,0.18624626031651015,0.17972406239656072,0.1912397155197947,0.24835100891551423,0.24393833173178306,0.24953893738298596,0.32601155542131927,0.3821719566836636,0.3534032105117704,0.37945999584588025
THAS16,0.10352456079193578,0.11323809388965814,0.10660567586954875,0.11887361477850361,0.11828911860471363,0.12218665791323081,0.12545291535727002,0.1232213236314538,0.10903492406010781,0.1104940835182356,0.11347134005098815,0.12445054429977376,0.15986162486103309,0.1436538952810523,0.20237386950435507,0.2586050063024973,0.27317548812994125,0.3033258901537674
THAS17,0.11528927055287029,0.12684312323605754,0.11409632882380799,0.12597176395426407,0.14585954988387917,0.15011408229565626,0.1556321270062435,0.14909402831674967,0.14848420834022985,0.14905607184810774,0.14934937579220817,0.19104705487800666,0.18125612457353293,0.16763179102923081,0.19452899579788582,0.20023309659985006,0.16865375087072357,0.17020032444229632
THAS18,0.12653766785591666,0.1384631826340968,0.12285292924206681,0.13939129884031629,0.14146723887674528,0.14813107333955883,0.1620291846099011,0.1478048484702827,0.14741086916207816,0.1483570473334325,0.1527045444576861,0.16565664768570776,0.21079808632914304,0.19379225553423463,0.23195606383638062,0.27448528698564206,0.26409565695403353,0.27528962439326726
THAS19,0.10165724686948784,0.10417638277048995,0.09836824070185773,0.10909736249590493,0.11870497185927086,0.1159603303702914,0.1167663786704292,0.11613684978220465,0.10818286684805219,0.1025571401237972,0.1094743311263418,0.11852146404882496,0.10156945485158918,0.09583883454243108,0.1039792851651401,0.11449404943368185,0.11104721415153694,0.11507264251870067
THAS20,0.12316109030010647,0.13686319369399685,0.12354741706639341,0.13971213446168243,0.1511074298160649,0.15139998135392327,0.17008984138175268,0.16719481583286674,0.15619189820369062,0.16027296161274482,0.14995409800358964,0.19612767206802498,0.15523877742516012,0.14796716188504971,0.16155074911860118,0.15857058766672355,0.1584443217665447,0.16512995019526047
THAS21,0.12943808021788253,0.1482419784320639,0.12594630515210617,0.14374736656088946,0.14655506519834693,0.14836547221266422,0.1586131171167317,0.14926116356213007,0.13341048131698205,0.13915378807690673,0.1395888256832761,0.15652658215850684,0.16416242343402238,0.15848638792434866,0.1916747497096327,0.1902331466259943,0.18782236197039967,0.20019129256823118
THAS22,0.11456566699364493,0.1229653893036575,0.11263100451956638,0.1278252382180084,0.12749310609955908,0.13127923939756825,0.1352649753071897,0.13456831409434578,0.13586099451687372,0.14916629351292535,0.15168288013112324,0.17425103879245307,0.1692921594808899,0.154354491477499,0.17657110994311206,0.20007821860041103,0.19703044939486805,0.21332357623783096
THAS23,0.11368235481704604,0.12577147203173064,0.10864463406929006,0.125829500322052,0.13604036378192777,0.1405422495841758,0.15031020418423124,0.14790451257733958,0.1394838599529169,0.13129100461739943,0.13273639042468247,0.14244087121486854,0.14950369182294057,0.1358571143845217,0.15362441996123102,0.17081177796645514,0.17279383136268311,0.1861101404441132
THAS24,0.1104669011799621,0.11926966454281299,0.11053947369102864,0.11679281924681963,0.12223215251385733,0.12298793198602109,0.12731293057638118,0.12430106529029922,0.13317287982184675,0.12195868562256211,0.13109128356416858,0.1385093926518482,0.2661226251377121,0.2261948017042169,0.2436680276810277,0.2677814988151059,0.2614787911573835,0.28799013208450236
THAS25,0.10880810944922595,0.11358395558019287,0.10561577782517378,0.11754987998114988,0.122806033285901,0.12375265647046242,0.12791077821459781,0.12552714084916244,0.13385235995553155,0.12617164579432305,0.1315540996800403,0.13797451701259034,0.2139626936683002,0.16232356092043304,0.16359847798140587,0.17869824719606464,0.18902340111653998,0.2059555251945076
THAS26,0.09583130688044475,0.10213939097785829,0.09491499021085388,0.1039900979607806,0.10378373952609392,0.10599093065205271,0.10757853538881577,0.10649976961519947,0.11749503113017931,0.11719182758239431,0.11906413167533332,0.13183799046849323,0.15218681914752055,0.12313395189516588,0.12721486775496949,0.13400087279822215,0.138150792149629,0.14730776264842307
THAS27,0.1060783196755587,0.11597120521832952,0.10268668927771474,0.11579197848863887,0.11726836565988813,0.12188438813970742,0.12679852595270613,0.12540115103787025,0.12075578824534379,0.11637081597655369,0.11901573524870646,0.12963298459859016,0.12029808230778842,0.11716185048738709,0.12477066989407928,0.12030423701654688,0.12252194418499729,0.12602988767488207
THAS28,0.10887232824084489,0.12178382612368749,0.10764693008327021,0.12231935982912198,0.12413494306719024,0.12924362701315112,0.13655238794585273,0.13512137098539187,0.12924885275661402,0.13732934153517215,0.13152120292510014,0.1548768083682748,0.13934959906178146,0.13401383814179993,0.14659731652637736,0.142028402290438,0.14330302429574737,0.14834280468346986
THAS29,0.09240562505266668,0.09921571495277647,0.09091793840839764,0.10086366408956154,0.09956011066155333,0.10291354194448829,0.10507325721456792,0.10431498408484076,0.10972141435170844,0.11849535163260576,0.1201979416790637,0.13059590134714988,0.12692172949072705,0.1218520044735515,0.12932936908558523,0.12068455628563957,0.12261548201762265,0.12565086021371086
THAS30,0.135014757103826,0.15502488391448638,0.1258404139816609,0.1456340462836518,0.14510783840957972,0.1520869190072918,0.1605923729192424,0.1532724998124468,0.13395109457101875,0.1439759712778942,0.14302245624163093,0.16056838792774572,0.15935772644697405,0.145121443314309,0.1665508721983407,0.17474483871188032,0.17100163268140206,0.1821627364859693
THAS31,0.092848564385077,0.10042767187041943,0.09274959853274066,0.10226419047764686,0.10162412484931013,0.10445708395743757,0.10720290627535116,0.10753842696317983,0.12562143115418192,0.12423666990058697,0.12639712284398189,0.13357840374680335,0.19391735723309356,0.18689171233948856,0.22546824491337042,0.23846298814802336,0.23247907205863877,0.2423720716176999
THAS32,0.09375859682231447,0.09689542147357814,0.09509175406588541,0.09976266431781429,0.09771528250359945,0.09906342691552987,0.10874575581286683,0.10048290825143132,0.13232956334306847,0.12821961368832807,0.1370549247367844,0.1645704219321783,0.15855906906520828,0.1508000329821318,0.16166459697498103,0.19206601963379338,0.18559066471225483,0.19258469293377325
THAS33,0.10174071541009945,0.10525122163571544,0.10090058667726742,0.1074718282539657,0.11123356948845169,0.11372250425420684,0.11972368524459356,0.11582668848257008,0.12045273959090036,0.11401598212057604,0.12104398298499429,0.14829452103305282,0.15732037138411928,0.17306468635015707,0.18763854281287176,0.24129629616707446,0.23310469631177014,0.25417220390213474
THAS34,0.10575899997575738,0.11497549386801502,0.10220910635147595,0.11673943077603362,0.11759404528997096,0.12159057145269077,0.12563477792150565,0.12304565522752782,0.12020103598583184,0.1246939026772888,0.12642381034727876,0.13638427748474122,0.1369229195988709,0.12763271611635968,0.14231825287556393,0.16108810559401415,0.15538636889874347,0.16213509236369072
THAS35,,,,,,,,,,,,,,,,,,
VIES1,0.09748224937949385,0.12369703207688779,0.12611749384293738,0.1332076354744122,0.14907220520154998,0.15284283911687904,0.17209526388238502,0.17461413061544057,0.1725084030723868,0.19202653021262694,0.18900064935339145,0.1997922810961648,0.16996290791582455,0.17519558192080234,0.16585170311929598,0.17671522223442743,0.17475405787736353,0.18730303811176
VIES2,0.4439215635837532,0.2161534503142706,0.16073055505064027,0.21576105660198477,0.2591396699034008,0.2561742673521278,0.1772803740690321,0.19164608646604495,0.17848724795603216,0.17624286884799956,0.19301138349486174,0.1724453520615142,0.15499097769248898,0.16717156828710114,0.16206588416600515,0.18356787210358866,0.1637982934385531,0.17730067004842273
VIES3,0.11700365810149416,0.12194644773512861,0.12539289935822173,0.12746334025235784,0.15645018362190424,0.15338144942875276,0.1785688243527998,0.18012597491115032,0.18162387289691115,0.21761633513103054,0.2215736634390308,0.2357170594431895,0.17792062438765238,0.18482840168562062,0.16692579040087863,0.17347033290565667,0.1724995685803791,0.1877027641463788
VIES4,0.14192032437329308,0.224490090929361,0.1055703632754574,0.29538673222303463,0.19642874413479514,0.21052330467034971,0.39571789843901023,0.25320057149414965,0.17916368996954965,0.3266326652820669,0.24878547645814342,0.33480987067619844,0.26357784556231023,0.30361497912670277,0.3799477410953294,0.38832039914725236,0.3429312255812783,0.39432654497723424
VIES5,0.3434419884780805,0.20142662926587307,0.09269156570942036,0.19583008947266423,0.23025791963464357,0.14124271480529177,0.2968841253833719,0.38476944422169895,0.21150433638291113,0.4057637922359804,0.23210279234388537,0.4018642457020463,0.34332316423287845,0.4080596997849842,0.23858564973674612,0.29844074845371116,0.2364797573184919,0.2635811863140991
VIES6,0.08897910246381771,0.09765105059748612,0.11408580323116821,0.10337901691184773,0.10310336721071292,0.10456782939410374,0.11458965966334285,0.11747404544591432,0.11399863165780216,0.12219711708956689,0.13257568250285437,0.12235878298066183,0.12530615147440174,0.1257782374198756,0.14257476239066505,0.1589607724463628,0.1632107188186234,0.17362830078886482
VIES7,0.08291767755885196,0.0946980662441744,0.0927114004215512,0.09584619240685817,0.09572726051317479,0.0936729654900556,0.1003307522209702,0.10045027341790422,0.10005417295973626,0.10825239305964056,0.11688066940007519,0.11992396969170485,0.1115281699949596,0.11635625050904878,0.13480557980092633,0.14521489655536274,0.16442963944232686,0.1670457461284423
VIES8,0.16636391170702922,0.1374976868941436,0.17246562504847943,0.11490025275214802,0.13020212869223677,0.1346450148087011,0.12798204392001797,0.11979012911231002,0.13864330267666508,0.12512690747775995,0.1265890858673058,0.1399356588866135,0.1303303233251805,0.1300755570051826,0.1313652916431483,0.13992486417658503,0.12890003989700796,0.14384675448760778
VIES9,0.11508563708372195,0.1215835842517834,0.0922160485344868,0.1282215101522184,0.13120087704633693,0.14259335917056526,0.1407626860463156,0.13515856764280781,0.1421359237879534,0.15034670911048695,0.16303752395277452,0.1703427655584173,0.15622824616953207,0.16601591584455397,0.23163528751845505,0.24580706784276815,0.19862314704171452,0.23900155150895563
VIES10,0.14977667424583072,0.18752592584258596,0.11336445442692496,0.1756832647949346,0.18546910557567306,0.17273047824558319,0.16901304323951952,0.21086068160291885,0.1720957020842745,0.24839101846048814,0.2637929210559125,0.24757884198816174,0.20083688764367202,0.23778023581565094,0.23324200669762635,0.2949937345508835,0.21889086090490584,0.2507797029481116
VIES11,0.11064648507000588,0.12846574659830423,0.10490839788607702,0.12679759167253507,0.14191281208578202,0.12653844931095715,0.11453386533057866,0.12617571228026286,0.11960377715910114,0.1290688665947113,0.13993896602366557,0.13526657361791636,0.12836570929093583,0.13613706380114077,0.15280462754935922,0.14982535692192894,0.14482889242499952,0.15403015488143376
VIES12,0.11927846459863296,0.14842192090396605,0.16197572754179104,0.14688859436105745,0.1644888499502741,0.19590083785263415,0.18758205513670453,0.2435050899664736,0.1976904024219143,0.29391408455592427,0.28871157916744056,0.3198305625059625,0.2720235469483203,0.3039742980868899,0.2606418438562258,0.2734182867604805,0.2771834749454185,0.32144485678769547
VIES13,0.08767627348181091,0.20450271975585804,0.11136282159816963,0.19923972171743354,0.1307534743605438,0.17836383270548914,0.2035912222189252,0.19937328228342294,0.15716649198502422,0.21706627477703727,0.2571954654807841,0.2506855466688936,0.1998243551238756,0.2244009796602049,0.2834134504512932,0.2689302328098917,0.1618111980215859,0.22342779418113265
VIES14,0.19969228074926418,0.18136097716273966,0.15904239995012734,0.18325548215487092,0.29803226515139675,0.47172646851855593,0.5588425995678458,0.5050113897819141,0.34770665304476234,0.5407252503973644,0.5286560116463567,0.5324780155022368,0.46038252979004335,0.5641660065466577,0.6309051803048842,0.5965796219348243,0.5826872334552212,0.6279931155514846
VIES15,0.14697609037400333,0.1537136345507116,0.080196657612129,0.11948589767679804,0.12086978993502492,0.11981803594083106,0.15867203227764173,0.2737475213359982,0.15117314736341478,0.2860386062015664,0.28183142216978446,0.19116537388266502,0.17089616838223354,0.26217249611857557,0.2626062351402635,0.2238680383997746,0.20804714504358887,0.26200585923840014
VIES16,0.1626721587854819,0.15337797128295122,0.08789072741289367,0.12803225503206475,0.1329358469124141,0.13995662170670692,0.15398484432960244,0.1578729434903709,0.1380853751518767,0.1885900384022269,0.2008085979248869,0.15697260486525577,0.16243398099587172,0.17076904416429284,0.17243569683323334,0.17349459820130247,0.2001905228892058,0.21516659953129935
VIES17,0.06989576538363841,0.09387083739508495,0.09634111798980134,0.09392220921290956,0.10339095226828494,0.10508062842333327,0.10267445823772396,0.09462576866940561,0.10060906657923906,0.10501577602593132,0.10790371486550707,0.1178135425889589,0.10851098218277762,0.1131403423756709,0.14316992891805375,0.1571602247260486,0.15885051808902773,0.1733002472818989
VIES18,0.10098704982862182,0.11032007086268907,0.09477327932029254,0.11455528302168407,0.11516958491264215,0.11948334444794872,0.12763327569194935,0.1317886741377129,0.1220974491667842,0.142477548322653,0.14648099925723,0.15000864456630553,0.15976009007720998,0.17762800838364018,0.17796139489908339,0.1740797276913703,0.1769516077436249,0.2069599693298873
VIES19,0.10070274883826918,0.09806968409013962,0.09212592012263598,0.0956583775041862,0.10202873171290554,0.10019572871540165,0.09990770520963843,0.10513348195738981,0.09622895337416719,0.10866149893072372,0.11830391325175967,0.10993221411108144,0.1055822021178265,0.10693176241854527,0.10679539296275897,0.10659489299608571,0.10570695917537207,0.11246370819923866
VIES20,0.14379155781844402,0.10842993801510932,0.12905249670464006,0.11915527920841555,0.12945073182868005,0.11885198344096934,0.13384363810284,0.1308347466074629,0.14242967889515337,0.14782297863457203,0.15445286278683149,0.1649903335593393,0.13597422739111387,0.13345830283558835,0.17434595152850424,0.19665217631426568,0.21138272677333114,0.2229619499727795
VIES21,,,,,,,,,,,,,,,0.26761849570690693,0.26152990294225775,0.2125517003675367,0.24934624772349814
VIES22,0.18069139450102906,0.1164207154909369,0.11847902531475858,0.1353449673137403,0.13693367873271584,0.12289353268383574,0.13001343057872375,0.13203489576008995,0.12395503010164431,0.13136596378033377,0.13924807113258034,0.15720029329693766,0.13941019407516214,0.14718093359743836,0.17338168938233273,0.16142670439357268,0.15083241673519893,0.16841569932196654
VIES23,0.16677618939493608,0.12452254022312767,0.09201933948203744,0.1214303229221303,0.13238208311650684,0.13701256604572012,0.14169628702898276,0.14470430176444965,0.14168888525117795,0.15234585119340605,0.16780825257698545,0.15893335693053207,0.1421280955026725,0.15189188522638947,0.22919292557507864,0.2287409819945886,0.21305311381006314,0.25072109042359847
VIES24,0.18102530908805722,0.13233095866120245,0.097785238015531,0.13081013158001448,0.12067138622839076,0.11106655804018006,0.11813637656721553,0.12100646635120842,0.12528622926242403,0.12733240195742102,0.15110652904976932,0.13588627272990167,0.12784224925415485,0.12254148771725147,0.21480685931673155,0.20132778334898563,0.17458278369207056,0.2008311954214109
VIES25,0.16423887052213793,0.17019616021222916,0.11089046454019616,0.16150194381831282,0.14618294681491276,0.1304265033667848,0.1388485812347872,0.1396268785411389,0.14173731915503485,0.1433246774476077,0.16359528255055183,0.15844795965769723,0.1400491068378701,0.14917242555709587,0.18373003553870235,0.1702932417369936,0.1490106072455156,0.16783017703454906
VIES26,0.11910780262449919,0.08267454556398876,0.07753008492835942,0.10498414717108126,0.08747959166504064,0.08167057237600975,0.08378217606177034,0.08347631815639099,0.09146571560602301,0.08901401122493274,0.10543938363112558,0.09238800503281225,0.09055747417963765,0.09012565196820771,0.11834587795217875,0.12377928257766015,0.12268608681241801,0.1306210212237891
VIES27,0.07925955303756675,0.09937537633558348,0.08154329267496001,0.09372479576633713,0.0992154555527126,0.10617050949813156,0.1151296444831799,0.11382006508483922,0.09878170843003248,0.12726092524786015,0.12862445536480335,0.1258029356478247,0.11643495976114379,0.1272672616781644,0.1419486378245034,0.13807582674407018,0.130490945921335,0.14906481312285755
VIES28,0.06962629128387958,0.08093473976264788,0.08805215190731017,0.11338519535753634,0.09485965716128479,0.0896973517582078,0.08992273851148823,0.09386233850802932,0.10068035469487704,0.10263228179101305,0.10658654784658893,0.1101222873693942,0.10525381362558525,0.10068688077182501,0.10824288223865734,0.1196036250854414,0.12421445161987284,0.1301706636648382
VIES29,0.09293254530204173,0.08557759373416533,0.0916970787383757,0.09303249465650743,0.08501281443900194,0.08862191710818156,0.09247615299563608,0.0929059858616823,0.09590856968252671,0.10238151151378298,0.1090051191209512,0.11381122123219807,0.1236474813595272,0.12577207370364601,0.10679464541400249,0.11778816934643409,0.1260542219978758,0.13106993205798392
VIES30,0.15178138279438003,0.09442589495282193,0.08670528922718043,0.10201729679317995,0.0940745231154355,0.09204046846165954,0.09553215117751125,0.09884428567606714,0.09875929253103438,0.10308267749338842,0.11122270194481848,0.10933139896640608,0.10662730570905003,0.10354952985425402,0.1310934986672405,0.1391175849012352,0.15504204538698174,0.1578175283592726
VIES31,0.08915991654803593,0.09447481998329459,0.09320986526782847,0.09948637159433103,0.08856550210217393,0.0851308813512031,0.08626804269198078,0.08656869651328854,0.08815385012919387,0.08873447368265958,0.10087661358414782,0.09040674383504889,0.08925647830148406,0.08721454266533417,0.13433980554941605,0.12422188201863203,0.11528294711510048,0.12876298750917953
VIES32,0.08146929646784361,0.10652955010548465,0.10012056767085,0.10778309442487302,0.09149694505132669,0.08833322719660804,0.08978390082732356,0.09963855941884714,0.09415807215133273,0.0940249788198078,0.10166508656484971,0.09923212623278052,0.09655034915300145,0.09933632315375102,0.09894916900088614,0.09930846035250132,0.1051740766940082,0.11020974592764249
VIES33,0.0954401421428074,0.16903440954306143,0.1569067276794929,0.14887510994080072,0.1445896353526166,0.15215790570838522,0.13392652150444098,0.13444716115489014,0.1266631298636798,0.1422288998304137,0.14852821219322027,0.18310862224715527,0.13830700585435052,0.18423952505723665,0.17912881153285273,0.15753332283695945,0.14348077788141442,0.1666930284836665
VIES34,0.08206685862445258,0.09755395969389444,0.0903706816037672,0.10270633118507687,0.09635732738484608,0.09442763429802847,0.09712898858230969,0.09537321396806595,0.09338334822706233,0.09745956271526075,0.10633410646188425,0.09892312643891045,0.09908656650001223,0.10216783464544697,0.11092339578404839,0.1126716468524805,0.11584051764853785,0.11818489098489061
VIES35,0.09904630641330278,0.11158643198842877,0.11219512994654596,,0.1067346877048244,0.10438220128670518,0.10758492425798553,0.10532245723561152,0.1010939182642538,0.10778091237771166,0.1143589208010667,0.10876206547111589,,,0.08129750805209067,0.08163598119892954,0.08178110808072962,0.0823064499326041
KAZS1,0.08943371984596968,0.09801415598326005,0.08277193729446121,0.07792127520996397,0.08814762514086193,0.11084915477095093,0.09962401524800811,0.10480864995119676,0.10073816113470149,0.1001729141533902,0.10126316710981088,0.10912885641686372,0.10581105550904638,0.11037104137073842,0.10271214012719276,0.11258454755706646,0.114270632030351,0.12296907852796805
KAZS2,0.1688652726699384,0.19453355410452394,0.16240145251721366,0.157333834072365,0.1951200395188113,0.20654665721566387,0.18974577131207174,0.19626329016733052,0.15611315932482106,0.1730367211852181,0.1572199119908696,0.16573072092355512,0.174106397048424,0.16343187325946007,0.17250970561725038,0.2175898424050935,0.22278586749924267,0.24328619012725117
KAZS3,0.09204098698060767,0.1059731418032721,0.09491260461485489,0.0921738526777015,0.09947396285125884,0.11737853368269371,0.11472111049857368,0.11298931805631253,0.10827763354487048,0.11449726213005389,0.11390344301959734,0.11742800025106055,0.115627373869337,0.12232674029614381,0.10601867154151952,0.11386266063834251,0.11172960084439461,0.1115051524216087
KAZS4,0.11888995178796238,0.08656713858762191,0.10132112149927153,0.07413822589109438,0.08354278304435823,0.10097055102984714,0.10414030759718493,0.0842768078717528,0.07761428027684708,0.07807713893678622,0.08656767324138183,0.08475352732574043,0.10472431079130216,0.09041986059624826,0.08113558035176055,0.08117577235659242,0.08274789689112139,0.08349098859618202
KAZS5,0.0793761983980605,0.08763596901474578,0.18165420121548106,0.2632465574754887,0.2076922371755197,0.2878305969683457,0.3030770716232314,0.3713224107994249,0.1915830331031984,0.23379946498929913,0.291808655718882,0.3761181216176084,0.3703907781127278,0.1950468567219095,0.17434404797267197,0.14555716256108198,0.17448969896066494,0.12588625644709792
KAZS6,0.12002315642858596,0.11476373995610449,0.11675714098508973,0.12900015750606722,0.10294138507017639,0.11128132962036277,0.09628127658503552,0.11113396171721984,0.1053737255089868,0.10709514839368779,0.13692023179270424,0.1536643188020081,0.2057280633091061,0.12400445086988457,0.08441816955455415,0.0919992367270866,0.10196406174097776,0.10899184784249209
KAZS7,0.11840235741498885,0.12056355172893178,0.12644581216757617,0.1097234705231222,0.11333222861871553,0.15081542882296434,0.09618351709976641,0.10920992883816531,0.1053067757277976,0.12367618515905843,0.10417425355143574,0.10290165125200391,0.1060538733255766,0.08899633688741983,0.08645110846036917,0.08957191728860354,0.09430583025742233,0.0980510450039493
KAZS8,0.10128181850179467,0.11981651883147006,0.08944624247474581,0.10326177978356817,0.09912777275979703,0.11630004628911339,0.12438792059827306,0.10169084627837736,0.10212323756633367,0.09217656460509929,0.09067292939800618,0.10009953265054052,0.08724406023362002,0.10450129481792964,0.08802151105021232,0.1065505864425832,0.11170195506880483,0.11983164617589784
KAZS9,0.19265583248571344,0.19888263519757052,0.12829036303965347,0.13512563348680973,0.1781691124113368,0.09828679341639829,0.08076120258266072,0.08312226808094383,0.08677198140575085,0.07900090664850382,0.07920881120131165,0.08405675369758371,0.08575611026360114,0.07847226870718586,0.07934598354548952,0.0925051781774326,0.09125694080058618,0.09516732663375016
KAZS10,0.16432908140360244,0.1591834059165016,0.14056866505453286,0.15263406461559526,0.15380323073787666,0.11872683327812437,0.13022392200713576,0.13196478262493624,0.1221570686058464,0.129500536116586,0.1315502791454,0.13374358400380704,0.13537131844147154,0.12674506240739994,0.12154346313316194,0.14864011804312197,0.1711746465410446,0.17633627665980034
KAZS11,0.09538869863290354,0.09716717009835407,0.0895539991113814,0.08759801492735232,0.08871977561926227,0.09554257120042693,0.0944123204450663,0.1011919860249172,0.09293882443374218,0.08321810756670892,0.086644831965484,0.08607987144491323,0.089748816559443,0.08360500146087357,0.08432258250650754,0.08808309831430328,0.09054949939674531,0.09308282137530442
KAZS12,0.1186345239190959,0.1218567602566947,0.10979004662855683,0.10710873010324949,0.12554245470881184,0.15101841065928578,0.12044045933000558,0.12283025265794441,0.12379548419185635,0.11896086242175062,0.12826246750076678,0.12586599554363062,0.130865067067648,0.1276975548650177,0.13934887029771895,0.15551464240848104,0.15577607404094218,0.16382234835026302
KAZS13,0.09989591489781059,0.10005354817867455,0.1087349367849808,0.0912489724015297,0.10972788735684864,0.11639336039549705,0.11926549877931435,0.10349612845756331,0.09333761625360562,0.08405205282773162,0.08616983922501173,0.08724585115828501,0.08575776194722921,0.08091728677548625,0.08640272853516147,0.09082212807915004,0.08969590748529287,0.09298900387161974
KAZS14,0.1649195886540636,0.167452275222546,0.11244842666025591,0.11698756966035748,0.1030954591908124,0.10632702054955186,0.08193887487107242,0.08318332664850006,0.080586426553536,0.08957989160018409,0.09233777809001664,0.07874127592445257,0.07754330319871706,0.0763664238537719,0.07384229484077824,0.07975978754079786,0.08030683011177187,0.08101973453019468
KAZS15,0.11894270924372133,0.11579211141763086,0.1261514459710119,0.11069138083904893,0.11499940910279223,0.09162799092970574,0.1054407836750011,0.14674524158007984,0.08117989789522842,0.12736897860535296,0.10912678806303563,0.13954629633087423,0.23382090469589684,0.20929270308925463,0.1531372280477254,0.17042043692023945,0.23929661715823972,0.22794552750812402
KAZS16,0.11431405022574709,0.1319705509388923,0.1182734081274133,0.12652610883873838,0.11274957314723243,0.13448693046413837,0.11381238253896875,0.11535757175384233,0.09968183979091466,0.13029819821578678,0.13142468372420957,0.12179791448347067,0.12136660136061492,0.11525645900823167,0.09796344039027244,0.10086040168606626,0.10887241968784267,0.10932064076606962
KAZS17,0.09133914721153036,0.09694628712506555,0.08853859346954626,0.08401756605992075,0.09859229469656505,0.09993952711855067,0.09656848635678979,0.10638861900029312,0.10053361351972794,0.08909539670423994,0.09674735358092926,0.10127842596657406,0.10084552100581456,0.08791343578447085,0.09205948282528496,0.10445163869072996,0.10090196747297808,0.10930352819916063
KAZS18,0.09905740308865389,0.1101036774236405,0.10242792675215363,0.09388585654448338,0.10230735771112265,0.12495680349708757,0.11520717187702084,0.12348596629527148,0.11606078767405165,0.10804574947075905,0.10619717424959937,0.11132620579505971,0.10504105098465856,0.10151706310073447,0.10415623834881792,0.1062258942504628,0.11430679595449446,0.11836893270975536
KAZS19,0.08824959527485024,0.08905748983539295,0.09459956171050221,0.08503842467041048,0.08821494299572613,0.079784242348812,0.1195419789511409,0.10756142889270523,0.08670206853041909,0.11461432844840086,0.10560116160902044,0.10616171993506375,0.10775957622331056,0.10004649447910728,0.11139541918637519,0.12912771303768927,0.15052945979370502,0.14775725723763128
KAZS20,0.11200457890348779,0.1387388539014488,0.1038389665221773,0.11432866205260034,0.1408033201745763,0.12693160743374335,0.13446164982246694,0.13521128123401654,0.12319495862197409,0.12063652038378533,0.11605409755135532,0.12510972280434043,0.1253178561087629,0.1193039501173556,0.12774160395202294,0.14989471416379896,0.14805015558127319,0.16021494121218965
KAZS21,0.07948160556292318,0.08922786803163758,0.07829740650439565,0.09141058137043456,0.10254805431423619,0.09477274928415876,0.08815148119095968,0.10708784258842965,0.1035139309406356,0.09748542927354108,0.10033578887561316,0.1053905595436029,0.10312908417595036,0.09856302485277381,0.10630599177288334,0.11242529697465398,0.10805520553749078,0.1188303930474922
KAZS22,0.07016672701440314,0.07934887520197144,0.08186684008301578,0.08511671544604457,0.08565962575342383,0.08756583523561969,0.08585464556032256,0.08890951574100689,0.08705178864006853,0.09119043164814401,0.09339444825428338,0.09186010997478579,0.09202585496783379,0.08875561118401092,0.09077654151743508,0.09554359547980867,0.09205111078594871,0.09435309217907921
KAZS23,0.1268173902681079,0.14588671535384995,0.12947077200171703,0.12450326766188917,0.14126800846473103,0.16162484169000585,0.13024563994688046,0.13306933548196703,0.12358316178130774,0.1234070101387955,0.11894791215161153,0.12730512354644938,0.1275023651063091,0.12181107594372093,0.13586508952767756,0.15411599458227018,0.14881897115379575,0.15413060035608875
KAZS24,0.1250901670271525,0.17092060683866384,0.12555324055024766,0.10269651905384179,0.11548091407359655,0.09249533442916928,0.08790015656297104,0.08306953512353994,0.08075797564735225,0.07908067070534025,0.08406573634279835,0.07986395003366646,0.08177836243451705,0.07895978748134608,0.08058345094800941,0.0861377757947054,0.0917916656705127,0.09671583752596488
KAZS25,0.09558563369881809,0.11631330199271998,0.14869837624887586,0.12446129215023528,0.15516969982621848,0.10016760801634303,0.08941719697650168,0.0913296744094881,0.0851103791339275,0.09363411274064228,0.09014125167369323,0.09692839394503827,0.1061984282799675,0.09346115837567279,0.10614476544735782,0.11454040890926963,0.12947065936991717,0.1372500964710489
KAZS26,0.08666753789649136,0.09656834728901353,0.08632678339311484,0.09370585360798438,0.10341965765284557,0.10506587412432215,0.09806767374458109,0.10118326524189163,0.09262355396182724,0.0848662309998054,0.0894075964948361,0.08896441313037542,0.08989412918159463,0.0855626525107948,0.08851237035814945,0.09747792070425182,0.10561904013257062,0.11191148676133206
KAZS27,0.08463518103495352,0.08978242142279205,0.09067596486723359,0.08484123421562324,0.1011109764868397,0.07972103441585636,0.08855109469306122,0.08630936465170737,0.09278819179433567,0.09170550434380767,0.08948644754418228,0.0883476425584092,0.09226643266348841,0.09080225657827894,0.08642978433338867,0.0814309385002739,0.08485975483804477,0.08904339900513403
KAZS28,0.09934195877291413,0.10220073135279871,0.08493330137239377,0.0950872425275405,0.1062629840354458,0.08525084368986957,0.0952786803752244,0.10023059375703595,0.08744389067859885,0.0793439295046027,0.08842608024643041,0.09099891414793371,0.09109767302904649,0.08921581368946187,0.0893874170147619,0.10492670756477158,0.10751467487743677,0.11490386452637863
KAZS29,0.09044813260955417,0.10379846023468844,0.093558132623967,0.09084872686797721,0.09570275114927972,0.09359089447435022,0.09877022655082748,0.09816050212531943,0.10008839550190596,0.09880048391682686,0.09724537929424087,0.09350735086702734,0.0893968239923259,0.0870878975877152,0.09331661896511508,0.10687695361720088,0.11346779211662739,0.11976585226674345
KAZS30,0.10344913919674904,0.11742107563766727,0.09109459342642295,0.09526548058181267,0.12445508706599914,0.12061316371296936,0.12000440336094567,0.12871200743363645,0.11350516622235204,0.10730228799411456,0.10477260215034341,0.1117269163943037,0.11256686626162657,0.10110207048497125,0.11490176944441839,0.13112044304368178,0.1256475298373262,0.1376339654547294
KAZS31,0.1512847847162947,0.1435307640626537,0.10782319552709436,0.1319373206153392,0.13168403505450788,0.19434265649592694,,0.09687901545827074,0.09909550129007676,0.09879064903037366,0.09264901140131865,0.10006818926741162,0.10220069645522399,0.10069024231261464,0.10061362801556561,0.10145718565388082,0.10664872857397643,0.10865719739237181
KAZS32,0.08411223265772932,0.08225758382346329,0.07904733860565029,0.08179971445249698,0.08453707063468005,0.08150343421543309,0.09350444677788969,0.09697959377830011,0.09948451658369731,0.0967729121526396,0.09439106751361881,0.10245760195653358,0.09685690143543449,0.09489434526261233,0.09828120254826123,0.09463376777009871,0.10261243013609572,0.10474858886298745
KAZS33,0.09410381090906142,0.09520209248762902,0.08571098574674012,0.09205034361641959,0.10681534589636543,0.09282234967092656,0.09825457829129156,0.09252804647871808,0.09904699699901634,0.09370218906559624,0.09600213887289576,0.09743602723287277,0.09884792699010944,0.09919104949498042,0.09709758877713237,0.10198107946752276,0.10707001440289794,0.10602505951579076
KAZS34,0.08622190280974805,0.08761354974142188,0.08353259004092321,0.08390818095752445,0.0889639184622949,0.0846033208799507,0.08762952300634252,0.0944607977776608,0.0980474765973651,0.08844014703147132,0.09050314855257673,0.09449638157955352,0.09418165679661065,0.08554362418952585,0.09103843904925911,0.09272299372365625,0.10219348061124389,0.10783060417659655
KAZS35,,,,,,,,,,,,,,,,,,
MONS1,0.06721130205768623,0.0730439647018913,0.07316181836623716,0.08989701962879924,0.08649885678320268,0.0921081154452045,0.08313287382942222,0.08821195942744876,0.08352613098752343,0.08548020636323217,0.09369394107260179,0.11578205931768923,0.10624023605634157,0.09350418568932592,0.0888484585244773,0.08141130984667623,0.09127011589025581,0.08432698623911912
MONS2,0.22805697999493252,0.2679276184515369,0.24193288110743508,0.23758926926525306,0.34799922890637947,0.2980171837978224,0.2656975843333334,0.2713682092136626,0.24402760822261899,0.2174016978648217,0.24774146482420634,0.20826099107837556,0.2988075840429547,0.2702490173457203,0.26934536390715613,0.24989324930954357,0.20894570017799305,0.2260882847891138
MONS3,0.07118210079022146,0.07018116871295604,0.07449413259100224,0.07308014697650576,0.08106640578028171,0.0872150185611192,0.08893837249589967,0.09507705159372373,0.08399249909976017,0.08768260656303287,0.08778980468617195,0.07985572867932358,0.08001516961138018,0.07548273510527657,0.08293576527956509,0.07253766978781251,0.0721607463096062,0.07696876639615995
MONS4,0.07913027397323762,0.0776989641546935,0.07882317416937,0.06971577572869601,0.07828567425114354,0.0761055536601685,0.08467605274603912,0.09674116680399553,0.10455750452174233,0.11159499183940584,0.11454287243168489,0.14856650770702876,0.0730003421276083,0.0682901119714341,0.06753615398571068,0.07519656342662819,0.07045481045517658,0.07480054783159504
MONS5,0.0838662862605738,0.08440969757573687,0.08539907060000541,0.07722271641547498,0.07344609276413269,0.07344828862547653,0.0730653594628533,0.09038477412800579,0.0738099761604138,0.08031677991352644,0.08445883059505412,0.14562672837772514,0.09691749287421829,0.091158552723695,0.08187345955094816,0.07951442006509093,0.07707155757448327,0.08111442782749674
MONS6,0.09339244030307534,0.09242774866599404,0.09890521758678421,0.08434684455329039,0.07110921756427258,0.06961802828353654,0.09234298217520011,0.08606213165775776,0.07549583056820838,0.08129428523021234,0.08569610243961591,0.13518008866678777,0.0731447513376395,0.06880528236569922,0.06547236339636386,0.0909699905093993,0.08743734908716558,0.09109491022863078
MONS7,0.10135664745553737,0.10652257978202628,0.10532281381954248,0.10158040223909058,0.11222407879677862,0.10308277170069952,0.10930499245083342,0.1099202379880937,0.09903745264500166,0.09932868762942636,0.10284382462240235,0.163138307776335,0.08623313550695459,0.08064337470315382,0.08072168233877508,0.09382491594535304,0.08792378986224861,0.09270605113604206
MONS8,0.14408239513644064,0.2028965621171814,0.1843241538610378,0.13816409225602572,0.11093732258202012,0.10551176839530932,0.05868526208732251,0.056220254024798966,0.05861610918972404,0.060299350055275064,0.05977623644962735,0.05794021764782783,0.07864204599116369,0.07199384339584648,0.07415330929449103,0.09371907114106484,0.08433614389921949,0.08771254917920049
MONS9,0.1216471886035871,0.12766585221816312,0.12652625186695562,0.12510320974820227,0.123586672275864,0.12149200021622265,0.11747668399439166,0.11943279213223794,0.11795986455934818,0.11382172659975173,0.11961669285905219,0.1009253834533788,0.078608213205963,0.07579698303754187,0.07706103169365587,0.20749716422377998,0.2006183964690211,0.25022025137065745
MONS10,0.135763333139798,0.13967970473129349,0.13856592497017936,0.1409601868872243,0.14173317889232256,0.13669469223549574,0.12533017830706022,0.1278896673554972,0.11422656332927836,0.10749891063502412,0.11388465176828018,0.08319599988463502,0.08015357777840576,0.0772950213134999,0.0777485001003055,0.10046810559614867,0.09220491924833041,0.0997101616626838
MONS11,0.09727300174962218,0.1047055639983667,0.09390191112575562,0.09366069670495891,0.09210555396541978,0.09154099985180626,0.09331648684281595,0.0946090895125983,0.08678519608541722,0.08214772790186649,0.08654776277473493,0.11639070346044375,0.07024465724199432,0.06777517035984947,0.06425442978200861,0.075777835528659,0.07127193583624145,0.07524367136798606
MONS12,0.12473456781383795,0.1536044731687505,0.16022516222936117,0.151181192048655,0.11915598470625065,0.11503778936431991,0.13704686995566312,0.16211184360178055,0.1569328165293873,0.12127932258172565,0.13954996050728385,0.2747171860758866,0.12620519434332533,0.11101293850880126,0.12074951206075082,0.10915531592125843,0.08538614946386495,0.09201152573746436
MONS13,0.10067788258202905,0.12669968728255782,0.14966383892348104,0.10486816455289766,0.13897275920848914,0.13052445348523883,0.1200094428953725,0.11876852528187683,0.11397537862421472,0.11148023200237012,0.11820903326198874,0.1825739173066391,0.07862748505920625,0.07575919865525664,0.07611644950683555,0.09702132037402977,0.09097924204853801,0.0917051754603072
MONS14,0.13226688213623397,0.1535369176675807,0.14517679452620558,0.13880137634022816,0.1407136372913552,0.14462447549512247,0.1409522315795548,0.13333566640924646,0.13129309581823573,0.12297282626182778,0.1271230558755655,0.17558556844015566,0.08421854723233842,0.08074702883653648,0.08245418736667473,0.10405415883813131,0.09639088830140974,0.1018288458824635
MONS15,0.1448636004259105,0.18166784366831443,0.19134228970751618,,0.10201973268650621,0.1158606052416542,0.10376306967937957,0.10177543565792481,0.1256597512529294,0.09015989957749995,0.0893869320074566,0.18420013278922343,0.08976894567027749,0.08918662186312964,0.08529135795625234,0.1060137799614213,0.1033394816751816,0.11135241182662094
MONS16,0.09482324976505034,0.15724807455824022,0.11019917008173163,0.09360312251904655,0.10328396723774283,0.09292310576654152,0.10566693244200925,0.11745815704620736,0.10679723592481263,0.11079496932326204,0.11478721360834741,0.1783627663469066,0.08241326676943093,0.07809855016992094,0.07740133190610654,0.1003675453367153,0.09344177277588109,0.09956311131094461
MONS17,0.055028801970479685,0.06078970963989285,0.051433276139753986,0.0471659134731025,0.049902786333737896,0.05140794359187085,0.0502955825923521,0.08310100902121109,0.0736777199787,0.06266635282283524,0.07317954332667716,0.08763641781549351,0.07414739644021306,0.06643892587385546,0.06906363823611385,0.0660032058592342,0.07528983027602107,0.07730739916332949
MONS18,0.07937231672893064,0.09178736498907468,0.08479284732634781,0.08654050871636962,0.09857433410769893,0.09488844144511738,0.09869450416134662,0.09333348350572268,0.07805066039992038,0.07498789488017187,0.08122283064426096,0.11244848710162725,0.10524066009754013,0.09587350035442674,0.09296405787047018,0.08645735612577327,0.08485312853749727,0.08840170165651742
MONS19,0.112588397617171,0.12241795775409227,0.1237438413450269,0.10846028883470968,0.10410291118433551,0.09056769383241112,0.08520854269654586,0.07980434482177007,0.08128419310358281,0.08215431021629678,0.09624251924465127,0.10996739576381885,0.11417131646687828,0.09392108402309016,0.09428483897787467,0.07822650614617492,0.07237571022186572,0.07539290418794786
MONS20,0.11003233718706562,0.1326136499048771,0.18420382088371903,0.11025934740544677,0.12076984774530844,0.11301204344471252,0.09613357751606602,0.10541425633783291,0.09815892410147374,0.09341791363037993,0.1141162231933638,0.12857534570121326,0.107956299323037,0.09353927235889656,0.09507457485238127,0.0776569624680453,0.07394522604600541,0.07740401062335071
MONS21,0.10412772943460234,0.11718032511053489,0.10747974241582275,0.0968128222656453,0.11503234079224,0.0847496258981359,0.0826554408391955,0.08773665549850274,0.07800248709392876,0.07977540255534589,0.09285543438432822,0.10318981325652664,0.11332462482598413,0.09028787288222453,0.0930356539879426,0.0741297842322459,0.0702095029837873,0.0722817792799189
MONS22,0.10716513625312712,0.12117337741115919,0.11651767904781793,0.0938142845454007,0.07881346838510925,0.08922916139565616,0.08294950362117115,0.0869276159498228,0.07942924636642675,0.0828158769081784,0.0768306538792353,0.0860906752657227,0.0997996120665931,0.08555498924666208,0.08224808690303254,0.11171856573312286,0.14894754471539184,0.148101555301341
MONS23,0.13895927079234643,0.1522914048880164,0.14629079624183183,0.1305188299228408,0.14874682302263614,0.11945415048986101,0.12835299084413782,0.12161712024923982,0.13419059906036931,0.13426473566317143,0.14582422350886054,0.16804303648134794,0.1584329162141749,0.15512013213535986,0.15074338917199492,0.14998100424072403,0.13553968797820806,0.1452822421547274
MONS24,0.1883265952414775,0.14740925883044145,0.28697610848871097,0.12900013837723198,0.13352282589815231,0.15442540343631267,0.10043686266212047,0.0989037792414217,0.09236185484476093,0.09155661229943841,0.09685682082566552,0.10871617581764328,0.1412493764007451,0.12338011424434295,0.1301877294600258,0.0797597005157698,0.07959463066320008,0.07929476579490613
MONS25,0.24017817293742572,0.273240718195216,0.2732884264309007,0.20826422274268983,0.10007316157937617,0.1436838319252731,0.1442557837363765,0.11754171513801392,0.0987136490995815,0.10049077358880153,0.10755549522137796,0.1304317128183643,0.2196442163492269,0.20265607991596662,0.19819399413978084,0.08307403209156287,0.0755801077057013,0.07959223052300156
MONS26,0.061864172741865585,0.06644911653487141,0.06146753245598986,0.06062287550637237,0.07116445750006932,0.06554481873378534,0.11527617878130278,0.10523526305510998,0.10316593838113759,0.10367049829876561,0.11227435269917582,0.09780234791605823,0.11968972352842056,0.1107566967670874,0.11527614262099758,0.11936129689423126,0.10666670054430286,0.11031555442728765
MONS27,0.07142309512318723,0.07491531252241819,0.07690893013626694,0.0830861841584964,0.0805460679021953,0.08840906486417319,0.10364551582821903,0.11230558749351326,0.1046578625167727,0.0954823128500885,0.11306496572914768,0.12749111381115494,0.10576249263297792,0.09689661605777199,0.09177808782201999,0.08462197173925659,0.0805158084282721,0.08574162484411377
MONS28,0.06417519204044884,0.06718323763521236,0.08043917396226877,0.06616938270908632,0.08650666961682443,0.06882616160072114,0.07235527798665602,0.0797729127593677,0.07761616387911222,0.07836237031443519,0.07992476946861747,0.07421188082303946,0.08119965661635481,0.07421077302485495,0.07879828634964357,0.07040511685583811,0.07468498749213488,0.07685100672129071
MONS29,0.06411361318272228,0.06689139163948885,0.06301113478930095,0.06074677986454928,0.09624922740467258,0.06521206548151952,0.05921048677647814,0.05808187253697445,0.0680959087886463,0.07406134671327429,0.08298883193295661,0.07259395140220877,0.0576190136960226,0.05573460971222382,0.057222320887370365,0.05669220471751293,0.0609463332265972,0.060084518894897125
MONS30,0.0730793094904914,0.07686866664669309,0.07399876445544622,0.07628278398168985,0.07923957014390093,0.08671885337467056,0.07940943369820311,0.08940435569167716,0.08329072807471319,0.08180022980318898,0.10916758374853608,0.09972705424562797,0.11757266924813885,0.10650301168889079,0.10933342153800045,0.08624177412590578,0.08032403713772077,0.08455657712979676
MONS31,0.07735446279728694,0.08250239037462363,0.09588377969258643,0.07814446830700132,0.06646143841897793,0.08169319424715543,0.07581864261935835,0.08626787972377824,0.07775956640688834,0.07496946317670376,0.07982610617370922,0.11755411068410088,0.1385988971944816,0.1194659201928962,0.12397395036986451,0.08668698760245326,0.08052718152806346,0.08099866454295146
MONS32,0.0749005007013907,0.07824026184859796,0.08992365283628193,0.07213809425702557,0.0770334034953591,0.07660253640464765,0.07549447039084736,0.07924363320329664,0.07534206141870882,0.07586068552953962,0.08179293310982834,0.08983256852585918,0.08436066790547929,0.0788852788605033,0.07931874109680517,0.07333978526951936,0.070775096768818,0.07208864257904632
MONS33,0.09214117460659367,0.09762204644176442,0.1185546065552968,0.09371692456944002,0.09556089612985809,0.09698443666516952,0.10874557269733741,0.11413981925517531,0.1131987298122537,0.1099375294347395,0.12206339071378498,0.10914473044474067,0.1220869980703153,0.10981328699449155,0.10779090406615,0.10863842255670798,0.09295288862619251,0.09972514478669814
MONS34,0.078980479276741,0.08582978906554652,0.09017037768088726,0.08048781535708367,0.08138310282206239,0.09084998177165095,0.07996556083914616,0.07551950792910246,0.07475648978604661,0.07831013218770483,0.11313375245989536,0.06889572539768514,0.10308983858617224,0.08661712679783197,0.08716113527009553,0.0751136233845022,0.07128460245375749,0.06753363938531323
MONS35,,,0.08338910802202734,,,,,0.0829713530805456,,,0.08126385929785535,,,,,,,
SRIS1,0.1173554301188893,0.11195485603319927,0.11106737461427958,0.10345195653618419,0.11457849989932219,0.10691567313706563,0.10996691403680572,0.10281844697144267,0.10064255289403118,0.09890413689149492,0.10337935672235969,0.09797478453328112,0.10396271767789578,0.11182408415648043,0.11666646018654124,0.11698127966942329,0.12347487630393823,0.11406318685325832
SRIS2,0.10949020939525266,0.10900776796516035,0.10084685410797231,0.10003389425152254,0.1077987511340511,0.102701088265445,0.10226220626932553,0.10190728104964172,0.09511840984254923,0.1017850456726363,0.10118897988336921,0.10322970531462045,0.10240762709921082,0.0975112545576318,0.10585492999697181,0.10657263849652955,0.11498422978091928,0.10328237468191491
SRIS3,0.09101445219809332,0.0885236317518604,0.10030175393516508,0.09127187563184638,0.09418237221543896,0.08862933704837538,0.08920409395849324,0.08487277793122568,0.08214569629329176,0.09097438227534603,0.09155192702735454,0.08540526457331891,0.08152902191801535,0.09650698421290164,0.09157082872082713,0.087606088720139,0.08339170875968434,0.11218289990950582
SRIS4,0.33213135892648604,0.34468040775379477,0.2606090020985847,0.1530740128452503,0.2020338287245179,0.19380421388030214,0.17245212494063364,0.19779726570718628,0.12485420254563297,0.14457699824461945,0.12787636428023114,0.11673906091786795,0.12799987514576738,0.11323045328317763,0.1454291789845825,0.17169211185678246,0.21548586211045695,0.1477470361171821
SRIS5,0.08361976896672853,0.08358168116479842,0.07494644049812664,0.06902834135651385,0.08028763521605504,0.07739294560696304,0.07797737044881134,0.08098157820309726,0.0768742827796665,0.07778999849190295,0.0783651337042009,0.09167841117145138,0.08215798346451997,0.07595492215963433,0.0777029016622755,0.07800663824248648,0.08206432167246341,0.07610011717511851
SRIS6,0.05867364576215906,0.06471451758533536,0.07364582165415431,0.06945149561017504,0.06685999274567181,0.0673543786556443,0.07178011932061439,0.06936972880982778,0.06736048938149738,0.072090885328492,0.07404594559504223,0.06853862763450032,0.07157979261644927,0.07404812783334597,0.07644399195175253,0.07524699977386438,0.07120265265523353,0.07970027063471817
SRIS7,0.1523672904657532,0.15247270716115086,0.11897632767909062,0.116732867233806,0.14811073914124362,0.12529024012377676,0.12003325271030808,0.12484702227819366,0.1055174023030536,0.11686969795686017,0.11729405949426491,0.12238638950121589,0.12292029414638786,0.11715600188808578,0.12495173262781456,0.12883010763198233,0.15305759559918156,0.11588694069119196
SRIS8,0.19200793035282193,0.1914021940873201,0.1790102944579887,0.234301856202198,0.3378533331358925,0.294960181684614,0.2786956653445572,0.2813396642576709,0.24961608059337254,0.2945481751623689,0.31163955226038925,0.3518018258134176,0.279266823547531,0.31591460194505766,0.35886107561178765,0.34886054447549936,0.29017731760659116,0.17029300347247392
SRIS9,0.1233257563463013,0.11748219713185143,0.10312017309121374,0.10222836936537986,0.11287237320613883,0.10724311177978238,0.10724772909839062,0.1046484068140777,0.09514368235033382,0.0993372566575985,0.1013986050855946,0.10204716739521438,0.10708867932721916,0.11169850838561443,0.11315369698745223,0.11639549719993661,0.13308114916805378,0.11009574643502239
SRIS10,0.15712655714418988,0.1350179688153799,0.09590500928500299,0.08827076042849172,0.11799739019706577,0.11448591903228114,0.11338402686172587,0.11131447785189452,0.0958024747556836,0.09759232974642608,0.11282782445508567,0.11946397506056183,0.12693925266935308,0.12908169101691572,0.1286027323834328,0.12791750682888353,0.17328600619030837,0.11313153900727772
SRIS11,0.09012735323781082,0.09031788126863988,0.0870991431474407,0.09408580748452176,0.09646779715478261,0.09191707693194721,0.09065976919358723,0.09026415421160473,0.0839491686729194,0.0935433457501552,0.0924272563124285,0.08870784617322831,0.09342528463546908,0.09240316639702513,0.09444626939105306,0.09777599317850302,0.09952657400032443,0.0980477998319065
SRIS12,0.15596589713388023,0.1506625517464833,0.11866338428530276,0.11320302254384054,0.1333869573108464,0.1285147335890035,0.11953190052270343,0.12114011715346766,0.10562480923771564,0.11438150186459249,0.11576195445478402,0.12237690167351085,0.13060600105369127,0.11365858038575646,0.12764326251276487,0.13667950427715123,0.17836168977839975,0.12218307219952794
SRIS13,0.34789478236474164,0.30238727187267445,0.15864720573753022,0.15529294843765434,0.30840545680446657,0.2935803649933803,0.2863447223613221,0.2896288851723274,0.231547378624672,0.2746579428105538,0.27504880679269944,0.283842429218485,0.24020957160401452,0.21376147022661987,0.26849784439163527,0.2687024899246499,0.345721541978635,0.24097812658473305
SRIS14,0.3071546249610142,0.20773447468981335,0.12109583863806682,0.11853526595467108,0.15166511471346222,0.1913280059655535,0.12463174665050876,0.21383200824089676,0.10798670044707656,0.13286036054396858,0.12886728920246332,0.1701873657721423,0.1666207651111749,0.1384489777867407,0.15543246398941196,0.17304475217187476,0.23580195988457084,0.1419657948255146
SRIS15,0.3650562080865268,0.36747186310508667,0.23054897714569678,0.2363939039944373,0.22171251064294822,0.25214050312856423,0.18842320286733194,0.22620183915686318,0.1920005170733493,0.13119452219590216,0.17601676051412668,0.16416846306878857,0.13799699838169677,0.12128256513484537,0.1329885021320739,0.19000522493324712,0.308893249112567,0.14208237802612664
SRIS16,0.18974629081851507,0.17125730172015013,0.10867665723867924,0.09346395780495174,0.09749570182526535,0.10770052915870965,0.08948649257234124,0.08979262088912993,0.0790333063603951,0.08468686394583871,0.08415808563171982,0.08488070920969958,0.09158079950595563,0.09324116806666691,0.10638077493344683,0.12006787975567586,0.18916479149671406,0.11399770603744419
SRIS17,0.09765993127683742,0.09770746384041365,0.08456306414655358,0.08469819388242401,0.09284965997091492,0.08774228281054809,0.09098020405777218,0.09054021345252833,0.08064119030408295,0.08644465855751977,0.0884966712264195,0.08938343617353373,0.09145454597736823,0.09556556675874524,0.09667040910816249,0.09060378397190237,0.10021894895112553,0.1043807546059173
SRIS18,0.08878629715851911,0.08405265096956396,0.09028662352706503,0.08519970181083707,0.08639342087312389,0.08032428951666266,0.08312170238904704,0.08270325804505278,0.07777257844822297,0.09049922570642725,0.08992071393474772,0.08454548028652446,0.09016452171984073,0.08983636084577272,0.0934907122498867,0.09926899228666168,0.1220158033550182,0.11018586124012696
SRIS19,0.08408941451094279,0.08345923345470478,0.07990403127967001,0.0802644326766888,0.08608155197468732,0.08391081792792109,0.08365504121329764,0.08413333497065513,0.07824563768278012,0.08052221664882614,0.08060599775135115,0.08123111152110667,0.07992883395017074,0.07831846788885388,0.07604316121815997,0.0737211360026605,0.07398864549399918,0.07859448907975346
SRIS20,0.07911866631976518,0.07788611011050121,0.07137603433721251,0.07089066371430673,0.07345350937406203,0.07072859291181231,0.07307057444353965,0.07413293614995359,0.07328516655143193,0.07427075314613608,0.07792549944574273,0.07768444975675008,0.08213684193057119,0.088619414466706,0.08389010228094414,0.08666142688540718,0.07922057542515219,0.09761695220171768
SRIS21,0.09031377529071888,0.08788515578852203,0.08504337091968427,0.08311847893052951,0.09079794604914965,0.0853636687017469,0.0867891793855878,0.0883491545735541,0.08095748313795831,0.08723636987195117,0.08845144321736755,0.0899367224635793,0.07849547681456542,0.087111744170528,0.08001068949594058,0.08191775502332437,0.07550003484047979,0.0949574626538988
SRIS22,0.1251138122916459,0.1250261244503585,0.1016735462314004,0.09036963161578998,0.09469396786973899,0.09144305786736005,0.09897794385289294,0.10610171758319976,0.0957863784509865,0.10593370778626744,0.1069053629745295,0.11032544803096349,0.11074972113700118,0.09302409647004858,0.0910199527294865,0.09464765235831243,0.10514780328653027,0.09982849508830531
SRIS23,0.12635344148007543,0.1296287550429826,0.10445900918999762,0.10157719905432733,0.11686133520199302,0.1145820075225805,0.1127357273305095,0.11536273470670888,0.1118921879479303,0.10962087278735748,0.10909457693236088,0.12040359233475752,0.12584633736566414,0.11486903783315823,0.12254598014105123,0.12466996766046948,0.1441894738105788,0.12215517618032909
SRIS24,0.3064752758785997,0.29859331374568293,0.19611785050532457,0.20482921682060484,0.24576429301255256,0.24568237217635533,0.2370041163551242,0.24360915755661897,0.2107639656352641,0.2402040444419632,0.24579775839671847,0.2642232794179323,0.2796352756472644,0.22281211409323537,0.24849586893398845,0.2030726474646628,0.236272584976979,0.19141916923476723
SRIS25,0.3298703952496503,0.3290184207782917,0.23460501338985995,0.23308015998774048,0.28345794157700654,0.2622838024735748,0.2562382077795831,0.2607044195486925,0.23098910763018626,0.2602749694722541,0.26482412089639307,0.2750507604222205,0.2543055516375206,0.12549124270267725,0.10750535623553649,0.13591762287264525,0.18709049002282604,0.13324122327807836
SRIS26,0.17694901125847626,0.17921042486910296,0.13584165049001018,0.17436563895465731,0.22075116368640527,0.20262508486349892,0.1929235657408313,0.1978823932143141,0.1736018831300535,0.20071854494417238,0.20164486880240426,0.21481519760822282,0.2637955607767908,0.15768045206291081,0.15992797488384278,0.1476923704228202,0.19649544346196343,0.15780629384180997
SRIS27,0.11514670477990763,0.1087486549369022,0.1216440313412699,0.11637858456320307,0.11917306219026835,0.12982261854413205,0.14988423642645923,0.16543663919065105,0.14508783356953533,0.1658296883550233,0.1763201113120726,0.18724354148088618,0.22074874909031258,0.09546877358935679,0.10519405386843082,0.10972057552036346,0.11329193034014491,0.09755472208604533
SRIS28,0.09099999965783387,0.08731882610885872,0.08623889744836136,0.08837475467783161,0.08624541012453117,0.0885843435059137,0.09422693400232637,0.09411964586531966,0.09396796393033693,0.09998977106428239,0.09895905425867965,0.10252556336309931,0.10594700272651396,0.09734749993524985,0.09650365132352799,0.09536651291957302,0.09739756753235983,0.10849879333358027
SRIS29,0.08453318075085638,0.08254107521343931,0.08441102062417866,0.08447405010224499,0.08529254845631155,0.08378355863997407,0.08387866960579565,0.08394450179494276,0.08180265668570677,0.08779878441151356,0.08634904417060801,0.08800336969126524,0.09312134987511726,0.09394438201467926,0.09649252830456388,0.0916223376985962,0.09307526177337101,0.09864080672076038
SRIS30,0.10332822630270966,0.09852546434496905,0.08948836473231253,0.08677421286324895,0.08860937944655961,0.08475011167028387,0.08667345705981587,0.0885634808381843,0.08622453216069279,0.09374093572118115,0.09268148995339617,0.09703760152809415,0.10471633592128543,0.08865948484762744,0.10465738399539844,0.10036252711736875,0.1155021991754818,0.10761207027534773
SRIS31,0.10544624254232988,0.10572617598002731,0.09577188641669579,0.08757214706558161,0.09332659967739326,0.09120111141723042,0.09199039721864362,0.09342066054194224,0.08663018807285797,0.09147400006448328,0.09106328222805128,0.09179159557901861,0.0947036280528836,0.08163636841035829,0.08197680429515435,0.0780349660427574,0.08607243832420833,0.08362753805445033
SRIS32,0.08749425505145923,0.08665914921946564,0.08023920807450405,0.07641479773357213,0.08036416627517592,0.07750065478684853,0.0766833351295808,0.07623439628314546,0.07388696385864225,0.07699032725445903,0.07612062348560433,0.07630443090210191,0.0803254751649372,0.07821254939904841,0.07856385634328844,0.07724809441247772,0.07753478019138155,0.07737403789146613
SRIS33,0.10998932273321461,0.1103027924484724,0.0943669485620316,0.09192803920205828,0.10126264006632493,0.09562253069510467,0.09432848333910539,0.09561906311490977,0.08710490650133197,0.09297325180859278,0.09253198701911275,0.09529563284647517,0.09925410266543908,0.09762735663601865,0.1073210305201311,0.10755185235588537,0.11597722814560589,0.10466946475000694
SRIS34,0.07143148293540288,0.06950099730318901,0.07382854731510548,0.07403309443252172,0.0749772483457632,0.07391356837630547,0.07695168289298297,0.07816031635919078,0.0789544522128718,0.08264660018776171,0.08133294968139756,0.08283889243393712,0.08842865856484329,0.09160064121208145,0.09416851387997326,0.09068275228430629,0.09165195484052446,0.10338620396333953
SRIS35,,,,,,,,,,,,,,,,,,
PAKS1,0.10266493691775196,0.10660065134985287,0.1043448974349566,0.10566932915378004,0.112885873036762,0.11526863819428954,0.1172004409565746,0.11908619177561504,0.1186917517392781,0.1180561635749122,0.12030683921403318,0.11863887471675186,0.11542542474512371,0.11348973571375302,0.12314753451087185,0.12659291061733918,0.12512063124775202,0.13015951456108396
PAKS2,0.09284564799656872,0.09105999587093937,0.09330819407546084,0.09106778869479136,0.08904746358205862,0.08789501010432622,0.08895585438033975,0.08998414817611862,0.09091715111395136,0.0922508406648028,0.09423903616475918,0.09618521417879265,0.10178710865754971,0.09358755340969513,0.09824933541506775,0.10170047529764342,0.1001477567735109,0.10843580530504902
PAKS3,0.10496352251330328,0.10881945241180983,0.10431904812773361,0.10492343485340722,0.11400246751311412,0.11496576946072712,0.11539461700034263,0.11823520900722946,0.11804335945413252,0.11877558075298442,0.12299532645643514,0.12125794098447569,0.12341926336902885,0.1176953632747438,0.12934188351369835,0.13414664980110727,0.13171839955742312,0.14069899294866695
PAKS4,0.10704062583887143,0.10225495301380226,0.1051146852725833,0.10885617566445357,0.11395863482772389,0.12261017268594504,0.12751502177181231,0.12541748863111118,0.12063757218182543,0.11928639259240427,0.12058240596569636,0.11878167910322651,0.11855808997539077,0.10986048033145222,0.1296140058041013,0.13483136173175694,0.13049959332437805,0.14119518050875596
PAKS5,0.07660273233226941,0.07780975847416192,0.0759874029931983,0.07614603509387143,0.07808110512446914,0.07812004841382324,0.07791859857960351,0.07808172675707149,0.0778873010750281,0.07758809130862772,0.07952149569973915,0.08194249532500499,0.08008686564394936,0.07906430536869384,0.08435979982850639,0.08389525700247498,0.08301287687551379,0.0851545742208785
PAKS6,0.07643934272396348,0.07830108940383657,0.07671340491940434,0.07705168664040249,0.07809017875099686,0.07733968078123185,0.07758213911663821,0.07814322315808334,0.07851122319179323,0.07910455167307576,0.08091566435989421,0.08274404451515696,0.08419772875121564,0.08296885599708671,0.0851282351784726,0.08237002279206088,0.08184703708334375,0.08260238141537347
PAKS7,0.07348327510271174,0.07584158638270437,0.07343271250936856,0.07433018190931741,0.0764003080652537,0.07583566885120026,0.07661418899535591,0.0779134288481982,0.07702297749778579,0.07834973524302108,0.08120741164491857,0.08382014285995708,0.08698936733974041,0.08034726221717364,0.0871150891266072,0.0947351408278243,0.09107291862062553,0.09889305178015198
PAKS8,0.11981291854511068,0.14001218642987973,0.12362662434652782,0.1239238937451518,0.123600067680531,0.12836623901866515,0.138675500781004,0.1408224810069295,0.12879297463136696,0.1245820116354732,0.1413997234575808,0.14811921166656403,0.15328806322094435,0.13834989473378523,0.14361181665152678,0.16030985242576645,0.15120635223120343,0.1545754072064516
PAKS9,0.09353759972199012,0.0993575234259705,0.0986544181253898,0.09727710417660074,0.0999558051812863,0.10074999210711479,0.10406870556630313,0.10495426806399055,0.10516484276226438,0.10731529733177571,0.11100800038924485,0.11192571538134477,0.11468580980817115,0.10683635449078606,0.11657423955082018,0.12886117392058893,0.12064440775031159,0.12982117809419372
PAKS10,0.09783557927529553,0.10108909271208334,0.09614963928967067,0.09473840640915067,0.09526670166049635,0.09619876180043364,0.10214184395935269,0.10215090517055436,0.09416416946272838,0.0919834134842031,0.09640936698020884,0.10481397259486044,0.10383427147467408,0.10027937656844554,0.10328195726861755,0.11511795889235509,0.10290202647654399,0.10346829847702954
PAKS11,0.09260942469782403,0.098114716234521,0.0939375325534979,0.09475507779246856,0.09275767432876553,0.09527371084799745,0.09826014902244008,0.09996349165272922,0.09594353602029859,0.10010065440144161,0.10316227061328338,0.10816458120859047,0.10761209889423771,0.10408265697656614,0.11910435079725441,0.12293408469479937,0.12425418269996127,0.1352265636900314
PAKS12,0.0966203687795888,0.10048752532015645,0.09882452681807762,0.09591271530716527,0.09615035013343784,0.09651986741847848,0.10331751655610769,0.10503222132329348,0.10183176776960415,0.10146045774271076,0.10563310570949971,0.1117076209082184,0.11117893715146526,0.10478326865459943,0.11085363870965075,0.11506809242949674,0.11026993706643236,0.11872928740731081
PAKS13,0.08952351336271869,0.09323718048339154,0.09069471687388088,0.08807615094139269,0.08685527086366368,0.08809241662401517,0.09212680204835223,0.09310800243370171,0.09037948240143308,0.08890303527487045,0.09286232506743261,0.09696912530077909,0.09697430552304405,0.09375642871533602,0.09555706636855897,0.09846007112617106,0.091645548429972,0.0943896637683749
PAKS14,0.10846582035064176,0.11718366242507998,0.11044035861907175,0.10838801963779594,0.10412431699561508,0.1088104539528977,0.11448645781191036,0.11256119180527993,0.10359042705224521,0.09980409560966073,0.10587018304551049,0.11596603516860388,0.11667491270895468,0.11459087834084086,0.11587004758288308,0.11574549172461704,0.11310838303840177,0.10857713537058274
PAKS15,0.119686625793547,0.1319957099079728,0.12519752289833289,0.11884231858789325,0.11644710195811638,0.11782801077524913,0.13136570772066136,0.13100593415100403,0.1157089081958551,0.11305849412094238,0.120636325648844,0.1355553364719075,0.13026519895650732,0.13000399380034347,0.13297642282150138,0.14465592553784715,0.13534863918493745,0.12274229710359881
PAKS16,0.08370129385876274,0.087463436711913,0.0828888888400816,0.0844872284447499,0.08473362739909521,0.08549838532804749,0.08810635291770154,0.0889132503136656,0.0856089932033113,0.0862331397860932,0.09260466935939966,0.09335837163456173,0.10206191031880911,0.09217624241545162,0.10055734028257025,0.10361047576370373,0.09714680757427697,0.09464635996952238
PAKS17,0.08670230663553678,0.10833411942675056,0.09183088698676994,0.09957120397806213,0.12028851450203236,0.13080605258147032,0.12985603303199333,0.13177648183532215,0.12428849606649264,0.1255598698114524,0.13134429386207555,0.11098891586186138,0.12889789755497297,0.11770385019009169,0.16397206107348603,0.1911190704906554,0.18128922251204443,0.19804196938790097
PAKS18,0.08800843234567704,0.09161107174506991,0.08921041512034793,0.09037616080745291,0.09027888402002261,0.09084209424191743,0.09551713597936479,0.09760366670897344,0.10098817184977957,0.10346358824670175,0.10772690825702334,0.10308182763463966,0.10261749938529446,0.09673682538001856,0.11278406303365307,0.10654676318670737,0.09922650826683778,0.10841147000730343
PAKS19,0.0775905921476437,0.08133805758104645,0.07846905133574915,0.07808703134195442,0.07825822678680251,0.07805547346775124,0.07915297690101647,0.07923548859274207,0.0783410110858187,0.07974965972129198,0.08247330321648956,0.08473779465058442,0.08814450981557337,0.08115408326360467,0.08571148407682738,0.08986044099055157,0.08466472497521767,0.08919997827076304
PAKS20,0.08927081313697463,0.09347762315779826,0.09358893624276086,0.09052987302816931,0.09822526376566622,0.0932997430639155,0.0991695249238648,0.09871286138261337,0.09592077259510996,0.09553920223875541,0.10102341445280653,0.1004884527800942,0.10391797805180925,0.09399923295396485,0.10319028872037284,0.10248307607382019,0.09879406698044531,0.10575027123062197
PAKS21,0.09527269450292286,0.10016167998999037,0.09765724573084919,0.10055538497564846,0.10485776548352947,0.10435285989570212,0.1095247212370119,0.11072500553705675,0.11336893014900004,0.11535042564191941,0.11948471845980857,0.11372254407988096,0.1161676738861907,0.10899293683651835,0.12205990381190893,0.11940843675753635,0.11435729783639899,0.1206501862796444
PAKS22,0.07774140332553706,0.07851363948425202,0.07835959352839776,0.07950188529027337,0.08816775197075134,0.08847759469363634,0.08721908970943527,0.08996050096201079,0.09037776991875529,0.09223722338545709,0.09540528303286627,0.09214262595933621,0.09362749328399758,0.08792776461925332,0.10700893458865925,0.09173416947133667,0.09718475662609745,0.10941279033999654
PAKS23,0.12131025054957109,0.13370731118286935,0.12662394254683854,0.1365272248024581,0.13438984125367698,0.13510702514443654,0.14929148946218262,0.14822413359744674,0.1489939944195704,0.1488262991305174,0.15805998380627792,0.13032082573399584,0.15137194409270743,0.1415943584240339,0.1546973080965936,0.16887019829681066,0.12909445666722613,0.15248130272865895
PAKS24,0.09373422881223904,0.10247612437648508,0.09434594473235712,0.09419430670694054,0.09163664860872858,0.09280329707435221,0.09362437827490487,0.0910514418675093,0.08755852753948551,0.08591786052319006,0.08859820149973076,0.09291933115607899,0.09006395745716698,0.086642500976605,0.08931854612627745,0.08847039583621705,0.08777765492551172,0.08634801637639657
PAKS25,0.08138529444835585,0.08823485606506005,0.07874218473011718,0.07864070113730307,0.07968200547027196,0.08280397807185437,0.0825610353754888,0.08109017117033138,0.07984568674346813,0.08148907815863925,0.08323512306883465,0.08408317681103679,0.08769454427097365,0.081868683617522,0.09041955703744695,0.10342716482344197,0.10924311353335488,0.11881095807611992
PAKS26,0.07797883263312627,0.07720316712067088,0.07867733048375697,0.07982745820976288,0.08088864241446315,0.07715261029938161,0.07817607022154803,0.07944676883013757,0.08316588410641682,0.0871528094954183,0.09000498264214284,0.08800958257126004,0.09350908337959146,0.0857621413171765,0.09029341661806263,0.0874466506923732,0.0842631757952972,0.09295785317035007
PAKS27,0.09354733111987053,0.08678107270222837,0.09006248841286797,0.09230596597149716,0.08680597048883651,0.08012784190985477,0.08303434508151765,0.08406902625054555,0.08833630886401644,0.09505253092569009,0.09815034275355229,0.0973151718116068,0.09970146409879937,0.09319417751951571,0.09867861556646303,0.10081334662137337,0.09689726062994349,0.1069430885592306
PAKS28,0.0923006678931514,0.09282533952019344,0.08947909668863392,0.08821846195874296,0.08689960795331579,0.08259608458350004,0.08166098356010197,0.08319504304305284,0.08415037974554614,0.08545435887029848,0.08926294675003839,0.09011920611207508,0.09765493301580525,0.09116912477140816,0.09089623847613389,0.1005000817494112,0.10596130373428722,0.11403010662476576
PAKS29,0.08635125783571801,0.08762258120732339,0.08307854635873048,0.08440791690523111,0.08630515470069251,0.08264118894379108,0.08273749966629511,0.08443006421051698,0.08722495703122209,0.09068383147468496,0.09389242103435942,0.09308476428549026,0.0984378005974906,0.09174382877990134,0.09640746175979546,0.09988021081545645,0.09698629505202624,0.10186109928348588
PAKS30,0.09631891943468673,0.09166764557003268,0.09563665003029527,0.09229315007625948,0.0879049625831423,0.08514195928832377,0.08629776917679917,0.08939915124859701,0.09320476075292955,0.09671361445960831,0.09983910634430458,0.10182994906685866,0.10408786591110374,0.09909567395835679,0.09954674458148126,0.116587063507828,0.11856664239009145,0.13211168692218186
PAKS31,0.15918536412459386,0.17042045308135328,0.15093837685012493,0.1457686641470673,0.12311427167306968,0.13589781282263327,0.143680123301631,0.12198472309084174,0.12403055474509708,0.1187126039478763,0.11969174628336934,0.1323431025765172,0.13202793381394923,0.13688867368574736,0.12897125140034937,0.13171885728332203,0.12362054214421003,0.11647207273957727
PAKS32,0.09532617587296495,0.09794743989337208,0.08773805573735947,0.08585456855421451,0.07795817198957641,0.07976640800907107,0.07917594825647113,0.078409330103729,0.07750994434060898,0.07747110217592318,0.08155581934410626,0.08414430849842375,0.08986710167670595,0.08344809499934738,0.09249554555495833,0.09330585644511769,0.08828119846154271,0.09669022676636992
PAKS33,0.16097698737124047,0.17044015150180616,0.15840330085056345,0.15625213486725595,0.11505651999555792,0.13295340153242644,0.13310061832420342,0.11956953993045363,0.10660026074579751,0.09839832324373088,0.11417326938446813,0.11768388336472722,0.1231816945493102,0.12180404024772362,0.12200346131894171,0.137863674645713,0.13532223839534174,0.1379785566457497
PAKS34,0.08995493124557172,0.08969531557362366,0.08779937966439579,0.08596555017995952,0.08219981853023534,0.07971059052163652,0.08131914670261925,0.08260291555938691,0.08397226210515989,0.08684683660533178,0.0907766892302203,0.09408186834849518,0.0975848074142956,0.08944603644836592,0.08974346434073448,0.10732563270761486,0.10677572449045827,0.11989460389543447
PAKS35,,,,,,,,,,,,,,,,,,
FIJS1,0.07781998318878647,0.08340731886698409,0.08787090592281223,0.08507363813749304,0.0856176802042203,0.08167376123963914,0.08791308416616453,0.09951690034998953,0.09116418457526711,0.09123487400807306,0.10037998547213528,0.0903251546378118,0.08652762667751722,0.09332658180250397,0.09919214793669494,0.17624128160650634,0.13080341164197257,0.1290683113151481
FIJS2,0.17814032052664672,0.1804967460852574,0.16749035864485232,0.14456313377361307,0.17338649914401785,0.15102364450691413,0.1698909597299443,0.16535269851558512,0.17749972150736745,0.1631646687122148,0.2080338305838158,0.17844098504671327,0.20030394048517122,0.20801754325319283,0.29997325472951236,0.3625652081694912,0.35616868002045055,0.31972287195535637
FIJS3,0.0933969227484219,0.11347929899157261,0.10307408870560768,0.10541864905939698,0.10651827365230891,0.108178520189027,0.10968663634883818,0.12842575918134844,0.11482120408380825,0.10706463327595914,0.12159871433574602,0.10616570623399581,0.10655192832544198,0.09322272321596911,0.16015088795396562,0.2894796696879464,0.2367975040821902,0.2108612431970337
FIJS4,0.07006706688427385,0.074105762421552,0.08615884143105361,0.07354502667742845,0.07313836811463872,0.07385813434863228,0.07312087978416643,0.08269739272954382,0.08024404326874926,0.07921246196820934,0.08470340275357337,0.08567529429813553,0.0849521143557202,0.07915272115463672,0.10221912170980602,0.11294022877820385,0.11270313426867998,0.10215844832207668
FIJS5,0.08857929805074677,0.09087759793458511,0.0838409898686747,0.08569752498485546,0.08772583044536822,0.08671089045299096,0.08922427005813699,0.09582826791687565,0.09266651515321682,0.09162371670642988,0.09894742016232452,0.09260453268261143,0.08992792091932088,0.09392233134063026,0.12546893128232162,0.19189120957697173,0.19195863388368875,0.19152338887452852
FIJS6,0.07412318104508489,0.0789272772205241,0.11725462685896543,0.08215082531161401,0.08079533929789262,0.07843206829168592,0.07944482494017167,0.0904344748269849,0.08252334856791214,0.08256213359597431,0.09853214273529726,0.10744954728084573,0.10119382724626029,0.09584964577084387,0.18880497202488922,0.3013239431491158,0.2904595236732495,0.28032673949776
FIJS7,0.1089371583631039,0.12243670550569316,0.14378057428821864,0.11229534165895384,0.1196348468063135,0.12101611664391437,0.12300713015412634,0.1442100321256295,0.1380597662544085,0.13387474795169862,0.14699369068400023,0.13293558380351314,0.13069809953081585,0.10881705742188877,0.11985905780471685,0.18340002753323223,0.19251444929394385,0.18709916269799826
FIJS8,,,,,,0.21953035798193318,,,,,,,,,,,,
FIJS9,0.08318773213348142,0.0854891496831125,0.07966381095476917,0.07738514659014598,0.07833992254802433,0.07447075776427779,0.07967171678853201,0.10144820647866579,0.08533202943931542,0.08196515508185553,0.08576547492730141,0.08448866791215236,0.08799375063215469,0.07385973139637955,0.08618118752660073,0.09996982417641109,0.106385749088276,0.10603744295653876
FIJS10,0.1250400438341209,0.14050856741935372,0.14789873480273433,0.12730613365285423,0.129560324947638,0.12877153485529075,0.13222210832715423,0.1521241600541582,0.14521843304435486,0.14484418422570786,0.15796064722342223,0.13739481607821266,0.1373322925715377,0.12874855585165082,0.13593862642111348,0.1695341189031795,0.1710919667791864,0.16376738583813624
FIJS11,0.07069882614856143,0.07008700877921258,0.06853950806778593,0.0684448827205425,0.07307762506208593,0.06904071947286419,0.06802080419655206,0.07828013570027864,0.07813417908291068,0.07706442467143146,0.08128591162056628,0.08767754555551817,0.0824600025624769,0.08333925662206151,0.1105346147901712,0.11142430618144684,0.10786284098883542,0.1075296591749326
FIJS12,0.09411605911200825,0.10215386991176174,0.12900914389001567,0.09563994788266526,0.10052770348113557,0.0984352310252826,0.10050177343258276,0.11343920211563996,0.10776250772250956,0.10631849991368038,0.11864859658847775,0.14849195564490228,0.13307686222608203,0.09590410225580073,0.14715314555045145,0.19336404923343847,0.18842449316619256,0.17807144022353777
FIJS13,0.12012944635450001,0.13678491775439133,0.19453547004507996,0.12908868179526223,0.13139400514615898,0.12895361237434794,0.13162041981638933,0.15183271084066707,0.1523007344320164,0.14928557518320218,0.1644293893545104,0.1668174115182987,0.14370697698871185,0.11508777019825189,0.1300383671295644,0.13130863069047352,0.12560006353325426,0.1432675178093827
FIJS14,,,,,,,,0.4897330257378663,,,,,,,,,,
FIJS15,0.11255106024357317,0.12099435767222835,0.18714965736525072,0.115505858408097,0.11791591618210205,0.12169657708991834,0.11963833419545158,0.18729454900748635,0.130838705221307,0.12879625484661864,0.1542092322383108,0.1329402751857231,0.1446585310876556,0.10639659661850526,0.11470547414929594,0.12416014977260952,0.15331985993804492,0.1408122748112638
FIJS16,0.06783467659006213,0.06874890671318994,0.08112435113805032,0.06620330304863395,0.06639653723297251,0.06583887654548636,0.06755748821491896,0.07244567534227207,0.07085442893240067,0.07196245837841997,0.07464371695250413,0.06997486350481753,0.07264891026488518,0.07279182043715224,0.08108236340964182,0.09975280877105756,0.08444410320003178,0.08625335630350997
FIJS17,0.10217155666024523,0.14992627334114683,0.14900753812224873,0.13196925396850195,0.12466590733870299,0.12429850856688475,0.13048707430381987,0.1153598741954184,0.11105642013285089,0.10910788851652015,0.11795931788966076,0.10251679009231827,0.11605603292244036,0.10832273134809504,0.10941182034793195,0.11136160546933145,0.10222494477417551,0.10633904911240899
FIJS18,0.07377233427358722,0.09307253663152742,0.20867403735844026,0.08617516859690678,0.08787311609119756,0.0912741352681798,0.08661230221521571,0.1418479647967757,0.13815869734114342,0.14006589496855834,0.1515307048884777,0.11551521913945056,0.09865422187481285,0.10644884630628966,0.10848888605977901,0.24526651933255275,0.19753422567439854,0.2088763587010157
FIJS19,0.08426970294544205,0.09276539149522654,0.21859191067393968,0.09028882491756246,0.09375602037583468,0.09181592920717974,0.0933323566027446,0.10188572796599206,0.09878515772795121,0.09963103505258125,0.11176870156642021,0.1956805698671646,0.17609891146943032,0.13491289695286587,0.18223441431401038,0.167983551454525,0.153273189971289,0.1564596214672658
FIJS20,0.0793054951225541,0.07839841783490988,0.20348315306763898,0.07883722648209868,0.0827585581738868,0.08284500467316451,0.07921939443610208,0.09909278851150252,0.0936129485588538,0.10239896898611159,0.12795510002255955,0.104256718473886,0.11177729543232211,0.08485815018414707,0.08957609705203377,0.09918189330587238,0.10871398297178173,0.10726664849670055
FIJS21,0.08263032295172226,0.08447681019095472,0.16058074943172027,0.07334411782764845,0.07537672382859961,0.07378121882051777,0.07674880486229975,0.0978244194810116,0.09857342176249258,0.09226924995687036,0.10275639369115731,0.16113381442061453,0.14108289714657507,0.08693466329245392,0.10867306870240022,0.14177613297379044,0.14864599684914673,0.15134180704005296
FIJS22,0.12121559323028835,0.17173141281597035,0.15804554501987014,0.1532654095614111,0.15396343040950106,0.1486506498966921,0.15522942695828165,0.17286135002092506,0.16463996963983035,0.1596339817327155,0.17165349350132036,0.153008693365567,0.14165382051398806,0.1397422947274869,0.14511723060313222,0.40364803586377024,0.40384829908546427,0.3628837140675822
FIJS23,0.09875218709734777,0.13336238540875336,0.14717037415240372,0.12834362538725408,0.13063700185264612,0.12561460408095323,0.13265679453737697,0.23123320147618007,0.21081199363912112,0.20559327834358054,0.24255796435052512,0.3208257871919674,0.34445727497481476,0.2158327616929474,0.27460372650779646,0.38202075121559087,0.38093287926540487,0.3481863062722784
FIJS24,0.09847996208004016,0.25465349378009333,0.43614963843935933,0.2513003574357117,0.25779630491338645,0.17765671418825751,0.24696676680143034,0.366490226638189,0.34518110034878413,0.342035743528402,0.3878692361298719,0.3544268039662718,0.33371065899669156,0.16777475297510175,0.21881524090515078,0.36985639459144426,0.38996799612849264,0.3642589174455048
FIJS25,0.15503356845432856,0.27989439386456955,0.3164630052005746,0.2914580692662051,0.29671802047431545,0.2837836339831458,0.2762779732743174,0.3754291961195066,0.3518581007004771,0.3350496620679119,0.3888686614532145,0.36994840514754973,0.390093429515986,0.3609854467730452,0.39555445386832055,0.49956460811330133,0.500555252616778,0.49818357555189746
FIJS26,0.08938321812340418,0.16510378389718727,0.2363232355289646,0.15743429929252015,0.16222351338414273,0.1504454327916466,0.15374324619045418,0.29436930774488096,0.27245586391146076,0.2603743282607088,0.3138916376450948,0.3318447641378519,0.38115466271267695,0.32153297130973796,0.3307555408367768,0.41268566966006265,0.38635840667483584,0.37360550853173674
FIJS27,0.09768862323037807,0.08941866707615817,0.12584316264535886,0.08325207970421071,0.0822853175509921,0.08581321107583711,0.08632045261354797,0.09437135390869573,0.0915342633046962,0.09164639785639565,0.10027906461663946,0.10625951839229614,0.10514152155454745,0.08715474103423991,0.08872699872191098,0.08606418721584203,0.08604813552916715,0.08661118572341832
FIJS28,0.08604477265591505,0.08203532878523322,0.16471578459180533,0.08351396825276101,0.08805667853174459,0.08412771765741323,0.08767184236600332,0.09342165243929952,0.09023573991810437,0.08861279048257256,0.09494170144210742,0.1025378874164913,0.09455434389275688,0.09058563954666227,0.09192497630253214,0.1288852880020195,0.13325015830149262,0.129147294747686
FIJS29,0.06623506289291857,0.06633006795835614,0.05761527611359274,0.06841394990608639,0.0689809414659559,0.06683199718795729,0.0691676816406831,0.07141764616483776,0.06963411290336392,0.06808206559408811,0.07440731410966715,0.08398579544874916,0.07806192680165987,0.08451048145884776,0.08262832585786699,0.06748808316918928,0.06947157953547646,0.07091877660906552
FIJS30,0.10578406333276587,0.09813866324066009,0.10538051951360919,0.0956954387210986,0.10154399642011953,0.09989827525586431,0.10326527293696988,0.08882744612130718,0.0861120554175402,0.08402964763188335,0.09924217442830426,0.09041684190997444,0.09189384879033705,0.08471494559571514,0.09405608034054855,0.21125040266378195,0.2176235333511275,0.19818024026540332
FIJS31,0.08594916600387857,0.15826507774385043,0.26677524055802654,0.09474406423903453,0.08750692130534846,0.09895755880537799,0.10587359007061325,0.179632348345736,0.16115862543721654,0.1664523220891956,0.19735062888122684,0.22379962819307836,0.18542077250243033,0.12790711872820484,0.15200776368631952,0.2562503745646424,0.2545871715909293,0.24596226318309514
FIJS32,0.11064210429763713,0.13961995924691303,0.3712207499280033,0.13042315239002827,0.10587045444476093,0.1606515428863323,0.14818791473573384,0.11783229328600468,0.1183806343172004,0.10704579887559107,0.11929748577565871,0.13153364932427017,0.12331147899456885,0.09146745086854088,0.11781213863376831,0.23666086573645437,0.23635938726818193,0.2293798311672687
FIJS33,0.1300269531862873,0.19376149883804988,0.18486333766383944,0.17405763410738087,0.1580810908900321,0.2158711113533978,0.20133704456365648,0.1921786115361637,0.17558242423056802,0.18208211734182128,0.20123572443335425,0.18067618970054805,0.16979243346425185,0.1540857532665026,0.17751325134031298,0.2611414307818531,0.24276721836645127,0.23037926300823508
FIJS34,0.09869050342484094,0.07891035793398495,0.07140634420884696,0.07398167872157096,0.07546817302349672,0.07561028022150904,0.08193157162906738,0.14529771550074602,0.13938197637468375,0.13648744505209204,0.14632881598826808,0.14604193691303455,0.13630326524204905,0.11526980824256415,0.11781514834434263,0.1298963325847268,0.12762502010079213,0.12664481406132416
FIJS35,,0.07517687754349876,,0.07140211979681153,0.07041352942563738,0.0725028993506514,0.0764789885373792,,,,,,,,,,,
LAOS1,0.11692053038411622,0.13290967736222029,0.08350929460724495,0.15340407369824702,0.09011906859784359,0.10555550865083017,0.08847899178191533,0.15229868134019448,0.14763003872154407,0.10979995758024684,0.1451728674926223,0.13534675338578872,0.1584086553986196,0.1133764392159222,0.14949109727014928,0.23508082532897528,0.212298810343683,0.25680455853535167
LAOS2,0.08321943278387339,0.12053589367438859,0.10909116176952496,0.18458136737766528,0.18711503660592924,0.21690056793605497,0.18329236052973805,0.27801332116913824,0.2670595062549432,0.19591557042219288,0.2472171173173852,0.24719028948844288,0.24407744471397344,0.20967202807036736,0.23746255467515542,0.33950838699389974,0.3414808857188598,0.3773540436583714
LAOS3,0.053534512904470075,0.05165659570843286,0.0611229484532806,0.06441546652993711,0.06198521291208408,0.06912210407850353,0.06613062564185693,0.06308514323912408,0.06283668920267813,0.0604347533639678,0.06203665251065893,0.06351102371830433,0.06505287755772625,0.06497627877320325,0.06598558568832034,0.08299614416418712,0.08587404705600482,0.10252178826024347
LAOS4,0.06327258145037158,0.06771688382061489,0.06518824342303413,0.0751677337192718,0.06927644768029045,0.07995353649766429,0.07246644366099178,0.08706989992362346,0.08417225448814633,0.07633823658301415,0.08379317083246164,0.08544013053542247,0.08375282338389398,0.0754645367578826,0.10023079397167975,0.19812160193461129,0.22119284163162345,0.21917922370950943
LAOS5,0.07393115848549506,0.07771158890141935,0.07703047552724701,0.08320889357644853,0.08241649951626287,0.11403897998575656,0.09401446674385049,0.14133511313462227,0.13772746082769935,0.11115428236243262,0.13261918356037936,0.1306224529308573,0.11477265593582321,0.10857678137799431,0.13353313820002705,0.1751345831548649,0.1938177217742854,0.18379297257447597
LAOS6,0.06317696690943182,0.07018738519804099,0.06249053409199529,0.09022332627627691,0.07326881365304436,0.08889763184400153,0.07716278136685081,0.11064542311466584,0.10384949078003472,0.08732588156600349,0.10336846656303138,0.10413732205175265,0.10573498693257594,0.05966166925846518,0.07472244494962506,0.08179393400955749,0.08384820867679318,0.10387190092892663
LAOS7,0.0791284749658867,0.08155607643400414,0.0745279300505983,0.09139530050368194,0.07825039285984627,0.09054945629883661,0.08014197050214837,0.0898439388403523,0.1010913498340331,0.09138301447942229,0.10703505260717347,0.121366755694175,0.12189138409855554,0.08392160242290074,0.09601516549984433,0.1503460807406684,0.15235069455999029,0.1789080199952184
LAOS8,0.08636155034768815,0.1019901759663748,0.08738942663724161,0.11985250081163629,0.09700280007516937,0.11811646553586419,0.10624573183251013,0.1316619740987972,0.12516942737367193,0.10421231087246226,0.12857852293272448,0.1268829517720687,0.12848469864844586,0.1011536758641015,0.1268866530750436,0.14209576809809915,0.15492269316569268,0.19924393341850435
LAOS9,0.08731964211501947,0.10208525878471486,0.0895687442128149,0.1202466785087324,0.09861920175261864,0.11890769613519078,0.10688574509043464,0.13737924542907734,0.1307506037145316,0.10941128373568353,0.12825119623268855,0.12649399149472818,0.12765093413960862,0.09586618554650354,0.10690205760294408,0.10954104019913777,0.12007050713813207,0.1549520692374899
LAOS10,0.09061945447565907,0.10504102607179876,0.0920775821296457,0.12309682810985449,0.10250457836656056,0.11869395443053089,0.10644778384041653,0.13531179223793785,0.13079053947205513,0.1101122774354888,0.1313071393185128,0.1290594145461711,0.13005389802077155,0.10278395060817033,0.13063172566844047,0.17927793376122783,0.1971761069375262,0.23038693629871826
LAOS11,0.07824484781064349,0.08871416219476638,0.08842764998696158,0.09429986887989572,0.08543928174354698,0.10087215227793307,0.09152536784693303,0.10530507472341882,0.10177784275674392,0.08986661694122038,0.0994079320387909,0.09278530983655459,0.10062337172554875,0.09097434880363597,0.09562861351128749,0.08709571151357846,0.08789435316251377,0.10173626443031952
LAOS12,0.11709824960931187,0.14418259910328118,0.11740537968154403,0.16817868011245707,0.1280345414361407,0.1551668834156301,0.1320529563376006,0.164065407989395,0.15551061217286824,0.1505184224590003,0.15778994639297944,0.15276376769944375,0.16663046842635318,0.12825567546740418,0.12967792260842126,0.13269960938310368,0.13734009990084092,0.16806514801678266
LAOS13,0.1615310392123544,0.17223626413349305,0.13636536772035468,0.27450523622955014,0.17959875442370316,0.22119906715130583,0.16655988052582332,0.20664055848493168,0.18731183840603766,0.14274463020142164,0.2033344782626956,0.13406103149035364,0.1536761346237747,0.0973863817590598,0.09004249712657608,0.08940524564502766,0.09270895377984033,0.09647046068507681
LAOS14,0.13824201410870118,0.18684492754280993,0.1423763452186733,0.2523959320199317,0.15034829404405822,0.1807727817169255,0.14682862880379033,0.21415474589668682,0.21366626221121077,0.17276815975632995,0.19995648221496273,0.19432738447464135,0.18964857628073847,0.12296390335759701,0.11817725892983759,0.11442091965869183,0.11776473207445605,0.13541089211022395
LAOS15,0.11926538674345748,0.14085365277666123,0.1220634705317901,0.16689711058224982,0.1344088047910447,0.1597922381591428,0.1380956814276426,0.18169643564631172,0.17921102085864227,0.1602403333125168,0.19126397614195406,0.1877617241372951,0.18442794568360577,0.12960089681419837,0.11947935756109922,0.11325006750978774,0.11417742403923176,0.12654871002025478
LAOS16,0.0738171484423408,0.07980360673356522,0.07268678187895937,0.08725988542120434,0.07363902030942632,0.08563720671540628,0.07855383711997498,0.1006747112542032,0.09724839109180529,0.08527592024520056,0.09305484153776075,0.09016631455749344,0.10236776863049789,0.07883498762313215,0.08557468610189341,0.08539811292883244,0.08542958612578358,0.09197893340935898
LAOS17,0.12002653452351451,0.1483919597692899,0.12055507895802897,0.0899921615688766,0.07294154902699483,0.08607232917942208,0.15931615581771522,0.2694076288517042,0.09571581933553508,0.09142728769128793,0.30294301494098047,0.30302825513271,0.298958314883124,0.14370064111860212,0.24062197553821407,0.3337572856806633,0.3418392905014572,0.38956841926583546
LAOS18,0.08151497677755591,0.098478374997808,0.08636744783257262,0.12603092699921314,0.09826299511223988,0.12225645814432257,0.10569012095362322,0.13873075490741804,0.13075850244445938,0.1078153096881126,0.13093611384081197,0.12550790608138843,0.1337703521638567,0.10981749153798173,0.1280873051290459,0.15917383800744286,0.15116337885553816,0.1743655671285568
LAOS19,0.09609474990875425,0.12738008136076232,0.09427100955538638,0.1555121667763915,0.11017314854118697,0.144112948181492,0.12427935636128724,0.16521466233362958,0.15085850680390067,0.12241587470835641,0.1356217543574038,0.13616778867376708,0.1221426408103641,0.09208556966619784,0.09854895422597217,0.16290959807566577,0.152035548638022,0.16866922833556125
LAOS20,0.08899387462723878,0.11765909173967987,0.09386857726057114,0.1460937784675049,0.104964431057405,0.14913588008319215,0.13775702787376065,0.16093282465077552,0.1458202717572089,0.12102553203970873,0.12871473585047333,0.1298570972967003,0.11768049173974413,0.08791872379924688,0.09779700034834123,0.14043781083362292,0.14207992779873954,0.15735280505847232
LAOS21,0.08134439289650514,0.11404281323613114,0.08605391919994339,0.13940715934782263,0.0983539182962704,0.14243084099989817,0.12342719966315298,0.15712903139225343,0.14390319996199383,0.11578767370760977,0.1250296123354384,0.1291285058674084,0.12077686588440449,0.0944629758736053,0.09837193980778755,0.14448980448084778,0.14984007520686407,0.16650083295401547
LAOS22,0.06492980129468835,0.06744699594872003,0.06644096260551721,0.07241375903530826,0.06660624821150234,0.07319204006388887,0.07409956005262588,0.07539342269529603,0.07305081105243494,0.06962552303608721,0.0728949892977827,0.07401478185630073,0.07299497894095873,0.0693404534501422,0.0696560237938926,0.07384619266790543,0.07252798604861592,0.07737277118444781
LAOS23,0.08738457625269433,0.09691013840597618,0.08541084788233658,0.11865316317275938,0.10082581388498202,0.12744386263002888,0.12382329205547951,0.1342347016379175,0.1253097153531393,0.10881593520336848,0.12304379472269367,0.12242268550531944,0.12447605730320226,0.11211291720439992,0.12267855097782147,0.14491264111671853,0.15039368207955942,0.18462607224476285
LAOS24,0.09973858836616528,0.11761474051207638,0.10270663389357236,0.14245020042239526,0.1184660344003816,0.1459275247086137,0.13437672340226567,0.15663521962673538,0.14745982531016605,0.13328954059678144,0.1542478371830595,0.15222605596196317,0.15205377468163223,0.11908785675671588,0.12123642612714626,0.12583952055787018,0.12728393777586902,0.1351127177449295
LAOS25,0.09134415894581574,0.10360723628273678,0.09355983928246174,0.1254224605044756,0.10739337986525518,0.13157345387936661,0.12339026597251873,0.14843889790473783,0.13979599422662875,0.13408150763550397,0.15489209102261278,0.15250385808246383,0.1534225632039233,0.12095159263264649,0.12347692068133669,0.12693339044069651,0.12942757099225993,0.13539442618988937
LAOS26,0.10617599443798491,0.12577700755530147,0.10808912604989801,0.14961493456320776,0.12281382583319649,0.14871369384834965,0.13180631207492924,0.15259451855781572,0.14495364404498204,0.1327862571538644,0.15633271998749668,0.1537235220902528,0.1665917540890547,0.13071572687914373,0.12881388578333758,0.14545326895221533,0.14916930895860495,0.1607000485202366
LAOS27,0.0728037801882969,0.08437557544246087,0.07568010246496493,0.09984692728542104,0.08466100193568703,0.1199148095752238,0.11356390888520058,0.1289964842244775,0.11262646457428321,0.09599232572430211,0.10100173446657067,0.1010019919198872,0.09520692381135208,0.07991964685284252,0.08644954530322001,0.10434129021433713,0.11575453507780424,0.15408123947020164
LAOS28,0.0553067574895199,0.05311725034146993,0.056120440666516315,0.05199404295116476,0.0617844599564088,0.07182821198752048,0.07463848747216431,0.0662273766251852,0.06464475945987007,0.06194619806505501,0.06092797728440036,0.06522235536933366,0.06454605298196238,0.061102949763046664,0.05862086782519143,0.05726990002862322,0.057809736095047075,0.062242834173539645
LAOS29,0.05305097424108056,0.055807213814014565,0.05716985105194652,0.060570288048315525,0.05712909988415727,0.06946502593759742,0.0692879969690391,0.06726593039195142,0.06589298409291545,0.0636051095208504,0.06557637733482173,0.06711930363484803,0.06618174210270807,0.06216406967363404,0.061970894226681804,0.062325388051973754,0.06312157794581626,0.063462857451682
LAOS30,0.06603559430804018,0.0671091667919523,0.06791738572906517,0.07152895870110026,0.06957990168714229,0.07762719069626745,0.07790614378795581,0.07479538376860162,0.0727543358703447,0.07011477781344697,0.07270010528170015,0.07414392959868785,0.07457317498895828,0.07046233099864462,0.06798063268024705,0.06613938272238297,0.06641523992267473,0.07015217416266178
LAOS31,0.07339512178518924,0.06421285204788663,0.10097814682566826,0.08212988877736888,0.07095126994517917,0.11960082312536616,0.08944792011371062,0.08749589276489958,0.08380308695406068,0.07276354919022673,0.08212919431787788,0.08369449977886274,0.07998805215562368,0.06640083982792347,0.07272063326742098,0.08382088436640449,0.08584039119979105,0.09622256236760221
LAOS32,0.07236074564283482,0.0757007542869013,0.07639180005071178,0.07867293964622327,0.07194174745446037,0.07738745951996781,0.07599635194182904,0.0825872906394878,0.0797415346402888,0.0741969199433156,0.08119706347283182,0.07981414435365787,0.08183850020364408,0.07702072693268563,0.07883385752935396,0.08925323786496313,0.08772739093939884,0.11546614772551025
LAOS33,0.2856162223831129,0.34940041873796696,0.29356217237718685,0.4079924951583195,0.3303592455956487,0.39828414337293755,0.40183225670310196,0.4581822469943276,0.4388512067230948,0.403363474439252,0.4161294448950538,0.4057982506451142,0.41666956295222324,0.3027599709193862,0.3045782709549257,0.3316527972953803,0.3499943484175676,0.390709580193619
LAOS34,0.07328782462717943,0.080721696120951,0.07785543275345119,0.09237563697793269,0.0818393659961847,0.09081345121370688,0.08393816787010043,0.10100803987172752,0.0964534147140256,0.08495589324643173,0.09570523477851753,0.09481819276322878,0.09499805285929526,0.08255653082606683,0.0835777702687444,0.09394927333743729,0.09376059299259452,0.10131292207413425
LAOS35,,,,,,,,,,,,,,,,,,
BRUS1,0.14364837903168404,0.1561295505834279,0.1617324950046748,0.16412659911621447,0.2000748504219544,0.17760523806961018,0.16779943767588743,0.14531427120798446,0.09448713283164921,0.09005987361862484,0.10796778356870525,0.12222985517809148,0.15323299053057848,0.14508017014032287,0.1934522111339128,0.1796416582794207,0.1791262058326649,0.17593633899577998
BRUS2,0.11068775479016657,0.1284681646982397,0.14164465573622712,0.13679670160935511,0.1423473001296404,0.13672613104657425,0.16929411831099758,0.14732596817448154,0.1273970141612117,0.13338508682412148,0.12092285344170307,0.11668507797691656,0.23600843904796392,0.31881921081367515,0.4486828216038858,0.4356677546530224,0.4041426860396256,0.3884397303956443
BRUS3,0.1720017109455537,0.1446342738802839,0.1854269209648737,0.17003071948615991,0.16054096704061957,0.17349427563290096,0.17065918724756046,0.17263658812869553,0.16264906930014847,0.16091334939955226,0.1846117832965388,0.18598186642036774,0.20486944317474418,0.19314507735932765,0.20487739950400227,0.16924946369471877,0.17556194117809582,0.17396785807271448
BRUS4,0.17009038413130892,0.14850464094924026,0.16499690072389564,0.16884994851670768,0.18816115206538164,0.1671853652401815,0.18338504543586068,0.17729081574425673,0.12427679920748055,0.12205997414015987,0.1403573502943681,0.15568937616676634,0.1593503753650707,0.14817460926704462,0.19663240195422318,0.11932267525536586,0.13626306421765444,0.1455475454843002
BRUS5,,,,,,,,,,,,,,,,,,
BRUS6,0.11805583095266964,0.10111967219105558,0.12729055690857077,0.13544966809144063,0.11880168646311233,0.14833895145074041,0.14843772762849494,0.1310791918803459,0.10876701046129232,0.11643875383763977,0.12759021925721664,0.13588349287270643,0.21003937854632845,0.22239778702450383,0.1933271707366761,0.07967847989788399,0.08412069406826332,0.08531419105589934
BRUS7,0.13276238920549482,0.11079875780530404,0.09161481357245088,0.0886998739947246,0.09431933315980892,0.10133344176754287,0.10021596148483834,0.09033538924577064,0.10851921393824933,0.11182036379303849,0.12706487093927732,0.12497901457332487,0.21843316169920202,0.23032776966695434,0.18366864712131237,0.0843576934002395,0.0904966242423848,0.08759465343562922
BRUS8,0.11519346694704506,0.12017816974548272,0.12228458545320924,0.12017018535836282,0.12129068934312771,0.12967880516149582,0.13245080105876525,0.12503548853707058,0.12157666647667055,0.13509584914836906,0.11747978970927607,0.12892663451036848,0.10377507178666902,0.07612147438995982,0.4544044709669809,0.45758968131211347,0.41432599957301086,0.40132568004745917
BRUS9,0.2545751339579395,0.21664427509424938,0.28408991029532304,0.31102284027815114,0.20804573755856196,0.25094537303637554,0.2628138019730669,0.1981135065277412,0.19839724610538514,0.1829168276174645,0.20018618956746917,0.21071721681920477,0.32089186908433653,0.26234093115438833,0.2761948374319398,0.13598842655676738,0.16841473030174717,0.16776323479961
BRUS10,0.11183701207846133,0.10009127654779748,0.11918910142200251,0.13249859614127263,0.10591984834714709,0.1204354620625046,0.12443178834464111,0.10991155927450234,0.11070365334863,0.10658219884516476,0.11569696472856396,0.11286943677137876,0.14859601933326816,0.16095775616261151,0.13761063011096633,0.07750520847643927,0.08247571594685672,0.08120904225595928
BRUS11,0.10517282041628649,0.09124470953855605,0.11658373625126896,0.13228749391051486,0.1525795180816217,0.1672949526072145,0.16418149625510398,0.13672664156426748,0.13320492151951271,0.1275690807647478,0.15258584437829872,0.16130642759696667,0.1838916666265837,0.23342210534526633,0.21533412914200492,0.18297750650860023,0.18482037212852975,0.17859164803827213
BRUS12,0.16794316684486854,0.11689623620536191,0.15706985363444326,0.14308431523818851,0.09437083001240226,0.10282396522331522,0.11743643031389549,0.10020801633216726,0.12167936351446348,0.10373034491533005,0.12841147402041117,0.1411596823005136,0.22830558978533108,0.226153806937809,0.22631518862222846,0.09180170452473113,0.11740433767669865,0.10520471233397773
BRUS13,0.2268869564633051,0.15285599963618463,0.2192945602390037,0.15064904317279001,0.14328921549207344,0.18525710926074782,0.16490156686622828,0.20109314000203146,0.234959308331248,0.19842207113279767,0.16149496181262746,0.19685220385358315,0.26102253019440885,0.2714732477077005,0.26784128651386324,0.09614574822659654,0.10604384296809852,0.0854756964137255
BRUS14,0.19350844161273362,0.2194693045032086,0.11607449477138392,0.13334947905164488,0.10150158454418887,0.12867179778237936,0.1318520694861828,0.1361421624789962,0.17773769439133497,0.11365083982426227,0.16022135674480453,0.14364563920186227,0.2910887050919124,0.22567387792659382,0.17199746579659878,0.09739474694096623,0.10691067110149219,0.0747163218259567
BRUS15,0.13146683626474598,0.1041451392934309,0.11474963027674819,0.12941975866273517,0.10180076718665806,0.12396655189776351,0.11276860149315872,0.19610924467739313,0.22573206899304804,0.19581351093123228,0.21159850832377405,0.22300340585441614,0.3290371608287407,0.27319192180210805,0.1091908175205635,0.0843292492361989,0.12529192299070296,0.08441492020169851
BRUS16,0.14261582854828267,0.15144095477074285,0.17176245125611672,0.13131280330950054,0.1329939328638958,0.1568518990238384,0.17811806566338667,0.1398002784837507,0.14135639787287801,0.12959734978553236,0.15362453163376885,0.18259535662860077,0.17701830650704264,0.18736796758331387,0.20073620058964145,0.22645328838363554,0.3340181597465389,0.30018101719232293
BRUS17,0.07866827675811136,0.08199477755342273,0.08479797429919268,0.08053609158497206,0.08557523891572123,0.09383149995825905,0.10200389140998906,0.08491384358202865,0.08864389816587408,0.08310212305197749,0.08514351937196309,0.09116971816371844,0.10989312285895733,0.10236781393069327,0.10869180564872771,0.0696032693933023,0.06904445994927973,0.06939437209004498
BRUS18,0.06914100519974704,0.08201453911002261,0.07912212254793982,0.09555196707269105,0.087959962080906,0.09319908333280766,0.1005474512420091,0.10188046590296412,0.18297504552328625,0.17105183055052242,0.17589370209649427,0.23728355971057727,0.2775872965993043,0.43138279787464456,0.43057901662571657,0.36902214338294137,0.29635111774219186,0.32413469956137547
BRUS19,0.08006392019246626,0.08570584715980484,0.0807738001444416,0.07043797459274437,0.0684542067000546,0.06456407039929464,0.06781482233965498,0.06738392552600095,0.12092832137929789,0.11746061588904042,0.12482948737312771,0.15078926077402646,0.17326426770994147,0.18362279645819007,0.19321500671158665,0.12301414204092904,0.11484507335909912,0.11236654810753549
BRUS20,0.19084879823647388,0.22165668966908653,0.19615618465407053,0.161925835761158,0.15459350835322871,0.17985525981026504,0.19790813919246503,0.1725040871498856,0.19115035963417362,0.18179556556243914,0.1931877492149534,0.2129930348020418,0.22857143976266517,0.2414462870650591,0.2273584427856193,0.1855386863401709,0.18732408727414365,0.1740669351519245
BRUS21,0.10265297714204225,0.11051669021997873,0.10585709452392984,0.08735049489567259,0.0876918612552688,0.0967859754055443,0.09584813340414286,0.09846809958326941,0.10489311168610714,0.10238390585770164,0.09815634375978788,0.15371141326937302,0.1531579725484094,0.11878397200549276,0.11827471189115861,0.0667487999287367,0.07042608327809423,0.06992949226991
BRUS22,0.1658502997744829,0.183176506571514,0.1835173820382088,0.16027669856794444,0.17140847189372221,0.17676792892160165,0.18234137853392882,0.19465724844772486,0.14493401991055888,0.1518025749128372,0.15468142195807189,0.18900577638423843,0.2057324242939791,0.16202838889275306,0.19242332976706358,0.15663216003394229,0.15988740059286513,0.15878803691886817
BRUS23,0.06913142003945971,0.07522988683786587,0.07922506691651185,0.07168152382428494,0.08538270965915885,0.09416325505165125,0.09871588321076308,0.09565514592794368,0.11149774423032019,0.1159976696032416,0.13275594710480618,0.18939081834143948,0.2897187158723094,0.17372302176548898,0.1489243290843775,0.07474460096538044,0.0849975525478757,0.08269598997390694
BRUS24,0.15741757393070802,0.17974186160825129,0.19565777970188014,0.14510531149120878,0.1332011582561149,0.13383025812539193,0.1295550920058386,0.13402830909551175,0.12015949743120324,0.1208264735798604,0.10509170020470841,0.1354146236706342,0.19786697147653068,0.11681991163905797,0.1918288759103942,0.07980409158650933,0.07883445477611936,0.07874516767440658
BRUS25,0.11014763939721262,0.12192028764867482,0.1469764641499488,0.11735935991254616,0.09500036435047095,0.10042161231131971,0.11293289450104185,0.1008364794200419,0.12006403353701725,0.12137260842545651,0.13104105526089693,0.15674900147923124,0.19760821063278344,0.12034090063596925,0.1053779085936512,0.0802043888406333,0.08544596068265792,0.08547695811836338
BRUS26,0.23355223139546027,0.2700383286322212,0.30072432795843607,0.15933461269569388,0.17203483742564135,0.20213172479847144,0.20676506244595796,0.1610166258204069,0.1802910407672713,0.21093386424833382,0.2187574537551035,0.2847775671517362,0.33696373012858566,0.29358360489710117,0.35987546826224837,0.30453427844367015,0.30000986554969467,0.29482180161076965
BRUS27,0.07699280219426546,0.08321508318356308,0.08309587150891024,0.08165802208347779,0.08610938271125368,0.10317514487925891,0.1108621983954377,0.09613046256497836,0.07333662721828851,0.07360690255729196,0.06956477520849488,0.07784647503071723,0.07807252380219344,0.06090385983879053,0.06446229217166828,0.04578657158590514,0.051266563137561345,0.05064735603774271
BRUS28,0.11264620262424775,0.12253026136187965,0.12523866597355893,0.11195158550801047,0.12376795489445604,0.1449915002234024,0.15162900278406422,0.12775423160091193,0.08601226531282968,0.07847495496821727,0.07705126859726309,0.08847381850863384,0.09153985084199759,0.0708964895039763,0.0749618641076917,0.05116400691650226,0.054144849126832366,0.05516225200199011
BRUS29,0.08071550686524434,0.086163931522673,0.08476028600914753,0.10611294851120255,0.12255405260349861,0.15525500409634066,0.1641879957747337,0.1356044148502255,0.10682467133083219,0.12995595880657995,0.11266845889050948,0.12973083797833254,0.1472982682803915,0.10609037420790496,0.10828383712608579,0.07029224120254737,0.0701961037923216,0.07136989429317778
BRUS30,0.12523593748974196,0.138366827204726,0.11969654831464138,0.16577719326525173,0.17236576795249953,0.1836986570155221,0.18266903486641606,0.16430165957761,0.18402601740563407,0.17106826334223252,0.1748795148662953,0.1759585005785996,0.1747814883223223,0.17230427010857632,0.17278557301407418,0.13725255627107683,0.13889047189955211,0.13928071466345457
BRUS31,0.07939339116852372,0.08670175844098843,0.08053406420162136,0.08684814016934032,0.08794433069125619,0.09466653154511637,0.09803354209345055,0.09045547566152737,0.09128486347644188,0.09211251886452596,0.0919970176880073,0.09512779039303781,0.11605297197178702,0.09911871495255299,0.1419957028520944,0.10479779585378055,0.1005509254721951,0.10063733944695351
BRUS32,0.13911401771436985,0.1492906352073697,0.15199552432672397,0.09145023371117314,0.10044443764996469,0.10358061999194092,0.11158154937540272,0.10724618932448893,0.09462392624005882,0.0939828304137777,0.09570104236351085,0.10482394450508299,0.13471579034655343,0.10690891861498104,0.13680664366505557,0.09920743405373524,0.10156187256549554,0.10143824946922453
BRUS33,0.16241861892124,0.17005424079376671,0.18134846372980407,0.1275554755080819,0.1396342284464436,0.17004441484939467,0.17607986402297665,0.1358554831765147,0.12302797823271068,0.12295805318196142,0.1239871978546471,0.14635437737688947,0.1957810654391222,0.1284059224465275,0.13220315790033063,0.06993028823371185,0.07717686436212458,0.07955818515327598
BRUS34,0.09095742598707608,0.09355900491456604,0.1751293137431926,0.07499510466157405,0.07886248300532402,0.08246147734189471,0.08410994432780898,0.08023971059462334,0.07262940681366459,0.07009222248533405,0.07315889643525188,0.08331869136182497,0.09774526061026376,0.07199118771873454,0.08023631492367413,0.05708123240858134,0.05759648983309718,0.058113157150848194
BRUS35,,,,,,,,,,,,,,,,,,
BHUS1,0.16200303150779988,0.17578124675764936,0.1733102320080112,0.1252481786089611,0.11707671871017689,0.10698271447875828,0.0936432344587742,0.08142939220370977,0.10633216615953374,0.1259683176754224,0.09450195419067071,0.09943554952642895,0.10520399024474889,0.14222632367321927,0.13752949584974986,0.09734218780036108,0.09790789574288412,0.09414890703622507
BHUS2,0.09504056386897322,0.10747317438788406,0.12888372078639362,0.11167890963280688,0.10891018603476896,0.10280983141833028,0.08950071981799831,0.07782637294327432,0.09783559022857916,0.09791695240203821,0.0927971667438033,0.08226964066846498,0.07193233296945363,0.0721111610435511,0.058952861834322995,0.09504670264187141,0.10277729191677919,0.1084367614086711
BHUS3,0.1631103138142888,0.15287141789591177,0.15612227080040744,0.1096514128765472,0.11323646351883702,0.10120260169484557,0.07675849919992496,0.08439591327845032,0.12316737376446671,0.12900735665580848,0.10176774112147918,0.1004516837078107,0.09118458219353581,0.11557296663511951,0.14755513353668906,0.10887641133529063,0.089433750092318,0.0958614367606413
BHUS4,0.10153863969824793,0.09202059360015792,0.10900745903831861,0.09407154636116731,0.09523323253927414,0.08428176080490657,0.08653667149166977,0.09046202085299294,0.09348157005616345,0.09352420685511519,0.08639134380440062,0.09657292498626624,0.10483988242038665,0.09884186006805477,0.10820092639249397,0.10762731489317015,0.11192170836273772,0.11678228768548127
BHUS5,0.0961858514083411,0.09640908661998233,0.09578691097529272,0.09845495677155912,0.09967754252205645,0.092019299036948,0.09793734513865288,0.09340551535368517,0.09963797433645752,0.10001126343502562,0.09377942897364781,0.10270856258707084,0.10877252697116738,0.10462404490033361,0.10890732942660036,0.10950120342809963,0.11034914356419417,0.11145147679722212
BHUS6,0.08690607651075868,0.07649759588856705,0.07533976621824354,0.07552843524500699,0.0741568000891938,0.06956500835596642,0.07470817857504534,0.07335450433881,0.08108498384822865,0.08048150273531149,0.07765480896958753,0.07901302647522485,0.08065306591850757,0.09393780699097636,0.09126776696417399,0.09119819713160826,0.0942195963761508,0.09860814014386589
BHUS7,0.13922597996927383,0.10939013063328062,0.10324981524279313,0.1021727934984053,0.10337305646883906,0.09303454198806697,0.0964286730470498,0.08975726600858375,0.10503797472026838,0.10618267400351963,0.09398785953666407,0.10993764569630202,0.13163652964985154,0.15677645213467845,0.14564601887259593,0.10482875699082389,0.10431277198934637,0.10696583852631075
BHUS8,,,,,,,,,,,,,,,,,,
BHUS9,0.07895244500477272,0.07697186874670697,0.06992008766617772,0.07276623578376133,0.08283589770591002,0.07399894956098223,0.06621170248595233,0.06413280054957274,0.06514822059940938,0.06965149198644673,0.06316164929955677,0.0631077675465587,0.06541948525581386,0.06612183077466618,0.0667783186780307,0.1025421883296226,0.11029083301494857,0.11623527502465096
BHUS10,0.15603262917567884,0.15661394581392665,0.12896862669024603,0.12893558106531108,0.14533456978491963,0.1306380698867412,0.10757430385877334,0.10338809659452267,0.12496486003448007,0.1253300795069828,0.10667657710498869,0.13108085692366414,0.14412652534315276,0.14621177614939998,0.13588040736967397,0.11386839022952885,0.11814530612550664,0.12544330006360913
BHUS11,0.06287866935512704,0.061754327985111566,0.0587202579924906,0.08535510084144385,0.08327792837314243,0.08339424290905115,0.06250129760647913,0.06530741341436545,0.05955123346332793,0.06446739995600766,0.061265298851048075,0.059389898811560114,0.06174406507098847,0.08165725774750707,0.08271259896702954,0.07887712198478926,0.0861348606394266,0.09125257197951515
BHUS12,0.1798267918827974,0.20661805523626772,0.18720614925879855,0.17922985248050688,0.18151026261887684,0.14966432338941282,0.147274976634207,0.13499936651071165,0.1950320034024348,0.17667897749860054,0.13509739988520145,0.19131081346420842,0.2051363446306523,0.2721602438121954,0.3622732372028003,0.2721166373881203,0.26298669627804927,0.2711358214652279
BHUS13,0.09298452426574523,0.09377607914118195,0.09226087667183733,0.09326585298326852,0.09135518928129056,0.08347312651867414,0.08450024815052742,0.08382278503488064,0.09151767667540307,0.09098432921647248,0.08561779589693005,0.09643736810815752,0.0992394141183865,0.12161361142020499,0.14168773923112593,0.3002361365317238,0.29406476841181955,0.2926546269451282
BHUS14,0.09265459078478124,0.1175715818069162,0.09391054479848814,0.09376637225816424,0.09230695306521103,0.08438359834301504,0.20118248088671842,0.10579579504228312,0.11607660643743617,0.12747108129349483,0.08857471258960264,0.10272965593524873,0.11965495295065916,0.17668015896490633,0.1991481381128093,0.268755380831929,0.26787329258779313,0.2760697088395087
BHUS15,,,,,0.23872794607393202,,0.20449397309675843,0.20573079424695587,0.23914483650843105,0.23678341421153065,0.2070640801949294,0.25202910737765266,0.26606184136785993,0.3506332808458899,0.3635078912691335,0.2668921732442826,0.26389737921773737,0.2694663236322988
BHUS16,0.06835605151385953,0.06985395803593218,0.0685046739248991,0.06985719698014789,0.07851027443940868,0.07720874176067272,0.07102245661812391,0.07076575781024315,0.0792157276115667,0.07827399035691332,0.07141332304758698,0.07348329468696073,0.06903298122791646,0.09269869427678648,0.10126106503157553,0.14214009372727063,0.13567123312082735,0.1379831238153099
BHUS17,0.2557468208765024,0.24052336961697265,0.25488735185957684,0.2317040290838558,0.2495772831541349,0.2385069794228351,0.2235998540464373,0.187135965524112,0.26043577453460603,0.22807179242894418,0.19856321636285454,0.24535014988739648,0.10749531560829848,0.13323056409820375,0.4209382505505861,0.2538704675631229,0.25226848395047974,0.10576815221474499
BHUS18,0.09406549175175505,0.09479285165791311,0.09771468081833314,0.09897968854121128,0.0954394309452023,0.08302956415860552,0.19382989759249916,0.09164185095585665,0.11195603764584715,0.1091995671420378,0.09152827343394056,0.09740155429018874,0.09863246717982119,0.11391362866285634,0.11626094400718852,0.12843623964909562,0.10849744299598246,0.10922482410930644
BHUS19,0.08698266104576885,0.0917581212194091,0.09313017919892452,0.08724715974676403,0.08684200242443944,0.07651850264041758,0.0795614098430332,0.07998783814829882,0.08403487121221928,0.08368128632642738,0.07695808234892375,0.0658078792975968,0.06489283118365743,0.06281556659250616,0.06174485479223399,0.10850342073560505,0.09768222379754742,0.09911807233216102
BHUS20,0.07755136112307731,0.07196122316427599,0.08181621242600032,0.0801528146681076,0.0829973264130119,0.0700175404108109,0.0691049253054719,0.06885718705088816,0.08178098174581323,0.08448596302130007,0.0722152231237551,0.06219130782504609,0.057708821362800346,0.0533356396469117,0.05286599475255136,0.09870069758122868,0.10185961108902829,0.10338205927054273
BHUS21,0.07061306329649991,0.07706908827755492,0.0646552566935613,0.08254075002972008,0.08033079249428175,0.07090818259624906,0.06337731302608757,0.06168535453813117,0.07190455431825621,0.08131216295783165,0.06460287626036626,0.05814023006384681,0.05377475481280556,0.05075931232309439,0.05178358232067941,0.11284445462505681,0.08610381471895269,0.08821288956418873
BHUS22,0.10920102069758283,0.13523205298701574,0.12161168771952861,0.12621876541527904,0.16225097467417923,0.1294675586800763,0.11422441735311274,0.10614252305855795,0.13376636005182252,0.11642371366836848,0.09578873432135424,0.08164154939479762,0.11366834857033334,0.12696157749888046,0.11710920940803188,0.1901952423902867,0.18568152261482657,0.19831693506469386
BHUS23,0.12617124508808264,0.13383089604731596,0.1267750548442476,0.14849351845343356,0.1524365070812378,0.140444233696819,0.1298148802346675,0.12019908040966837,0.16597885010586302,0.16592873333477662,0.12448241671741869,0.15130711285531387,0.1763216982717026,0.2046280580059801,0.2281614996502638,0.2497037123534135,0.24289359179516073,0.2587086666662634
BHUS24,,0.2516127225328564,0.24022385147340858,0.35855971342882775,0.35645189628919677,0.25373102149223115,0.24880773747384494,0.2379965473774979,0.2561317938389912,0.32111178041301497,0.26343255140333305,0.2329483551230271,0.23562474891248833,0.2683720224625405,0.1882705897063106,,,
BHUS25,0.19199553082268955,0.21015263741691406,0.2092155923334663,0.23290195942658592,0.24354368636900295,0.22046159561199685,0.22902222788191065,0.2227413658023483,0.32667126879399655,0.2987074640221901,0.23966720441869785,0.19950424060925853,0.2944062358956082,0.3144740268684743,0.34634548812078164,0.19633066315690995,0.23122020829221981,0.239763340250203
BHUS26,0.07621683746636984,0.0748985465168553,0.07817294385743864,0.07645827566097248,0.07755435083773862,0.0761572589428932,0.07637013725337446,0.07471107987330206,0.07687627506170536,0.07694659628710925,0.07458968750113308,0.07036777967104464,0.06918089161371652,0.07287671475200844,0.07082674737989977,0.22853166716538773,0.2839561987706078,0.2665048799055802
BHUS27,0.07834283603154772,0.08163019219423008,0.07868375557177268,0.0825186035504891,0.08046335548520685,0.07790800419941112,0.0809942347656286,0.08854729498807108,0.11924906328851803,0.11545187125112705,0.09388404862234874,0.0778147775319471,0.08666401077392895,0.10135812310592682,0.10063119011607999,0.06539493917898412,0.06739720173550282,0.06977861939038132
BHUS28,0.07737983119307795,0.06782270575138868,0.06981268063796384,0.08817102107121964,0.0833884650472618,0.08161911790782408,0.06817542372823011,0.07042756722556678,0.0760191946768271,0.07618421556318869,0.07202867669988115,0.06202567001918542,0.06288313384148055,0.055649613078986845,0.05985781649821734,0.08054652783189391,0.0847214881552882,0.08882331003551651
BHUS29,0.09325889865325102,0.0945282081561573,0.09617840914639626,0.09965798593559792,0.1051720617130034,0.09950982389630121,0.11653656880210313,0.11073225892651664,0.12426531468880933,0.12571015909437583,0.11088818915059995,0.12256512495858436,0.12266413382353046,0.12009678586924749,0.09260265830688362,0.10363612027615801,0.09981348933616645,0.10370487659494317
BHUS30,0.07623000555436164,0.07618987301336838,0.07649493164372267,0.07831060940988789,0.07767667657680923,0.07627768719928338,0.08434864561238817,0.08826738281695584,0.09977697149864549,0.09938353629022871,0.08900878289531901,0.08311168553160941,0.08076158234216455,0.06995413093240682,0.06309210288008649,0.08256958475247367,0.08320520576023463,0.08412971010694004
BHUS31,0.07155540200027294,0.05786266229805363,0.06081753787639677,0.06396817123552731,0.05961260630766915,0.06281858138464079,0.07824782673172566,0.06388120941462369,0.11183322131859784,0.12198488506537633,0.10073311825876079,0.08630685361891909,0.08761161269181382,0.0853942808004912,0.06779643191111649,0.08909202921278285,0.06804658964346336,0.06672316548254283
BHUS32,0.07096087617937387,0.07114934109140349,0.07078585089008087,0.073799383524519,0.07263679338228289,0.07604941472846369,0.08758703566215766,0.09567552420582161,0.109097521100496,0.1105310034289161,0.09932088983090659,0.14429852383100977,0.22636300422164674,0.2604446670327712,0.1632701045238481,0.11285692767838326,0.12828543666675904,0.12802435196682144
BHUS33,0.18027743651857003,0.20713987799253566,,,0.18122825046556715,0.1855562590754482,0.2122308504737657,0.23611049490867914,0.27359961219786444,0.2712459182434058,0.23649982313032536,0.2044962518526243,0.17115630828369172,0.16320187295787106,0.1432890063009312,0.30763253282552533,0.33498481368098926,0.3413693179095875
BHUS34,0.10068522121935493,0.11535746038973722,0.10045467659304573,0.10531861581203868,0.10172605634517425,0.11241675791567857,0.11009532974776076,0.09686342307834479,0.19317606603433804,0.19540905125971303,0.14891838407053726,0.13378677601952274,0.16626143044890968,0.1421019481391434,0.11336487584740361,0.07404272202774193,0.073324309803465,0.0736900830716434
BHUS35,,,,,,,,,,,,,,,,,,
KGZS1,0.07962759397880285,0.085828603951644,0.0600138124285873,0.09098711601402855,0.05433617533423637,0.06924641689740707,0.06169510547063557,0.054074914042900504,0.055801478579355246,0.0626241525936726,0.06903725670840853,0.04535898431916482,0.047220631008941014,0.043385935984229344,0.07252961003309903,0.08476402695550794,0.08960185850416298,0.0957974699691512
KGZS2,0.18183443482231165,0.146217129111238,0.11985165063280029,0.14267000014733724,0.16230399301980444,0.14074110178043125,0.14557279622488423,0.19303709094744725,0.14473171278795255,0.23996608409821116,0.17346103935357213,0.2169168810344415,0.17820319370053675,0.24830437990675813,0.3197980305110859,0.35265540021703007,0.3392760663739317,0.3013839382560157
KGZS3,0.08697529723738619,0.07703315727824422,0.08131105440992056,0.08733990962753513,0.0775568388889858,0.0822521264606141,0.07848135932602522,0.07585256694547227,0.07311687351677229,0.0716958032308967,0.07700360804278134,0.07842407337308996,0.07377631781710088,0.0938011528673143,0.1371755969633606,0.15879495415629244,0.1619762941975959,0.1443105594014186
KGZS4,0.14984686100854447,0.10998726893249659,0.18264679898338926,0.29208966478682724,0.15985281719941985,0.20199294307723953,0.192967507394046,0.20654855640644146,0.2070927376379373,0.19666284088881608,0.18129708620009247,0.23676219462086429,0.206772793012215,0.25056857556985257,0.33368765837037245,0.3733690908135478,0.38292074460508513,0.3610751015203682
KGZS5,0.0721252348754838,0.08522961408108148,0.14728704635699486,0.3036692876993021,0.20002309210320302,0.24890513746010043,0.2747568619328937,0.23817084849379694,0.12995416975593654,0.20724197706524727,0.20723572304971347,0.24946152487028758,0.21956045748391567,0.26494524846554246,0.3331072851296347,0.37652849992050336,0.3810786404823668,0.36621495163025264
KGZS6,0.1465801974626643,0.12497881347694571,0.13098398657774954,0.13445933085194023,0.15024632903181953,0.24851009608829192,0.26475515029171964,0.23710576642176678,0.17619134354927088,0.2003222629186707,0.1783666426935134,0.24086153563840332,0.22310785259840665,0.3425080497581235,0.3824526418712746,0.3722477051113927,0.33972973355513564,0.3352306538871844
KGZS7,0.12964512937305273,0.12481389399126433,0.09936638152732175,0.13947982476951457,0.12116995180563907,0.1603761393098655,0.19132305864007823,0.19339900891386944,0.18292924204793704,0.1809388423095553,0.18903703040121977,0.29868564837049505,0.2313091710476225,0.3306311126316886,0.35737276937431467,0.34472101055283344,0.34755397994320214,0.3258488311619202
KGZS8,0.24956992976784204,0.14747505105672298,0.2274950324389236,0.2885166637581447,0.2174925969812302,0.26852802979324847,0.3013604340545817,0.2747924409507525,0.24529543042698582,0.23611360559211056,0.22952662371479018,0.31247306694872734,0.25368101767027057,0.2845089173311543,0.2869181242152395,0.245478047545982,0.25226429006563306,0.2865676803021873
KGZS9,0.465497376967316,0.21911036517016452,0.08794000968245197,0.1588306364619947,0.15568214310424927,0.2462484391929371,0.20019732859943676,0.18486733553164036,0.16102036871668413,0.15766439203840463,0.23126639808683513,0.28013174710321886,0.22942003879927983,0.2737456099213876,0.3564451405324647,0.34496824196759057,0.3354168690155986,0.3336656219319025
KGZS10,0.3388646388305473,0.2197645041792462,0.10320893006772959,0.10392663682043334,0.14586437063870306,0.09704895146846816,0.1071282906330409,0.11060083902627513,0.11469316191874109,0.11191237449011728,0.11416853307538252,0.17039691429529139,0.14594443100522947,0.17263406069208287,0.26873821695740757,0.2992858831181393,0.28852175157011023,0.27385738397816795
KGZS11,0.3720474086986467,0.2594999568260048,0.06673170416441082,0.10288544841813606,0.1046950882926156,0.09043014341694681,0.1122394266131545,0.11277568004767827,0.1021036477422817,0.09867749000530708,0.1107674202608322,0.15591844175334788,0.1303319908806645,0.215562345577421,0.3186540015570346,0.3413349150769976,0.31199807387703427,0.2927160511711512
KGZS12,0.20711879807610015,0.18415282558493082,0.07822613175167821,0.08189406287705685,0.06502713227945928,0.12340051465282817,0.1347411034422207,0.09358549602416581,0.0842799831936585,0.06410681900832414,0.08102864697457098,0.1174479332620919,0.10133939789620008,0.13764822624427922,0.13977918797168257,0.2123301830431586,0.19891910572943775,0.1854364838401107
KGZS13,0.1748477939835354,0.14055574022428513,0.10627280765956397,0.11977782322237579,0.10981641701077391,0.12916392025210466,0.13735383957095618,0.14357011701283995,0.12320263359411132,0.1205286303509333,0.14921367575156777,0.22746474839248454,0.13955284184857686,0.24739429366398166,0.2961189635179125,0.23807373689246253,0.19287656990116214,0.12539499959594166
KGZS14,0.21255549720883188,0.15633285030913263,0.09498135238069252,0.24979380739488038,0.17972530903700382,0.29106598761844743,0.3320016499991118,0.2304843225621881,0.28683705265262127,0.19018554984242592,0.15569188366717407,0.3031853676791344,0.27227146658438145,0.27920810223858045,0.3675171808092703,0.2955207048745428,0.21257369350754785,0.15581994496267132
KGZS15,0.1353393086461032,0.10635317765436783,0.08224607549606858,0.13509113612136267,0.1150094648976178,0.1559470614549721,0.13124626810292295,0.13232356462332662,0.1126533921442853,0.11419766152936021,0.20491252114813038,0.3101432295432729,0.25848904342345996,0.2684696891351369,0.30276348774794987,0.32471260081948644,0.3029684068372842,0.23245879281814127
KGZS16,0.2764483676095774,0.27529869105986704,0.11725736509919431,0.11716542207928161,0.2731459298055396,0.19304217850104693,0.2105567370310026,0.15109081330986032,0.1419489451849404,0.15653112555119345,0.1506989054488829,0.2403088674977241,0.13305065692813217,0.16951675859806775,0.2420859267701337,0.1690964580988623,0.20647067753925727,0.16524446692104547
KGZS17,0.08080507509266227,0.14130263956271366,0.0906198008020887,0.13067045093120935,0.12718464072791638,0.12003274100784758,0.12884247255703069,0.12624391207366498,0.11080145040026285,0.11145590339348722,0.11007027624671128,0.13412149473165802,0.12250500839824867,0.1369143034474507,0.13153548074591917,0.1442540033533032,0.1433639216760416,0.1379460674139224
KGZS18,0.16723462773370426,0.1313089010869937,0.08899381537565962,0.10785786805444304,0.10892081973943622,0.11416425975419099,0.11287791657311065,0.10660786963657416,0.0940321766584256,0.0921380174136225,0.09326673299788663,0.10612340526675097,0.09859984970976568,0.12182227790689701,0.14769691111836525,0.15647526152152627,0.298812073352612,0.30344760061670295
KGZS19,0.1051611224773718,0.1240528844624972,0.11770349689712344,0.11112510677446505,0.12363051699395863,0.13783196670581704,0.134859045566354,0.12843446418752355,0.11906116005234575,0.11893346074156362,0.11523353120152942,0.13389047605876714,0.1206220721408873,0.14299476642376588,0.14058719771722697,0.14065556354092087,0.14149160758023674,0.136304484684886
KGZS20,0.10368449709721773,0.1306739894899507,0.09476816685540988,0.10831630827585349,0.1072627449842027,0.11891492479522059,0.12501832793099946,0.11379944665061524,0.10312067727033923,0.10158803624263103,0.10482463603521384,0.11479214876979427,0.1049068951990751,0.10093881887054297,0.11121043355269078,0.10225237984043943,0.10101460824082219,0.11421336958849806
KGZS21,0.08013273615021031,0.08944870523681361,0.06764705755400299,0.10592077287293111,0.10166629361188172,0.12161875822991783,0.1291587263793281,0.12948810599104485,0.11752892927139583,0.11302002818182619,0.11842095010588755,0.13425071883920608,0.12216529619908457,0.14947440805740972,0.22989792651345392,0.22814428253514174,0.20116532639502313,0.22507492687352657
KGZS22,0.08656336180076928,0.09102802001137437,0.07675078450716001,0.08468040595239261,0.08066793088471705,0.08475281974758894,0.08945686056217417,0.08556216089135302,0.07982713538054595,0.07960989503363686,0.08156427901852566,0.08741996384427313,0.08112033105383709,0.09287428080588926,0.1077151745904784,0.13378013411671383,0.12407982153292355,0.11556213549936974
KGZS23,0.4918088178974633,0.2334493319050865,0.15954366045373314,0.17530028954935858,0.18045324518642658,0.22976149220583092,0.22467845311888496,0.15812673310896966,0.2126856112972694,0.20933275623180797,0.1865906303256775,0.2806020102612533,0.21792334119419662,0.38247226970457465,0.42193940833685256,0.42218617683419674,0.3940202157941668,0.38700705716486694
KGZS24,0.1145808088571967,0.12126121380314857,0.19521772750104277,0.22503121300307644,0.2946509634875564,0.23701084454468976,0.26075573682298425,0.21337168801299575,0.2647410325942865,0.22730102571715863,0.1991743151217425,0.3003441300120992,0.2408184124440458,0.19179068719458414,0.17974050469079994,0.17965314856318995,0.17573597078517827,0.19135493831856956
KGZS25,0.10287135067028823,0.12048681231470858,0.13246069121089565,0.1862972489239089,0.2182532586273928,0.27975187831491277,0.2669543066598951,0.22541197674616514,0.2593541096578133,0.2103189277538862,0.19231699730376872,0.27979575675712537,0.21880034520165245,0.2618414939303051,0.2781481163262165,0.26343579724468286,0.2488503541427027,0.2615025802311794
KGZS26,0.08955386085756672,0.11372041486584646,0.07812512741708348,0.18384183480176836,0.18281250914503303,0.22704291753837558,0.2385509680331681,0.20688467754631076,0.2622089542346136,0.20736891139986077,0.17885251117311268,0.2705533757549519,0.2146776779799951,0.29184659720524697,0.3249649226504646,0.29015574861217364,0.2641044342692763,0.27947253616275536
KGZS27,0.14695797713591424,0.1892639911977875,0.08905590027804818,0.18213638216499295,0.1275144722158822,0.1972650528469835,0.19505198990369513,0.17459588672577506,0.1488475821373323,0.14689270889856185,0.14637221548827903,0.20041559822123597,0.1598302642350038,0.2674812570812518,0.3356903895926779,0.29832561054066725,0.24574193935714567,0.25657483629924893
KGZS28,0.042564306139043634,0.07538445208751876,0.05184540745614157,0.0474003607446838,0.04828265277585578,0.04561314976783456,0.04404182035325031,0.05287135096766519,0.051700159672553335,0.04593615206618329,0.055360456656518536,0.036381381157651306,0.057671058703298514,0.04278502024056345,0.04479216577177813,0.050101610601747795,0.051816260087199015,0.051781399484034894
KGZS29,0.34677860750899314,0.30576729879495973,0.096297663942348,0.10019663514582379,0.16825153754964808,0.14170123745602695,0.13746207116060835,0.08582035074438478,0.0813372269019077,0.07959229244271852,0.07641855804711874,0.07939756787398199,0.07514202251947195,0.07932934852341002,0.08519763582523715,0.09012417771910437,0.09321555509109283,0.08932436105361018
KGZS30,0.08274248422828337,0.10870112943950293,0.06559432462578642,0.10328873852484892,0.13223929054911235,0.1307959719289248,0.1131743453291531,0.09737140000828598,0.08919715671732449,0.08031941828148857,0.07827181648238277,0.07863526695581735,0.07489383010746671,0.07508621518248017,0.07625738439370075,0.07081334437803738,0.08800670284375832,0.09221649691108255
KGZS31,0.30003311476561323,0.30676240071589433,0.1832936669234681,0.2130534013242347,0.23120136073129,0.2516271502874147,0.2620473975060135,0.23288815930427403,0.20743525436117335,0.20833144479203264,0.20007377069713,0.2508812217189292,0.2202246582142268,0.24189756414289504,0.26508018799169997,0.24670877758599893,0.2541602865424909,0.25321204002917724
KGZS32,0.08456762297489454,0.09676283635570469,0.07313401478956523,0.08821992297679168,0.0829246808461363,0.08543230775599987,0.0881199417810847,0.08077345130540957,0.07671325089723367,0.08030588669610404,0.07573580210465504,0.11559461659888134,0.09012037155535839,0.19460689579798676,0.21478646500561968,0.1808348084549583,0.19469581764847024,0.19386596718405416
KGZS33,0.11547933590075889,0.11998129902579187,0.08918664858991762,0.10522537449560097,0.09343277737481233,0.09477990261704784,0.09459019795199752,0.08470450156918047,0.08064331863211129,0.08099436789264826,0.07985672751788557,0.08350927013347632,0.07944942198956631,0.09061533260898753,0.09909389861169017,0.08647484803514757,0.08959718880022964,0.08712161667355399
KGZS34,0.11999208156291813,0.12519351722917388,0.07113272246017235,0.10780057533405332,0.0901550543413117,0.08956175321576482,0.09773239602128352,0.09500381076155948,0.08674507836468644,0.08735639477127907,0.09012200428909721,0.09612334824974543,0.0900412381738381,0.0902232873678583,0.08051634762328029,0.07891010793876772,0.0831448815807836,0.08694650126436894
KGZS35,,,,,,,,,,,,,,,,,,
CAMS1,0.09139592208623687,0.08138866701861598,0.07520372511945708,0.08405125118949094,0.07159337685651111,0.07540503964250518,0.08091711857195812,0.09627660463178957,0.09778271081333291,0.0957415318947251,0.09575864850065398,0.21797781590358523,0.2375658510316979,0.2572267021299056,0.27016182361475,0.23579129761726328,0.2207042860516591,0.25395693370814865
CAMS2,0.10454833740101914,0.10364372515423553,0.10050952475531703,0.10546745777725854,0.11096233945015414,0.10451774866702272,0.10311391007852394,0.10170253434100263,0.09779534346863382,0.09584457235015226,0.095151378176242,0.1377140347400067,0.1371103573779479,0.14556928900148303,0.1708932270167241,0.19020880793002642,0.19000601624002922,0.19044879646387253
CAMS3,0.0695161000951925,0.06640750118135968,0.061476971329574824,0.06472523856074613,0.0602480219749713,0.06113832836726509,0.06935538930369776,0.07340966251242084,0.07042665188059426,0.07442771291189654,0.0747260722833992,0.09932976924239792,0.09570074194322378,0.0957092114343723,0.1117716277699854,0.10361295756802087,0.09832629129212635,0.10340161210768567
CAMS4,0.08404687560396396,0.09619374300081533,0.09779818431637542,0.09405709790038029,0.10137846986577079,0.10234857792776714,0.09436377609895825,0.09962898339709397,0.12223343098833758,0.12353781702809313,0.11138863328325074,0.1564559215625529,0.16038109864713213,0.21982603510400053,0.3370471571706431,0.3006729979287136,0.29775210746463204,0.31479261093327504
CAMS5,,,,,,,,,,,,,,,,,,
CAMS6,0.07568814935555736,0.06961867913322109,0.08529756920996029,0.06819942801564564,0.06787819056568159,0.06984256943221363,0.07816591883247254,0.07604291199215511,0.0843360884928345,0.08602692352226642,0.08536259045852279,0.11912510088936314,0.11213320578883598,0.11749962664416316,0.13169746508490654,0.10484994973037376,0.09925681978705178,0.10557575825813119
CAMS7,0.1882930824640573,0.1939602407989727,0.1585823527597082,0.17125522144680935,0.13212946732688724,0.1467979085764404,0.1763358158135114,0.18727849310120193,0.18283517350059802,0.17546598920580198,0.1747718204897331,0.2957149290876777,0.3059085200041832,0.33459801848084353,0.3787447175929156,0.3470851328815946,0.31914390176499974,0.33503817744517933
CAMS8,0.24113795714969175,,0.18638235943813464,0.33903351596889064,0.31576216330672346,0.498375208952594,0.5014492619208056,0.18755881995417298,0.21502868323398602,0.34554445348035695,0.21116384578416414,0.22980449482860293,0.2034497917846065,0.20765414078426625,0.2107539804527944,0.19181435021685944,0.18512229063701519,0.16348895560486998
CAMS9,0.09655412903179587,0.0899442153681386,0.08623159019400232,0.09327309566684076,0.08815262770084924,0.08961602043176511,0.09401724004870965,0.0979927184704988,0.09702447569713969,0.09715483861756825,0.08719843161530066,0.14552311093189874,0.14150145364909913,0.14547613502842505,0.16946526324840455,0.15598654744946563,0.14666180589173755,0.1506153768415145
CAMS10,0.10583221422872113,0.1050421826355649,0.09553481060279867,0.10204970638868933,0.1034144686126753,0.10584667213941927,0.10634944380398921,0.10499584031104205,0.10566047413292005,0.10442513880864242,0.10103605821932661,0.20288882041199058,0.1969999494969134,0.21261269802969276,0.2662309126807144,0.2582707053422776,0.2391367867934497,0.2391946855988318
CAMS11,0.11785018236258842,0.1137246975153284,0.10561372512546591,0.11039236583918828,0.09417800370005443,0.09548706522907638,0.09697253898492457,0.09801078275017205,0.09483720012486167,0.09318115300638559,0.0927097419652549,0.1264173241370785,0.12512648477885685,0.13442022373178988,0.1551527404062404,0.12198411360542441,0.11625756385340992,0.12191388638174051
CAMS12,0.12157475331910786,0.12443305447439813,0.11153556142986762,0.12001190703800403,0.10961797223515778,0.11420103459821722,0.11165375791231842,0.11616618929876764,0.11061000389513977,0.11100207213430538,0.12059695869834235,0.1898948089154983,0.18496952213710302,0.18988587005137827,0.2410475700825315,0.23007501723001125,0.21338092672864886,0.23219217201506842
CAMS13,0.15135120270568495,0.1300383999968712,0.12890287712401602,0.12380141167069943,0.15446449835233989,0.15309289342582927,0.15557853430517607,0.16235973802169568,0.15076154327850003,0.15452124087009145,0.15457079521107156,0.2852663840793126,0.24817751663275595,0.2578325327960217,0.2790615250211562,0.30581884947593685,0.3302575583738276,0.2756909842232636
CAMS14,0.3510272534163271,0.2680816664631984,0.1956183412778762,0.17555228908471535,0.22917656380230228,0.30364787071992044,0.17301539515170422,0.27161067427677904,0.2554145594055877,0.2575406713317279,0.19724210942960538,0.3455287715665296,0.25869454744329273,0.28883101778779613,0.35874511247031077,0.40200428320076886,0.3837343017464871,0.39162201182196477
CAMS15,0.29653650930410014,0.3382365738792944,0.27099353996789927,0.2850285724804352,0.31136909021914433,0.2973482149724327,0.31883690698916334,0.30126962019131315,0.30545055479086825,0.28682936814238397,0.30329570231175634,0.3485635234346805,0.22931816912523986,0.3416466071053413,0.41868729929580906,0.46657578868519456,0.4500778938490826,0.4630757103680188
CAMS16,0.14120668882232337,0.160026497148104,0.12851918192214254,0.1504429294145617,0.13373847082685128,0.14998496939521563,0.1490115933753512,0.15646433606436247,0.1458652012129731,0.14039958374981043,0.1504867847666608,0.17844433846189375,0.17284460100495994,0.17514315018910329,0.19073836767857788,0.19824716083899813,0.2726023379932315,0.20350281541221527
CAMS17,0.0919193252236359,0.08844665359655333,0.08854902775295985,0.09382177154973173,0.08777586998968816,0.08686918884684801,0.09054494812367969,0.08837946775363908,0.0888315079722571,0.0884970403765891,0.08798596642345828,0.12281393411838966,0.12146207750679289,0.12719301082896783,0.14590646476049923,0.1429047340819709,0.13747446161769947,0.14070695104753891
CAMS18,0.11352180337229972,0.10800040964479148,0.11230771576498168,0.1195773431055824,0.10296142865983829,0.1009316348252001,0.11998626125686157,0.09662382082725866,0.0927227119177427,0.09149898949704657,0.09230957588244185,0.12869183634186265,0.13887413394227316,0.13990281277476468,0.15444796326961782,0.2551161172875897,0.21494524797151968,0.2333263894790954
CAMS19,,,,,,,,,,,,,,,,,,
CAMS20,0.1276138195705304,0.11639668359987806,0.10758823120163516,0.12210312127674758,0.10529620368852852,0.11775926048580979,0.12018614431376132,0.11962736685349004,0.11479971959199313,0.11268503057159077,0.0950592451955405,0.2117222413657517,0.16554623964822715,0.17637601479797163,0.18673586850355153,0.09642700045194695,0.09391638493393557,0.10507715824747017
CAMS21,0.11523428635530952,0.13249320703647913,0.13076026085644127,0.12556294788785818,0.11329825287435431,0.1266608148464339,0.1291105251475517,0.12915611496576507,0.12362528287426369,0.12090744384008725,0.11897248631622982,0.18243379719585198,0.1539336719774963,0.16739542832216145,0.2045740356192806,0.19253485306134516,0.16495270002968404,0.18260288245798964
CAMS22,0.08949649139486368,0.0769405396571382,0.07327988086016209,0.07740682077166246,0.06098457842930374,0.06648967234032536,0.0730078415262716,0.07433256933562699,0.07059727650924795,0.07455248444410238,0.07503667223041188,0.09271502549285701,0.09759680335697535,0.1103727433779047,0.1489336321099318,0.1452026120004003,0.13584477011498342,0.1467722186044993
CAMS23,0.11244337750057902,0.10510601003742712,0.10272164102800273,0.11774764333233205,0.11010143621246493,0.11879786321788681,0.11800483101669122,0.11850121440498132,0.11452083370176794,0.11369632023227465,0.11358738173615868,0.16342401970307194,0.15012827538649315,0.15839653131748768,0.1655042814382359,0.1452030291971729,0.13399690529810004,0.1405139719012859
CAMS24,,,,,,,,,,,,,,,,,,
CAMS25,,,,,,,,,,,,,,,,,,
CAMS26,,,,,,,,,,,,,,,,,,
CAMS27,0.07879221154954304,0.07307432111518583,0.0727145692042273,0.0745448227164059,0.07773128319699754,0.08415641156286977,0.08515061096032221,0.08621206880664409,0.08380336338807902,0.08451953808883392,0.08437419211390342,0.11063559625548572,0.10573300906799875,0.10563150261399919,0.10875601795194093,0.09695258731778304,0.08561479605801786,0.09124091292247843
CAMS28,0.0814358961344113,0.07689860386754736,0.0741458698466745,0.07871969346205557,0.062278270039509934,0.06883523886961107,0.06965366683662741,0.0696217151072435,0.06727046962009328,0.06709321811619985,0.06723804272582899,0.07040659035070386,0.06748413188844253,0.06563324172710308,0.0625673442381741,0.06228397357620932,0.06035703877237145,0.06129264718424061
CAMS29,0.06149173908945941,0.061628935901255434,0.06137303017907521,0.06171079906160945,0.056027207293379636,0.05755531266054741,0.0601002581309905,0.0612547405157335,0.05812770959901184,0.05772427433295553,0.05820730939348384,0.057532328509617196,0.05527439055309716,0.05516028153119012,0.05459520982903735,0.058887015178497745,0.059234541123754154,0.06016110154429149
CAMS30,0.07797603799331194,0.06992161755985095,0.07008936884171776,0.06560619283707325,0.06169274422973719,0.061789178573310045,0.0645053492404999,0.0649539148597868,0.06235887999353714,0.0641306201369396,0.06474402640411336,0.06840367319039467,0.06455857564259644,0.06531165903339203,0.06577809303266284,0.06608772294162067,0.06547752710176623,0.06711266305664867
CAMS31,0.14510122700678743,0.12893180633974013,0.11904441959928334,0.12190533782120816,0.0962279869827107,0.1178848381310898,0.128382724799818,0.12320450698809902,0.12366699070029753,0.12294286676667329,0.12038720984471472,0.16733706545387758,0.14459587839051785,0.14563373453827597,0.17376440348742667,0.11278238806476346,0.11076972204513845,0.11971204473838327
CAMS32,0.07059839846274164,0.0706084790007385,0.06979888517051132,0.07011008062727617,0.06939153341852417,0.07293380601523282,0.07801870349618313,0.08223387153905957,0.08101333221666761,0.08188284274842289,0.08212103543179475,0.09082990663597545,0.08690083574087654,0.14843590830409809,0.18012500149268149,0.14594262401042518,0.1507767029877997,0.15843228808576673
CAMS33,0.08422782438083792,0.07745787044543223,0.07510973682390487,0.08338559034549875,0.0864502330062384,0.08962637104387833,0.09286780652948491,0.09576540966668319,0.09463012889477561,0.09481502910238368,0.09464029985196343,0.12062537987272909,0.11577891623919402,0.1705064153547954,0.20585157653324157,0.15993930477240992,0.1638229124741109,0.17090642812103918
CAMS34,0.06726856875184412,0.06416081127708224,0.0634744698100972,0.063988456704381,0.07180473153602249,0.0740626637222455,0.0775643250888169,0.08040587073200932,0.07946227388351934,0.08083021461047865,0.08101235361595321,0.10057908772973535,0.09604707456677998,0.1000206305821474,0.11320724903390757,0.10513151420377827,0.10605620817838615,0.11161098944404003
CAMS35,,,,,,,,,,,,,,,,,,
MLDS1,0.09079719361459195,0.087514116881359,0.09433048358600049,0.09376410581458773,0.14077137857628777,0.1431077964088766,0.12690354778674967,0.10396005636050511,0.10836966769351447,0.11953921655309493,0.11325499110253631,0.12081135063312294,0.10849041846955185,0.10287716025444124,0.10998440864420435,0.11838550924214637,0.11989405147277524,0.12437116949082462
MLDS2,,,,,,,,,,,,,,,,,,
MLDS3,0.19924816734695425,0.28838918023118576,0.26319803951747994,0.13184980239312044,0.15186060323466932,0.042808914670922404,0.04988958360996279,0.05134839025263111,0.04811189952957856,0.04906233258371542,0.04930679845368351,0.04913832451568358,0.05654848100148357,0.07149166836211192,0.050950551920338163,0.05370167660384203,0.05476189143840376,0.06005125214662519
MLDS4,0.08577463493805786,0.06978525728214333,0.1403813059470802,0.08751940801980913,0.13590476201942073,0.0737887558951699,0.08094287138903414,0.07414007295587217,0.07677074604081542,0.08268968057947783,0.07837045344522697,0.08199123358026272,0.07796244292959659,0.07351676152365294,0.07985892566043801,0.08276788248364843,0.08292248868942484,0.08596286183640071
MLDS5,,,,,,0.19402057908378068,,,,,,,,,,,,
MLDS6,0.08105170391732595,0.08892596775783515,0.16591520512174596,0.08009981129625236,0.11133001597578485,0.07354210747227567,0.08024264144950106,0.0789334007068304,0.08169812669735042,0.08756008206333447,0.08246032074091932,0.08595558711680729,0.08211138072675164,0.0785377319061185,0.08366101924939351,0.08623570659122763,0.08700867540230647,0.0897843721484938
MLDS7,0.08582274476838504,0.08959939958046614,0.09644355752117542,0.09867474088208732,0.12224781720677769,0.0757922847959938,0.08338707664278232,0.07851397507335228,0.0813991557656879,0.08755062634725048,0.08477115889032473,0.0873209409957763,0.08343601053906437,0.07296488430062073,0.07483444593111362,0.07701200570975206,0.07728619383162935,0.07913468116655484
MLDS8,,,,,,,,,,,,,,,,,,
MLDS9,,,,,,,,,,,,,,,,,,
MLDS10,,,,,,,,,,,,,,,,,,
MLDS11,0.10608871581168447,0.11348022094810764,0.10529749956767355,0.12031506193455702,0.17322399475883665,0.10525745319080386,0.11321709121710095,0.0976402119981975,0.10143726762940111,0.11101488849536621,0.10487566193127643,0.1106036979144058,0.10321017422463236,0.0971088719837123,0.1007561196315605,0.1048563062607113,0.10723035963280182,0.10917731336219015
MLDS12,0.15212511360335182,0.1381173479314565,0.14648466398172053,0.1362322197859767,0.23857359499671785,0.12791636649553845,0.13171100368834232,0.10669250728904088,0.11066401825455253,0.1222747135866586,0.11474389513308152,0.12868837904755023,0.11288329004654313,0.10677332765576855,0.12236579521014937,0.12905215698190778,0.13040716982385767,0.14110479566754763
MLDS13,,,,,,,,,,,,,,,,,,
MLDS14,,,,,,,,,,,,,,,,,,
MLDS15,0.13675188534046034,0.11533855114737765,0.3350732534043204,0.1150854936134427,0.38711564619299416,0.14215159475108288,0.13534649091490514,0.19333311063427433,0.1958585722957811,0.22116145776025117,0.15059108712063068,0.2364838905263605,0.16353798397951477,0.10490629875053886,0.24727603588919514,0.10870487227016914,0.12006175667910811,0.22118858216891443
MLDS16,0.10817235987073216,0.10051469668442696,0.21999088299430414,0.1059526384295838,0.2498848506024758,0.0891949234764341,0.09940597669992798,0.1086852000986916,0.1281555198849609,0.13312445763337932,0.13542521102723373,0.1105954641943719,0.10950101993930952,0.09425868191213367,0.103538775146316,0.11421426744717324,0.10046877328666858,0.13047856681459902
MLDS17,0.1589404467334371,0.13472775558126857,0.1922702129584362,0.13492765922863384,0.1806703448184377,0.1457272526011655,0.13505552115824238,0.1082437807718746,0.11293002208335622,0.12874002469198226,0.12666082987762609,0.1284228693251269,0.11806584929494916,0.10761879916786271,0.1185580999033525,0.1262510912357314,0.1276747090355858,0.13315921866226954
MLDS18,0.10328072843425326,0.11146532103566496,0.1454693950443833,0.09981570580075366,0.16989904292329472,0.0874066868289649,0.11575133850540824,0.1104050650991343,0.10377307458243923,0.11844862005394687,0.09346421331025878,0.1007352257278974,0.09217767301557532,0.08820689413300958,0.10773136300245244,0.10407188412595288,0.10834436780803539,0.12287793842683586
MLDS19,0.07127310554212435,0.07874716111709489,0.16176013003704787,0.07304829545957843,0.09584965423033552,0.093762099096823,0.07616573259551657,0.0803589980949271,0.07336961278748165,0.08067053176600322,0.08748530248543174,0.08515619451318869,0.08779718639938291,0.078358162521025,0.07865169190354403,0.07835825964558522,0.08073241576776573,0.08289249933993069
MLDS20,0.06937898172475283,0.08649504235172012,0.2026483744836518,0.07210346783699859,0.049829055713799586,0.0650055404352199,0.05783885321149806,0.06329143306882898,0.05710316476481704,0.057587053826843086,0.053108007179920945,0.05490620538144617,0.057577978158940606,0.06330327196143291,0.06043690158337186,0.05635459913321218,0.05855832185995097,0.06253698681385234
MLDS21,0.07911073049629212,0.07222791818722728,0.11515406557919852,0.06848758038216594,0.09760207415624264,0.08400984634147483,0.06257380529024308,0.07594710325083853,0.0696584325929876,0.07225472301902183,0.07496474379067879,0.07287079791294218,0.07344111820106042,0.06880269388739925,0.06748096036228489,0.06929154512076006,0.06909280185050579,0.07046003827491781
MLDS22,0.15497279756530147,0.21642958281035635,0.2164599181577879,0.14147640496106043,0.2903218282300156,0.23274268741325518,0.23387352849887438,0.23752221083069763,0.2379794045201329,0.2817938842502515,0.27995209227716894,0.2850996684845791,0.26264983272194886,0.22825463251510955,0.2515733688625797,0.26584024727883865,0.2697868234820515,0.28473341510681316
MLDS23,0.1311303810518956,0.14868094865134343,0.18328462990228336,0.14887809922737028,0.1501594847788956,0.14109721029548913,0.14258962361363495,0.174768989695899,0.16613753999515557,0.19872909553424392,0.2073797662150581,0.2172699988167852,0.17071509267732252,0.19932541820834349,0.16750545745876128,0.20764724250274136,0.2324212776555302,0.2617647505917821
MLDS24,0.09260207177778311,0.16778487884113694,0.2717597301345565,0.21316529094026365,0.1381831954777738,0.13919144580414425,0.14474794454614362,0.2120630356466223,0.20753935779769164,0.2452901164346075,0.21263234463373157,0.21305616244272976,0.15726605034062943,0.18581552495329678,0.26524232332722575,0.2950142393599513,0.29724581803845845,0.35266736285466604
MLDS25,0.09721082402060184,0.14462899824389458,0.17808253011166203,0.131137478228917,0.10728967222062082,0.11774742143651569,0.11283744906566864,0.11810656642483137,0.10503634236302895,0.14586515188342566,0.15132299785223016,0.16438047337171305,0.12904800584366616,0.1527462791732629,0.14732189728713277,0.17459768393298547,0.1841995546272958,0.2220117683894996
MLDS26,0.12246798100878138,0.2547410204149782,0.3414716720891881,0.33177404585928905,0.07138357400085142,0.18372538386827142,0.17833256452427992,0.1535464631583378,0.19954575336280142,0.21606485416361124,0.17957299868362833,0.16447842697718948,0.1384217545191218,0.1805325524172784,0.23764611704533786,0.2579120519341443,0.2578392227907486,0.32679123906724655
MLDS27,0.07161869941895077,0.10859026070473614,0.17875115477590586,0.1292682383394453,0.08611595113093166,0.07119401038927238,0.08131396191522478,0.11504834881249572,0.09408587601906059,0.09585850615322258,0.09824299422293178,0.09913693937727747,0.09062306892163106,0.08796747018834361,0.09795623341754346,0.11037650484457139,0.11645312760471564,0.1306969599880968
MLDS28,0.07016447775225097,0.07950707338353785,0.24605191616665628,0.06988843334721935,0.06904623772312198,0.07169470943376356,0.06614400272435159,0.12697723825138285,0.09416668452046074,0.10652137952438197,0.1017622332396218,0.1089426641753717,0.09556339437232829,0.0818658420836507,0.08165440906096996,0.08968454477005267,0.09752921922966659,0.11065265609519043
MLDS29,0.07713343170918316,0.07072611802765826,0.08265789248844083,0.07570918587765096,0.06911455797148681,0.07819671252011902,0.06845498704068487,0.06293896595144106,0.061537742888250445,0.06585953477269897,0.06307832382737505,0.06595152537576819,0.06445760048293567,0.0642078469774779,0.06504946036910908,0.06633636367961604,0.06748767380671472,0.07239665175109675
MLDS30,0.06745654479581023,0.07937622171065609,0.08021405764221842,0.0707489679752668,0.0770215681219986,0.13486863521863443,0.0825184963482771,0.10436580759509058,0.09374737935017968,0.10048948988256563,0.10532184521146898,0.10391100032028196,0.09737645727862176,0.08643449118250814,0.09118777475220577,0.09633686118479153,0.09826494054393904,0.10744584559878771
MLDS31,0.1709352079472649,0.0965751602767794,0.372025929789936,0.081573868418712,0.10374253185790307,0.08615804326077407,0.08750248266607016,0.11743717220969997,0.09205376686731102,0.10042268019343334,0.11031567619279985,0.1088440219615849,0.10204911355037777,0.08561708330479127,0.10115024951700101,0.11503374672924396,0.12231251742071961,0.12419653012270782
MLDS32,0.09087983798816492,0.0993610962469362,0.25571863113485166,0.09016182564385829,0.06878950186771599,0.06448980105351643,0.06481789690669969,0.07258468060947024,0.07092652247309997,0.0760070259125071,0.07996039128073838,0.0783230727163231,0.07657662777653905,0.0688600952704103,0.07019343659067694,0.07557604397245066,0.07501646319372866,0.0776255866323475
MLDS33,0.12069508802258822,0.12239601544472359,0.3151614925340451,0.11225033254339255,0.09726850799928723,0.08130781422732479,0.08084498339400788,0.07535538181658744,0.07496359466572006,0.08075154272803296,0.0802840039292908,0.08429920188596124,0.08052054479374025,0.07290274833854275,0.06979703479353641,0.0718242397543165,0.07277587542029032,0.07349898113582415
MLDS34,0.13562708160891257,0.2298035490430478,0.24350135863645575,0.2181778555871631,0.07033397564544487,0.13687496967797605,0.19709521254559736,0.1435285869340524,0.17429081104754535,0.20282286221661644,0.20123407815248448,0.23617332113996228,0.12397718439356968,0.19576945525179112,0.1898038366502774,0.15103994798377776,0.19662049412657576,0.21113770837591483
MLDS35,,,,,,,,,,,,,,,,,,
NEPS1,0.07295140044930311,0.07529277190587955,0.07436387136589974,0.08551458929731084,0.09058486847240631,0.0832236888670018,0.07825687611152153,0.08059054471822458,0.07829207067441718,0.07652038708324785,0.0795065495480751,0.07856550932028565,0.0714722380192946,0.07745907546260994,0.0845693711910618,0.08563797308342656,0.07146786858679373,0.07430623195332828
NEPS2,0.1024632554115874,0.16787260532172235,0.150276773374743,0.12147211761149651,0.10096832742633188,0.0983851265625654,0.1000077036303282,0.10529767106721186,0.10636558766216364,0.10103810342920126,0.10372177537927073,0.10791899190914539,0.12404290857769597,0.10145336865226068,0.1124189272033784,0.11547051033456125,0.10181888850412389,0.10103645339667035
NEPS3,0.057183311596029,0.06113353079746645,0.0621158936971663,0.07124924066916957,0.08386198261821808,0.07377959885950026,0.0665684488709328,0.06753510880717742,0.06635202433761929,0.06469556765770655,0.06521026383298993,0.06262828263624685,0.06860961944303454,0.060742138855578186,0.0641657154299669,0.07170047053421674,0.06897461106337247,0.06882834796561542
NEPS4,0.2494614579500005,0.27841838380261896,0.2901080649547532,0.2906058248859416,0.22317733614156804,0.22002376314181196,0.24396331641503202,0.28060670463798654,0.2706794907760305,0.22885558266813819,0.279555396485167,0.31501594393835736,0.2843386578023736,0.2861486723236851,0.3190269075948199,0.3705909496818507,0.340059283137559,0.3109695756164723
NEPS5,0.17286053318443925,0.17768680403316417,0.18622041823612245,0.20168137571526742,0.14503933643424569,0.1476265390544903,0.16206107312790338,0.18240914834603097,0.18307332039663013,0.16433215715994523,0.1778901466555964,0.18606041862306652,0.18111235353862387,0.11666714986040161,0.16302579968820152,0.20532244895260576,0.2227249053123024,0.21188468651713166
NEPS6,0.05637195949718546,0.05934759793319289,0.059955217716887,0.06164052481705605,0.06371673558780618,0.0638388360474893,0.06410555487833244,0.06653756983710729,0.06671121725726965,0.07278708957407641,0.0689476609565842,0.06542156603667142,0.06600543588818795,0.06525163688992106,0.06563954542910642,0.06733629143928914,0.06723758832879173,0.06837431432605563
NEPS7,0.09023546405352108,0.09156178307382774,0.1214750578746003,0.14190788482617755,0.08546460505840826,0.0858118460956687,0.0890050920176783,0.09286669545395454,0.09295632685178865,0.10318161944571666,0.09691231904450165,0.10086778759455818,0.11460540913198881,0.08442790490951041,0.08550635527994838,0.10207017572651712,0.09665713629421685,0.10392777214953874
NEPS8,0.08592502595618166,0.08752179219215493,0.0892151304707732,0.0922999295682941,0.0840138400202775,0.08440166963975224,0.0856194856452465,0.08814766565801584,0.08898536916870876,0.08599052404207863,0.0883975363665694,0.09097707994466689,0.11111843639389152,0.09168075385793435,0.09070779258826948,0.10027168095640267,0.09839838525889127,0.09630901979775756
NEPS9,0.13797946568855468,0.1302278973802407,0.16901951883724026,0.14314726429992167,0.10901188807975981,0.11241991008437764,0.11556152519276713,0.14915695523857828,0.1350573195412739,0.12962691007665722,0.14416302111683837,0.1620793495527075,0.14019834871431036,0.12109546414571824,0.13642865042316688,0.15292452495238598,0.1369272988398865,0.1377067681294237
NEPS10,0.09210609871736883,0.09597147858347979,0.12747539072796354,0.1316677351317691,0.09135697243161053,0.09372567706823173,0.10125833546475452,0.11477953238764055,0.1080881891467296,0.08491460982024927,0.08686016409660914,0.14559051390589983,0.10359043873015536,0.0985536822526944,0.10780263050024963,0.12318243793867346,0.10403476971174676,0.10750752382387611
NEPS11,0.09119509511726714,0.09271454382745886,0.09361943862349001,0.09700759016223924,0.09497663930263746,0.09207479308407461,0.0912603580410661,0.09376143994291283,0.09425198144139363,0.09064272541397461,0.09222979427149508,0.0937588907036943,0.0989021946961296,0.10685612773426928,0.11139336353938965,0.12938001230004748,0.1260319410031653,0.12313972832926914
NEPS12,0.12524006477585747,0.10966218863870206,0.117941653978506,0.12691008488810612,0.09173508413046642,0.0924901355133361,0.1014570944526901,0.10546740357402795,0.10495436840073277,0.10454248701560523,0.10856033737221044,0.11033518071754148,0.13436531129842447,0.14933569738603686,0.15630057135368644,0.18662377578265077,0.18785662937947223,0.19026610940269056
NEPS13,0.1482568436435143,0.2321920512733216,0.21055838710764138,0.21980285827395848,0.12417180956600712,0.1500337132163376,0.1255143073688258,0.25645790281092745,0.2108366966574953,0.22915488199133038,0.1339614350459927,0.21726711170909532,0.1809129581580024,0.1812267953651637,0.1727275317090633,0.171646747256861,0.1648828852807407,0.16301514807860454
NEPS14,0.17309361374334936,0.18909096069870698,0.21308621931167174,0.12567342504331222,0.12863089778033868,0.11646190192003487,0.11176724464882087,0.13048704160402164,0.1068482665164651,0.10831811539585492,0.15195107736294514,0.20947644370678675,0.1904218387461421,0.11729420259437812,0.13221509656513167,0.13453173447716912,0.11006425139414047,0.11493753080591758
NEPS15,0.2703218037402684,0.2904530785105245,0.3196552196241802,0.3392148650452239,0.2626843880358426,0.2545464035603611,0.14025463023285833,0.16370476652165178,0.20877603370699896,0.130369027961771,0.24545773259188164,0.26767796893049867,0.16521162028158085,0.15990638631210333,0.22331800977364485,0.20887092187825843,0.18244541227321015,0.1934356009326299
NEPS16,0.06887710250027013,0.071012167884945,0.07323181436681933,0.07565010386258693,0.06814389247215892,0.06755433888918333,0.06996994732918672,0.07499398753244742,0.07636411897575432,0.08130139118113694,0.08069763484737869,0.07637430701098931,0.08874761803462071,0.08678644661843427,0.09569508056163623,0.09769823603456423,0.0816369394961823,0.08054593073415785
NEPS17,0.0801005139695656,0.07800546096842041,0.08093580918629402,0.08485352697870123,0.08319409745441078,0.08018842406538776,0.07605492121989776,0.07958317540226809,0.0774422794483295,0.07712943121812955,0.07887284958096685,0.0896663324991849,0.09311032845511504,0.0962340932142341,0.11079213880315983,0.12542050667112567,0.10931099608914233,0.10871726991643563
NEPS18,0.08177850123853132,0.084302365907398,0.08572103780809517,0.09112485374040584,0.08908422269414179,0.08538899169294868,0.08401313291410369,0.08709825695307856,0.08574675007795256,0.08383101518526984,0.0867914054386528,0.09134662767284686,0.10055269502872899,0.11006421696402251,0.12093905744435417,0.12045375501365153,0.10382759350648567,0.10673756331511537
NEPS19,0.14038337869608533,0.14412362734436004,0.15042678117842123,0.15726950290767866,0.1264818893970168,0.12723551100149616,0.13542957083772045,0.14539931899617375,0.14688526975384678,0.13835176775949393,0.145314649600053,0.155129187563444,0.17917951582187905,0.17632690938087403,0.1810494537550585,0.18013028501618064,0.18030326702310995,0.18070022719736573
NEPS20,0.06237962622049912,0.06067605396567934,0.06396269057249926,0.07697639362152042,0.07906838728348009,0.07709933903754342,0.07483508329969399,0.07821930279885299,0.07545585011675345,0.07291709051371682,0.07535744659503012,0.07521100835334955,0.06006984450981335,0.05739360021273069,0.05726979233085147,0.05866154253470533,0.06219593297046167,0.06452247230030682
NEPS21,0.06075176952852921,0.06525351334708868,0.06228821885130903,0.07441171304137953,0.07598457723444986,0.0735586259161945,0.06762737337019431,0.07074161902928773,0.06763776695555132,0.06635874596581527,0.06905881255690932,0.06785475594848195,0.058286414714328806,0.0558294774620087,0.0554708227769577,0.05592621981685694,0.05663381009270728,0.05996235121654143
NEPS22,0.1516437536038644,0.15613846588441302,0.13945820485088636,0.12786036254914232,0.08922054347128826,0.09185013749795046,0.10995375319440678,0.10460712282631354,0.11663575171830617,0.10689171416533462,0.10697546983335914,0.11005094437551147,0.08681494741210821,0.0805961717235522,0.08287236822818658,0.08523919581967307,0.07624580860508809,0.07712560634400954
NEPS23,0.1681446391964216,0.1753275242206904,0.18494496311929126,0.1947906012369076,0.1534189956056995,0.15555817987015363,0.17005313829455873,0.19250306314362925,0.19843631019068886,0.17708482283718807,0.18213556066732103,0.20271144918036257,0.2196313135611451,0.21443999492108934,0.209265274243645,0.24648175160452565,0.23489912319488662,0.2444996622917049
NEPS24,,,,,,,,,,,,,,,,,,
NEPS25,0.12214534658295412,0.12540484355634252,0.131121648168301,0.13906550505561757,0.11310658842485334,0.11298234823808537,0.11987888547094308,0.12955110909316792,0.13028625693791965,0.1225387113318782,0.12976661384714466,0.13806843745237915,0.2225832800172947,0.19970433293429193,0.2103177191736676,0.2275820679182634,0.234674160109695,0.23101571058239223
NEPS26,0.07151946410246823,0.0721173923647108,0.07132741915978422,0.07598178503705878,0.08508475773455414,0.07809943797545102,0.07690371874381949,0.07961883784963324,0.0750259583912341,0.07765611102329642,0.0772194610257993,0.0780991269944048,0.064062880641659,0.0622710660131493,0.062484936802979896,0.06381930940683098,0.06805130671407343,0.06888712633385949
NEPS27,0.13608323035990771,0.13937136726513027,0.1425621007099279,0.1557564847234494,0.11299445100536315,0.1142944969448318,0.12231465191337045,0.14419525991400406,0.14233089442716768,0.1164407704365883,0.12383085912340962,0.133348627196691,0.27034573418756597,0.27202841099965985,0.3010857443026657,0.30443113092538915,0.2601050527648751,0.2783082368118539
NEPS28,0.07507026110919136,0.08110985787987081,0.080343874288072,0.08787869867250978,0.09024536177939928,0.08986691662948275,0.0869258775246712,0.08901307051337683,0.08465273970768622,0.08714582673380941,0.0869443109984092,0.08350278960350542,0.06818163978941158,0.07211231627684245,0.07135209072985661,0.07069295049202881,0.07392335835246386,0.07935905839158948
NEPS29,0.07481137831126175,0.08082368709559608,0.07801840702524922,0.0889772584447872,0.08336572789054096,0.08213258503225063,0.07988549848716381,0.08688034847133856,0.08452279066546534,0.08023870921010091,0.0868076234972373,0.0865867174509527,0.0956790622549595,0.11096177278506437,0.1139126611517655,0.11509183913031981,0.08247652132714887,0.08237309408177935
NEPS30,0.0604518288138707,0.060750967530984794,0.06085817057963344,0.06724739192253942,0.07853212122184204,0.07286592489231518,0.06596423391450573,0.06901383237534925,0.06361243102543526,0.06632806376490193,0.06591984166813149,0.06488096650208874,0.053046077977916085,0.05668470832856053,0.05609451761511412,0.05465480090829137,0.059822954436988166,0.06289111703628145
NEPS31,0.09234670545558385,0.09923752102179312,0.08176758606322572,0.08358337372379414,0.07712536314424935,0.07188359128523562,0.07471602714700856,0.07520101974032951,0.07400911514238363,0.06926694775773234,0.06842078417517748,0.06986379863245167,0.07467887944181929,0.06544380901029033,0.06859374866427846,0.07858022539213833,0.07295855005979204,0.0743311835060598
NEPS32,0.07307053335586336,0.0746081742393374,0.07691023125981364,0.08153361465177834,0.07896600147546495,0.07610448125030343,0.077288799303391,0.07900125232955463,0.08002301872032112,0.07593845327247808,0.07698488624365066,0.07883003709530524,0.07931324089616149,0.06988222333966597,0.07033437133422255,0.07253020752117915,0.07055045743376218,0.07146861270649302
NEPS33,0.06211147060410725,0.062422216524263496,0.06364761828902053,0.06735807152183984,0.07547926983733483,0.07188068947133125,0.06682470965292914,0.06610983999310883,0.06740047714499725,0.06894005401129405,0.06903805064449076,0.06602560584531535,0.06390106830210084,0.06144452754762064,0.061391138388937866,0.06218776570645622,0.06459137775391605,0.06500121995293671
NEPS34,0.08398267327307124,0.08385345597308447,0.08492875826115841,0.09066616365845392,0.08941256445006962,0.08800058165490234,0.0868857490526835,0.09012632963550483,0.08466607261956463,0.08605372480112398,0.08373017253998848,0.08645519051331206,0.06926292564805399,0.06724751167069232,0.06714616949435431,0.06807984232590131,0.07177826017920678,0.07230379983775224
NEPS35,,,,,,,,,,,,,,,,,,
SINS1,0.10312147954962143,0.1340082963334118,0.10834902154305266,0.11160124869343882,0.14210990843154928,0.1167443083954485,0.12166952402671544,0.11854690975369889,0.1245869352942326,0.10595254625996174,0.11074142229864006,0.11325368061729027,0.1049405500869994,0.10638811619418127,0.08858978541635587,0.08874821626107927,0.0930948892104662,0.09182681570589392
SINS2,,,,,,,,,,,,,,,,,,
SINS3,0.13217678351210954,0.18972914241153055,0.1444795600996135,0.15047095432573543,0.18958294669768008,0.17619064875613363,0.16358770999691247,0.15728238283533116,0.1439052994006556,0.12362863967315446,0.13366345659971712,0.1329200927470614,0.13472829871059314,0.1312751877356346,0.14435931974977287,0.1377310787465878,0.14941059421501543,0.14991281499781173
SINS4,0.1802196501159945,0.306811031168453,0.21955128672547014,0.23098336403969513,0.3184591474524957,0.28990944690398696,0.272809854860633,0.23519233779896037,0.1830309165058285,0.1525698970827874,0.15241649818192277,0.1524190158887205,0.16378037012986085,0.190542935731991,0.16016075548538758,0.1538542357195093,0.19441000647669338,0.1640266248845715
SINS5,0.14170755815599265,0.20660865732242845,0.1437404646959233,0.16180699013149735,0.2693054968055232,0.21352681341083185,0.18014586165052135,0.15869163193846655,0.14385107914927503,0.13922854794747302,0.12719256959695766,0.12879538239328642,0.20039263749822328,0.128485716246355,0.22544170003740469,0.1789022766685737,0.23620294467842878,0.18135778971440406
SINS6,0.10243929128903823,0.11994284153607629,0.10504172876336074,0.11063116922472746,0.1217533599460057,0.11907609914114241,0.1127525347033826,0.10254898809716124,0.1009846417945299,0.09602412644014038,0.10226720487023395,0.10232522369329135,0.09279985650539947,0.09170221107981716,0.093111892422223,0.0866601413648703,0.09487949895763793,0.08890382408101119
SINS7,0.28335265449389796,0.34150238901398033,0.27337717443766885,0.30194030893053,0.3780953970053238,0.3420809433318811,0.42945596285734705,0.41646490348739823,0.35096431127906363,0.3488981971236356,0.36656948862528366,0.37317676981342157,0.23487217673993402,0.24136145171777884,0.25965126392267646,0.23765350207082805,0.26491830478156864,0.26024409010211985
SINS8,0.23889629407128046,0.37198969228917733,0.2872635774246248,0.2997616626090851,0.4328550190760862,0.4228420886075695,0.3939534181008792,0.33024809174672093,0.2544165969595574,0.20987547714807267,0.22072109369372653,0.22632616324150054,0.2792413633470216,0.266034692656875,0.23335422200545214,0.2614555284722973,0.26017312496784933,0.26227999202983343
SINS9,0.27648008852517336,0.3833366053097173,0.3046780189963722,0.33140836509564414,0.40507576457790384,0.3524163133480723,0.30781486974325273,0.2724940635538679,0.28838462282837174,0.2798066397203063,0.2711521508263834,0.3035086558324754,0.21115998889440857,0.21454152853930092,0.21198958397403528,0.23357864679734197,0.22067294572192553,0.21860132589490447
SINS10,0.11329294586323412,0.1520126410749997,0.11685431363419468,0.12808916245449792,0.15736783946604743,0.12933156374231852,0.15629802839077023,0.11448612000669002,0.10418683823989246,0.1043378449024449,0.11010278177835138,0.11454517583712776,0.10155952940188837,0.10586435994261789,0.10405401741170917,0.10862697893519575,0.11187739862946369,0.10527440249049547
SINS11,0.11049896846155607,0.1382346937339038,0.11479666317926386,0.11951915692773461,0.14472586212682312,0.15614595125151357,0.13010175603558727,0.1220567687681243,0.12299273374967565,0.11767865983787867,0.1252193401960078,0.12913365225122928,0.13644957755942802,0.13551068561622184,0.1287474491795401,0.1261368943564458,0.14916036184420078,0.14779147926605402
SINS12,0.22133437585257723,0.338704834367749,0.23860311171254717,0.2551169365154537,0.3032108134868385,0.23856499213390198,0.2242556742630668,0.2490245175068406,0.19651364355104545,0.1809450864075472,0.20910213057381266,0.21651825409957415,0.18435244099123832,0.1850713185384745,0.16511839892317237,0.1680906779995327,0.19076578368850405,0.17553524147535599
SINS13,0.14679104182879785,0.256690691596279,0.18464602736292046,0.1926773137238623,0.20918193436501592,0.23205039511753317,0.22289700457763983,0.22110962385862978,0.1696856218429538,0.14346658401173093,0.14639493813698667,0.16948665839381516,0.14698752743100568,0.14494373199784405,0.12671444078956345,0.13624718798008253,0.1407815094653872,0.13971052544252682
SINS14,0.2973947311496227,0.4163162956925212,0.3241500716168199,0.3720739341434506,0.4802617840695863,0.5034329388165648,0.48732018670721733,0.4385679552879435,0.3584030038801674,0.29105548366768436,0.333335765737833,0.34201544475420653,0.33542716297012,0.30544776559267134,0.3230982214556958,0.3748999730889328,0.3455873443755003,0.3334806574663981
SINS15,0.12992155791718074,0.19296925820919592,0.14225063911922847,0.1438894444564377,0.16050352727428116,0.20833697566430706,0.21772465537128188,0.20349875218966543,0.1917022773987806,0.1791907191609371,0.1777602590172677,0.21003767616494068,0.24227250159475322,0.2375762436944681,0.2015807617363846,0.20245823197715304,0.21015501330712894,0.22259199956209447
SINS16,0.13654043230152849,0.16667642302687924,0.12071723152465008,0.11796886777735674,0.195053927280957,0.1685729401291163,0.16789995664886753,0.1726597192072474,0.12520499435181098,0.11195786952241808,0.1236717551036519,0.13053131888871355,0.13162095894341397,0.11225101278129834,0.14126966905869154,0.13546489519115323,0.16617044461892805,0.15790016080116412
SINS17,0.1099027237464469,0.1494636536788606,0.12271414966564792,0.1459761382266917,0.1404308643032152,0.18327452500656272,0.17885351446350625,0.14059597979941552,0.11855991888316351,0.10564284958324317,0.12585135868476666,0.13853368006937655,0.11902416897286455,0.11689333624525652,0.12326815705390622,0.12849442028195485,0.13569300502185921,0.13701668891613794
SINS18,0.09890894191312785,0.13682874066941741,0.11579549609723436,0.13324895308222484,0.15420061805667504,0.15242755586970483,0.15970722410874902,0.1337166861057804,0.13823956228549208,0.13339735895576582,0.12165210386982579,0.12513302937361032,0.12450300303340876,0.10545806702953404,0.12927280186504986,0.14961591096395624,0.14915067208504518,0.16021116872257388
SINS19,0.09849608544440132,0.11289823989853968,0.10474606864409373,0.10526193539902187,0.12406020580810011,0.13062916130552013,0.12341109826258125,0.11539782477921143,0.10720256647261436,0.11307226709469798,0.12060030911872137,0.12186144270309643,0.1192009438894823,0.11618557662477354,0.12470008177447897,0.12636442447719595,0.12904775090397225,0.13107518002638646
SINS20,0.21450184821632645,0.3510123328932653,0.372820765043742,0.35074449723217993,0.4679945414372444,0.4844332047976796,0.44779179221823684,0.41596285018801626,0.4274680823741342,0.402660332668867,0.419256138171715,0.4302407769502561,0.38007388042900125,0.40539846556446313,0.3851339418336047,0.37481113731315346,0.43736175221585194,0.4413560531594127
SINS21,0.0777506406031434,0.08075405097086416,0.08151835351530679,0.08641571595528884,0.09874893517105807,0.09599609098014657,0.09765150137138405,0.1053592509512161,0.1050688593372835,0.10697158197267358,0.10720830749133525,0.11197368500042608,0.11390395120979603,0.11172118561508435,0.12486452510562537,0.14008948546069583,0.14753409983564467,0.15562089888079758
SINS22,0.1132645736654204,0.15133012009588448,0.1279430560284817,0.13537270157785988,0.16306913691799085,0.1581816682949071,0.15371958394314508,0.14979000744148782,0.13771223304470914,0.12782386502019014,0.13720068450680387,0.14365795213353397,0.13258945463871338,0.12319202810421748,0.13166330810601992,0.1367155369180732,0.1536288605904678,0.16153398507588893
SINS23,0.08062173371217979,0.0785127339373393,0.07520261038028103,0.08421011508623201,0.0906540874632317,0.0954441974168067,0.09548751757554347,0.09406895883686713,0.09389637180409384,0.09593059781355927,0.09889248747209284,0.1012182707365143,0.10399998451137293,0.10156327408858751,0.09803551980489648,0.11420812474719005,0.09663989770262607,0.10375633568974194
SINS24,0.3983612773725893,0.44651174903179286,0.38496051825301775,0.4359588443145557,0.4742288807312953,0.4240775077116124,0.4447245983057049,0.47898580352943665,0.4421157599931374,0.4037248709105104,0.4209071207335637,0.428781973430443,0.3309297423649053,0.3149047563403465,0.36895798646606603,0.35120545762476396,0.37679998150194466,0.38078762705666297
SINS25,0.18192037404533493,0.23811404849008508,0.18139305529465505,0.1969466484691912,0.29880799340918174,0.26374288102867305,0.24351572788029133,0.23221573400736398,0.1813569676501032,0.18777292530406936,0.19881806002705849,0.20400735359425898,0.21757504549561132,0.2212795852908783,0.15771048011090333,0.1854584470811982,0.20789670632731477,0.18999605902361533
SINS26,0.13780989635305985,0.14954899176276162,0.1271974233059714,0.14910870210694138,0.18010396765847214,0.19119885022414204,0.18924738907703173,0.2166323743041524,0.17449505220162462,0.15795634306745027,0.16265135084477808,0.1646192064858535,0.15901159749377036,0.1469797582933771,0.19059697776568318,0.2286465256755285,0.19988424558259363,0.2170819708784678
SINS27,0.11123378108411144,0.1193233921921609,0.10954927873734029,0.11954543272875494,0.1350936083915182,0.14140780531330663,0.15011258666053975,0.14650012059458248,0.14245036186827165,0.14731039213296043,0.1452293280171598,0.15045460577265915,0.1556526864770998,0.1547713558170869,0.14012710192218486,0.1492276607703555,0.154044774740501,0.15969520924813743
SINS28,0.17229704370481103,0.18464651105395463,0.16638682151109896,0.1954025301914915,0.2287224474517567,0.25052339028319476,0.2778200848834671,0.2841150672702285,0.24182856841496791,0.24001701824730415,0.2386871472757597,0.24980398400005158,0.24691301168669383,0.24721801978272148,0.2543938905347628,0.27460477886560225,0.31869490920172633,0.33447632075138606
SINS29,0.10138952559431526,0.10167263548927748,0.09644708839745476,0.11894450798679472,0.13402061313751526,0.12322942094274654,0.13036489269323115,0.1337812756806233,0.15084723377815,0.15339886978931588,0.15681632516302005,0.16308696067078976,0.1594809556273632,0.15809095649728497,0.18425660070607602,0.19561935062320424,0.2026037702719136,0.21529083172628274
SINS30,0.14534852012535635,0.1583311788884046,0.13751010889241252,0.1641555434943199,0.19749403225068282,0.19193676663822923,0.21618066069524755,0.25431101847386867,0.24849545051098193,0.26682202794183557,0.2953527197750088,0.3011854166544604,0.29642921368699204,0.2927993505087442,0.34238865810462454,0.3171871882852932,0.37002310984119763,0.38053790784798613
SINS31,0.09239675172417612,0.10067200964514057,0.09622115078286916,0.10420538697493448,0.11390077010827454,0.11466080890161012,0.12361400046617084,0.11873928729603765,0.11648397618171263,0.11929612371140494,0.12455427290970739,0.13099091985406058,0.13342293159350238,0.12688833819203726,0.17254739643422212,0.1731747573788373,0.17956955119140927,0.18799520035228276
SINS32,0.08573136220790174,0.08911404541665748,0.08967936978757166,0.09029463829450059,0.0965344745246821,0.09377834960391784,0.10411055858936735,0.1036563220527207,0.09996539395103544,0.09814808933105519,0.10379216406436569,0.10778502896553586,0.10673456895892985,0.10934636542358714,0.12078182347200761,0.11267236708242144,0.13239597562840782,0.1368341999648005
SINS33,0.08333473258158246,0.09475325520521587,0.09156053186035795,0.09032430064344707,0.09995795230568937,0.10286180546783578,0.1062408058181629,0.10817886252277649,0.09902540587793458,0.11168323072713648,0.11413541524267831,0.11837047537208599,0.11991339262038005,0.1210400092876778,0.1361342028013612,0.1372209394309125,0.14407559100561132,0.1535643687030807
SINS34,0.1423312069894541,0.17213679050451827,0.1479300752697007,0.15862068573972915,0.18968583116239582,0.1907352336214057,0.19449433275432013,0.18743246034641495,0.14731146394371844,0.14839294539890027,0.15007314750537176,0.15474711871050675,0.1342266149430682,0.13625858378822836,0.15066237035007987,0.15626267509441233,0.16886242925928246,0.17745735643404548
SINS35,,,,,,,,,,,,0.08045266256148872,0.0808487049634274,0.0806866197513215,,,,
HKGS1,0.24413748842322727,0.24108311684126799,0.2340829814186963,0.23795111085439188,0.21495240628715576,0.22469200701533754,0.2184621564903649,0.2372260513462091,0.22756584284199322,0.23409508647366145,0.2784544599231386,0.15321166086841176,0.2086437372400394,0.24772766290332177,0.3115312836205683,0.22994069561234887,0.20541948425988754,0.2423372706135817
HKGS2,,,,,,,,,,,,,,,,,,
HKGS3,0.21644493445312366,0.22106626932630677,0.20274637827681624,0.3008310127608214,0.20880871037982335,0.21386943935292643,0.20409677504059953,0.21004253013956775,0.1791502876695658,0.19607490033558467,0.2389726736143144,0.20301775160165975,0.19434906300072724,0.1575402008305597,0.23041307579806183,0.19134463280439992,0.18214285549756534,0.20176234340283
HKGS4,0.21806892372472791,0.2538189114183222,0.2088065694831784,0.21003313653245603,0.20909535317497283,0.19307021492272347,0.1990141947573662,0.2570098488474686,0.19042566481436624,0.21573220026742332,0.21550593038802593,0.1909409126911489,0.20537075721920417,0.1875170976667714,0.20500068757653603,0.18808055905581464,0.19040540748197474,0.20106194253586904
HKGS5,0.15446660352394012,0.33594745524307584,0.31013271075174603,0.22836693190172988,0.18585439905531737,0.20064263727815876,0.19327212976572522,0.33499357034873606,0.21459920169419883,0.20158317993270175,0.2715510610783869,0.34907090685050657,0.37006857897353734,0.3634613481833777,0.41342347703393895,0.3569934612158168,0.35432526720957025,0.36195696884634804
HKGS6,0.26467262476868203,0.2689329543668792,0.2711698408676176,0.33229508501853794,0.26183241851677364,0.26809195221741944,0.26845771244106204,0.2468158926641052,0.23041817207228568,0.2371584169105717,0.2483445031908555,0.20475606454780745,0.25705417835819827,0.1934365062414903,0.24706260057782822,0.23872947288569335,0.24588375057433298,0.278459913895429
HKGS7,0.1883999781422319,0.19249447950318385,0.17888850541592433,0.23882568523969933,0.15896023817595425,0.16599863923631852,0.163657170019209,0.15810869283175852,0.15153115713586662,0.16147716459427067,0.18512737459257783,0.21277830177278237,0.2196638483583995,0.21106038556936063,0.2828154446469872,0.32136422210204846,0.31502316730154273,0.35040365042167154
HKGS8,0.35189000655554964,0.25884563929922566,0.403020291517437,0.43987380854415387,0.3253320670203759,0.33371277186804227,0.3169779169573766,0.3364192098740764,0.30158922198522164,0.322398366655813,0.3560391705731413,0.38079750302135584,0.40172548395163793,0.3596004933626606,0.35328534828331065,0.32575764008426167,0.33173810994009384,0.36559053729697555
HKGS9,0.42323342636683786,0.4314126094841318,0.43490419007510867,0.4665360278774086,0.4495703053469945,0.45943977192294577,0.46238560323838135,0.4659470844963527,0.44860434235925956,0.45263132607848433,0.466298201577056,0.4404731462451059,0.42986494089910643,0.4427338429955809,0.48417273060514787,0.46253409007832436,0.4642711648705679,0.49167852127199896
HKGS10,0.40659329021917934,0.4127722387639177,0.411902537060352,0.42809400022398547,0.42058892941879467,0.42647236624601254,0.4305273992564491,0.4363124995193315,0.4176922012778271,0.42358109116825393,0.4451272768565111,0.38121888526728687,0.3801613114900466,0.3993744489100625,0.4623195057047482,0.4230526999184048,0.416212058127708,0.43228546693320763
HKGS11,0.4155219936407609,0.4252110418845188,0.4308480555092988,0.4529458719796554,0.4414942624653882,0.4474402711701903,0.4509869687511202,0.4574787392239816,0.44028709621239864,0.4415366869599159,0.45327412448863647,0.4290364990914751,0.44328723168816303,0.41613762161031564,0.4812530980871498,0.4529470702605455,0.46441298195816916,0.4810692458872995
HKGS12,0.4318631666585574,0.43340301808424025,0.4336968537292988,0.4638033435262695,0.44140519409773077,0.448127082376809,0.4512006913443323,0.4627910462625035,0.43676601166697837,0.4502866235906265,0.457283331250392,0.3911174017340711,0.3437163869984956,0.3580683877443183,0.399523586749324,0.36211580926390774,0.3647743995261763,0.39210657556410927
HKGS13,0.3927142383330381,0.3987501124982653,0.41684197100335124,0.4615504759627848,0.4258039050622223,0.43220409530496795,0.43772122756304943,0.44751983798015277,0.42872017590129013,0.43456427412705234,0.4530441900655411,0.39851673600786547,0.3740619376183377,0.38987820814467067,0.4346018043422975,0.38448378621590307,0.3930609903748832,0.3924623454239047
HKGS14,0.4168543312714859,0.4313304920295205,0.434094173588789,0.47840315727610017,0.41935913284546356,0.4089689731632266,0.40006211691113996,0.41165427106403857,0.40346259286151787,0.4159917914975119,0.45270609296975856,0.3808753368212067,0.378392700010987,0.4161105575455988,0.48055149155522947,0.4513768183369639,0.43556127510530684,0.43002318719558436
HKGS15,0.290650321213155,0.3316143932947809,0.33520371790831194,0.45100079095576123,0.3685289163862189,0.3804815924720179,0.365687225867105,0.4235846266193077,0.3561513167829444,0.36583287071664417,0.40718433382952857,0.34066666150443997,0.3992413944313227,0.3907976963478347,0.4564516683428484,0.410264336868705,0.40048589649873606,0.41373313435286907
HKGS16,0.33899935850634066,0.353474768146792,0.33813161370156136,0.285021616028644,0.34601203742403647,0.37510517390650344,0.40265229935122426,0.3826308092825995,0.31641341612156365,0.3639161896032056,0.37847481133800265,0.2934309585937682,0.24286365103009397,0.25216855414007017,0.3625225942748355,0.34153186196301727,0.34428443934288394,0.36204947080350913
HKGS17,0.11526713407780978,0.12513899631755004,0.12365412989435001,0.13232739132050003,0.13308000321332714,0.1341675464980352,0.13426771641325383,0.13883781036950912,0.13075260597926466,0.13237687402582624,0.13099266251332292,0.11858600768387301,0.11205857605135074,0.10553812032539511,0.1149838776421399,0.11487652411697631,0.1162606667372277,0.12042509785708008
HKGS18,0.07996531406747934,0.08324839844555118,0.0798589277536399,0.09275849812684932,0.10587248291588991,0.09579689682227858,0.09825954372212752,0.10557051900621778,0.10405808280794006,0.10672605613266888,0.10554538699654122,0.12174828349972822,0.11631391985735061,0.1116740004188561,0.11356320196314644,0.10283291596093543,0.10857280837469699,0.11161408157931545
HKGS19,,,,,,,,,,,,,,,,,,
HKGS20,0.26379238215981776,0.29292637797515436,0.25005975791778756,0.27940207375811765,0.3121139451139138,0.321250787744233,0.33256749845424666,0.35264853888495273,0.2806847138150129,0.2945245646026932,0.2963040863518928,0.22385362331096856,0.21546335371704045,0.2091715027797868,0.25646351444387294,0.2109438277363345,0.2200876161279105,0.23699149522538426
HKGS21,0.1174644904312172,0.12260840516824133,0.11740513995948526,0.11869076948874996,0.12421456487529044,0.13085378711047715,0.13425190707321458,0.13319532092978104,0.12903056133528884,0.13659831226836408,0.14569791085842485,0.12771439767229298,0.11964801851350473,0.10312557444164967,0.10919667495453028,0.10802825760317432,0.1186754846076456,0.12252041137759208
HKGS22,0.1059035246271516,0.11545010028453428,0.10763764690806277,0.12415463610765136,0.13369113520380924,0.1362337480965096,0.14021297677124736,0.1419442352185633,0.13415262017094376,0.1464310648306589,0.14787363346303156,0.192209918035653,0.18494995142496792,0.17122357046024544,0.1835300261019025,0.187251336599594,0.18710184269661956,0.1943936431691401
HKGS23,0.09312971000958979,0.0996003028508299,0.09612978063990882,0.10025065501816405,0.1042209867639221,0.10441384007208818,0.10281157325255219,0.10563692717262546,0.10211194166503774,0.10285683926214789,0.10480081582675137,0.10040347386608932,0.09898942969117228,0.08871717860044957,0.10301925387146106,0.10129127375204972,0.10379639687451155,0.10953053425470949
HKGS24,0.15208784696133948,0.1615343448552563,0.1604935795395148,0.17306669832442365,0.18321761652219154,0.1903084157741223,0.18553243917552567,0.18088682988336524,0.17079004911429446,0.17171924982232806,0.16820097637252177,0.13774965869053862,0.13250918834885686,0.12070413107811515,0.16020670882697316,0.16337071303183304,0.15037470883221016,0.16716857282028993
HKGS25,0.2171571329990229,0.23455413949064188,0.22515731370806866,0.2377340752679436,0.26575813290773104,0.27236730116515667,0.269131427490482,0.2579247324047865,0.24001174187113425,0.22755651820804945,0.2191926871245866,0.1560355687875145,0.14901021803290052,0.12368289170044656,0.15305428540335825,0.15498088840316707,0.1616524874612346,0.17236967845297685
HKGS26,0.11394254084334465,0.1279470230518149,0.1072385932036378,0.11232160807727806,0.11026192194040664,0.11459794799655873,0.1051752024041533,0.10795154744752433,0.1041282211781716,0.10455989031323525,0.10095885568711822,0.08019722848749962,0.07847178465607592,0.07554750976458365,0.08083842276597959,0.0824281083527313,0.08045418253408373,0.08216496384166339
HKGS27,0.11502721050816885,0.12674194208015346,0.11849230140468402,0.12763480289406465,0.14126584114741564,0.14355367149034934,0.14746839194870184,0.1496599695862945,0.13910665841444617,0.14155088736404028,0.1516344951102159,0.13322319989946396,0.1264596892244695,0.11528068768716583,0.13409992218662875,0.13712666023037004,0.12831290591599767,0.13685818923246587
HKGS28,0.13797963797687973,0.14302295924851702,0.1360236078798707,0.13883031832956255,0.1570403071380606,0.15762852494159268,0.16250518662837884,0.16239842646696506,0.1538418007250713,0.15725128885377723,0.1774078808520161,0.14587391394896068,0.13848947693149236,0.1248949725908546,0.13375085323856925,0.1400890491417084,0.14619536866412314,0.15285424405732345
HKGS29,0.11118746576774667,0.12090557903369661,0.11788334306836677,0.12141902693034834,0.13438027685807577,0.13532935786561606,0.13278107380156118,0.1354153382880226,0.1325727312394206,0.13570290773419896,0.14031783356238203,0.13468332102482128,0.12792345267706068,0.11818081755222215,0.12513730102914486,0.1309879804928293,0.13762719542805815,0.14175535676929282
HKGS30,0.13081985491410003,0.140581061479425,0.13243694772211995,0.140497968790007,0.15758793520064454,0.15969964144588358,0.1580897126827174,0.15926160535801362,0.14994799545059392,0.15138445412909968,0.15984632189612646,0.1396188956157344,0.13246000195863145,0.1183145766828977,0.13070528012343147,0.13216604087118228,0.1373430406986185,0.1453922550715067
HKGS31,0.09227431252713544,0.09154550490164895,0.08736140708329883,0.09041276078036484,0.09005648217201477,0.09002906859155302,0.08910468851502017,0.08990366689132645,0.08916888859895598,0.08977111952338475,0.09222839051379222,0.09936726901150855,0.09712150777962973,0.0913477923541628,0.08939004922124205,0.08933204148659706,0.09458427776732904,0.0970824340043476
HKGS32,0.0871313707388925,0.08958011533292572,0.08859333290900512,0.0918483717687682,0.09350206089521043,0.0937214360568303,0.09250906269971056,0.09308749830935732,0.09170440061457087,0.09499938919586337,0.09689674990082645,0.08891700957146247,0.08988538429060094,0.08699540408254096,0.09093358613562381,0.09072261016677255,0.09314123534858229,0.09474838416939982
HKGS33,0.10180346838684057,0.1030658998327388,0.10068989800559514,0.10590379374914141,0.10844838819211451,0.10859245356900257,0.10909484228403289,0.10979978582429274,0.10624815121341756,0.10938599023508541,0.1132982684565732,0.1082063746445593,0.10643273880009668,0.10691582736735344,0.12102118136937436,0.1109692809682087,0.1072357016564926,0.10980407608409279
HKGS34,0.11148817273968091,0.12008685665336713,0.11493572727172852,0.11621365841901045,0.12657371245927398,0.1284758429539638,0.13088179200304006,0.1334129606366076,0.12882862927412603,0.13424569009143175,0.13979402945652097,0.12287760591030271,0.1190591868723171,0.107803894369157,0.11744108800861097,0.11570198224570716,0.11843620129218958,0.12468761118520953
HKGS35,,,,,,,,,,,,,,,,,,
RoWS1,0.2181463635698542,0.2512259919018828,0.22193180823485537,0.2528745036059798,0.2762251213805474,0.291528536288104,0.29892322690217016,0.28569753827176275,0.2957146974764697,0.28914520651351194,0.29155870439658416,0.29237034360632264,0.28563139937063053,0.28189988437887,0.32954764504702805,0.3728610605421678,0.3400840975978381,0.36555506859713993
RoWS2,0.3306723480763561,0.3709566999493213,0.30001343249718565,0.3414252559145466,0.3917592089558856,0.40882882951721694,0.41194476472084346,0.41075808347328685,0.3891763394847325,0.37023817206778176,0.39397616651106077,0.369657228429993,0.3619874494333613,0.34532872581574525,0.43248744557883545,0.4425163313069475,0.41891127470215017,0.4469884785951725
RoWS3,0.22141101279248926,0.2507704919854922,0.22062474777458646,0.25109434653359375,0.2802724647391649,0.2905858095643039,0.30187920747942515,0.27773220351847117,0.2969056544312863,0.2890285388079237,0.2919128067941806,0.29738177189178344,0.28587751480781526,0.27743384812661137,0.3255594748443739,0.3680468726964876,0.33991988033422,0.365376391531439
RoWS4,0.19842343006993501,0.2124449362980313,0.19234592273390544,0.21915523592057048,0.2389544310564786,0.24821192718395424,0.26389313685188687,0.30233847351223514,0.25961658047358377,0.2570882164193408,0.24591934066015664,0.25093427625580794,0.25985565553877876,0.2620335034292971,0.33846376825805874,0.3469062717231976,0.3105977945065558,0.33773593707111166
RoWS5,0.1983258309652146,0.2243552560923765,0.1831845961372741,0.2087840676164119,0.21497912487646764,0.23821978369690022,0.22995217530358775,0.24542305961186395,0.2219318733705765,0.21198964087746103,0.22443066862376357,0.21111435463216377,0.20266217162324454,0.19516141734820178,0.22748102911960208,0.25732675645236436,0.2309622825611998,0.2473866843525682
RoWS6,0.20384983349872143,0.2218896831632503,0.2080777485434983,0.24423977396113766,0.27553370526409965,0.28897413155582746,0.2899900826923984,0.29231700795870813,0.27896986420062747,0.2622419687614014,0.273418705924274,0.27799524922736757,0.283809995521624,0.26845758756738997,0.32338386688096793,0.36678300257458274,0.3355648061913659,0.35966580486849536
RoWS7,0.20922902189550474,0.23771416578244994,0.21169534323288272,0.2413018133392101,0.2713633329557789,0.2718422826331813,0.289017983006204,0.2623381113534697,0.2723079193954659,0.27717978100671764,0.27105490728540155,0.27291032610926585,0.26844271528109637,0.2631537678004576,0.303300794860547,0.35128528985557766,0.324787191446149,0.34753768684805125
RoWS8,0.26093406813773506,0.2677553310525579,0.2509849854252123,0.2806468318663289,0.3188809266363953,0.3091727675309255,0.35321395098291636,0.3337909303597881,0.31146116240763827,0.3121397905157343,0.3365120089429306,0.32514713018442526,0.3213769961433595,0.31101366336551245,0.38641239707615455,0.406022013532862,0.38496425102142506,0.4110083226334829
RoWS9,0.24383387606347215,0.28411043654457185,0.2401260537744495,0.2816024745651144,0.3187906551237811,0.3276662468123894,0.34578592161275595,0.31590182067677364,0.3271018727859176,0.3245009624550774,0.3361586366630331,0.3309651144225668,0.3181248948996499,0.30567506278489026,0.3759735249510511,0.4028554796810503,0.3730813110604055,0.4020125317698614
RoWS10,0.2128947690909646,0.2522579801559088,0.22739052431389592,0.24470332095921293,0.2739234241992103,0.27998563884499766,0.28505019965634154,0.28341479156480187,0.29672838860408446,0.2735626131147223,0.28192932642817825,0.30893179134344495,0.278925590786365,0.27763043020378736,0.33173000643696554,0.36600209695596464,0.3392338751378404,0.364378594687169
RoWS11,0.21888673790625016,0.24709521598370043,0.22999226085650865,0.2765127804080766,0.3120518412570141,0.3208089278582932,0.32729459362695995,0.33282458102828155,0.31029961178888105,0.2999507043406827,0.30612546793779305,0.3077641879393051,0.3136759706745491,0.29617822899371676,0.3720633028360073,0.40557428738537443,0.37563037812472716,0.401547266453178
RoWS12,0.2638146247705878,0.30711471461029266,0.25821261151694735,0.3034140124570243,0.33950608974375185,0.35389796725369005,0.3670696360181399,0.35306249711625953,0.34822711812622376,0.33963495383525105,0.34917709029963306,0.3457827519266278,0.3339794706026717,0.3286489856337177,0.39582141889901384,0.4173366384641088,0.3987835110053116,0.4267163922499328
RoWS13,0.2553892690798375,0.3011366429938109,0.2561795929584241,0.2938160725917367,0.3363600524078893,0.34860556324058184,0.35978065149099414,0.30042298116454913,0.33910681795705755,0.33465649737400777,0.34016697873365176,0.3287944193441079,0.3290863567710459,0.3161893256499519,0.37755662705037707,0.4104200038244434,0.3831642606111029,0.4126014146409424
RoWS14,0.4153666443033312,0.34646454782849134,0.2767154208846497,0.3728691321477021,0.482348618516585,0.401289071722454,0.45286439539141354,0.4168992243989266,0.3795581052605965,0.39334206326654647,0.4186331531174148,0.39805671635111484,0.3374449945004409,0.342185647853361,0.37680448061717714,0.4122409516395881,0.38313024559805614,0.4105964202261519
RoWS15,0.2313143418839129,0.26576226777108114,0.22677935392777035,0.2659406780196564,0.30285580731359785,0.3036045232625872,0.32087938245622827,0.2806183530555275,0.3116487989382277,0.30144257955272513,0.31222315467036854,0.30672009592179017,0.30541380718009953,0.2882088729396646,0.333843955850287,0.3789929352498978,0.35201954680658154,0.37668611822851183
RoWS16,0.2034364079018153,0.22686063872510875,0.275310264844577,0.2126563126944155,0.24310567881822936,0.2764755805392261,0.27968527340536287,0.34375470118196866,0.2749171246862507,0.2591490831286271,0.2908706205290826,0.25154714592192545,0.23913738210288868,0.23047774709277036,0.2928983050794745,0.3098205550175178,0.29020078065721633,0.30887519343082326
RoWS17,0.2701192870031885,0.3216773084910654,0.2727785363511183,0.31733158901919906,0.36044723283216845,0.3756127946540199,0.3851762260533909,0.36996249224677097,0.36015000898815513,0.3522837695297914,0.366834126740832,0.3524701755540657,0.35354632405071407,0.33469796555688314,0.41377742724645705,0.43286136629990474,0.40716891404063627,0.43598310782026534
RoWS18,0.2340289807576852,0.2655672866298518,0.24367974015854196,0.2906410586291084,0.3259223404260395,0.3388312222124156,0.3432188336708444,0.350376033752067,0.3285600304808743,0.3195304814698237,0.32750383933560495,0.3249136082349253,0.32319960532709413,0.3097748547194679,0.3915219088170675,0.4167150940810849,0.3891998085967517,0.4161804754937975
RoWS19,0.1745117471017623,0.17908281774460022,0.15918343572847096,0.1859990872781047,0.2158772547136346,0.18855573076985135,0.2168427971689767,0.17893105239191956,0.20070641254177798,0.19107797139400964,0.2263134956030635,0.2309268019198229,0.2371520890259767,0.22429233943319107,0.2610860560627684,0.2980844850465571,0.2789508600098441,0.29731355038495716
RoWS20,0.24293627964123468,0.2707062871096311,0.24370194962332617,0.2837354797758919,0.3203006995826523,0.33064872015577573,0.34410843751327297,0.3390763367960731,0.3248456385655644,0.31776788818577334,0.3265903061937377,0.32503659573431926,0.31919703508614666,0.31100732083806587,0.3700394896773356,0.40522853587345165,0.3700228065140769,0.39785814310438117
RoWS21,0.21696643471948418,0.23662943966853578,0.21854560229219944,0.24591910251116908,0.2811803437540998,0.28126816425105255,0.29198038929924386,0.29440115252573795,0.28778582537709263,0.2699071711439819,0.28723100536078505,0.2909945305083599,0.2961644356149199,0.2826754053806241,0.340029505186735,0.37903693671337635,0.34735955661851775,0.3734286109961618
RoWS22,0.22536573034211033,0.2588560492169435,0.23043693459904976,0.26209765686496356,0.2887602484654091,0.29782463774973905,0.30794183522589264,0.28092148885753215,0.30120258420182416,0.2936612700340481,0.29343262261092234,0.29373095323348813,0.2889328048895119,0.27604480213282784,0.31602172968163833,0.37203530611028557,0.33996779101894203,0.3639164101317754
RoWS23,0.2503182065676384,0.2880780327855352,0.24267536442889762,0.28570738978930005,0.32499140799718995,0.3272501021171888,0.34111683951590105,0.3360843985357592,0.32693641016547803,0.31784454073714324,0.3304387365978264,0.3229045688401238,0.32000746387017115,0.2999050802512469,0.3646168138664626,0.3993254248552698,0.3655843533498773,0.39301931823784303
RoWS24,0.2454587127210047,0.25891998503845304,0.2261972894586157,0.3195090610389227,0.3478249492973654,0.2824299154536197,0.36838756805176,0.29721846770508886,0.2963503236385376,0.2725760955360916,0.2974193529565579,0.28657104090962615,0.3020901393111048,0.2851064611255835,0.354975686141458,0.38221523593006895,0.35045542107899064,0.3787552209760642
RoWS25,0.3070500699083489,0.3459178303621591,0.2816513173678271,0.3922406338168008,0.3582204164627975,0.3534201320768886,0.40665478019370327,0.2925528340863171,0.3184682023010151,0.5042955774045541,0.33574142972637094,0.28754524451693214,0.26360073738727724,0.24038184546696162,0.29704302115795866,0.3524532475985714,0.32238022218976925,0.3506200265084704
RoWS26,0.21182771377401519,0.2340877154285058,0.21087704950206498,0.28085893939570067,0.27535161670532826,0.2667842930027401,0.3054976373171527,0.2876082718475226,0.27197832727430027,0.3057853833920308,0.27584309967815157,0.26470357287707547,0.2631537614924157,0.25478272566425314,0.2987700768890938,0.34049723090437173,0.31221951056507247,0.3354131891875228
RoWS27,0.20894279927458448,0.23135531190999548,0.21354429476481668,0.23460664118136668,0.2628060339521808,0.2718191255406146,0.2790704040114847,0.29705842788549564,0.28358176075722547,0.26298163667865515,0.27699013799308725,0.2827909135097639,0.283704854427124,0.2751745124712521,0.31514222044770296,0.36497095235345717,0.3321344330673235,0.35594659024944053
RoWS28,0.25923107034724174,0.29346813386102655,0.25779455292069775,0.30415633513313167,0.3311222443296349,0.3430238588531313,0.3572131788000712,0.34461762472305724,0.3316998322139174,0.3409473698943348,0.3698564306000797,0.3333719973779134,0.32127401688596946,0.3106662966761975,0.39343095065961387,0.41443702778565794,0.38029853410233994,0.41131226714103397
RoWS29,0.21096688813252812,0.22584813736246945,0.21108264035397162,0.24074639679437804,0.27783306823450254,0.2901499567002592,0.30632765728002015,0.31484371290439045,0.2935738257332684,0.27348881926239815,0.29809262090152044,0.3024130396205438,0.3014975177626243,0.2940976220382501,0.3424120431055763,0.3889022365259296,0.35501123254359807,0.38013712740128835
RoWS30,0.2610181875451611,0.3105500845249434,0.2653507269103416,0.31363414082902313,0.3507397468596915,0.3640688525941225,0.3745610534549276,0.3572356045367061,0.3567119106320182,0.3634578092486717,0.3576129471330483,0.3455695545487947,0.33293505007767826,0.3266360163398703,0.4062063226540032,0.42777768020011536,0.39797802189211556,0.4265247878772662
RoWS31,0.21498765338814893,0.2849729795453704,0.31511530634627916,0.32353617540894425,0.26623939095768306,0.28684713162735753,0.29876161449158756,0.29360660066549865,0.28362328534580256,0.330963504980571,0.2901435726654661,0.28614653494812964,0.26095932427616375,0.26884393442008864,0.3128871131020646,0.36103603401150147,0.3234533674021264,0.34719616574954626
RoWS32,0.19382395412677203,0.21656354461805197,0.19678041962576687,0.2180619295446353,0.2352634479769629,0.23923897595042393,0.25027927757690976,0.2592852551900363,0.25354103973315223,0.2478363105474122,0.2552942183402257,0.2660988464673946,0.2453416260829304,0.2453771178442508,0.28142479897412165,0.3343911046028896,0.29781749325687573,0.31934162870868943
RoWS33,0.1862358341004539,0.21920781144034987,0.19580068846210308,0.21457849877699978,0.2221099385307334,0.24586475252004725,0.256995473985381,0.2413944688933002,0.2556327521511103,0.27644445350013486,0.2565346662488161,0.27087608934158647,0.2684675889083215,0.263903042581095,0.2916119926961583,0.36045975121203555,0.32135756138686367,0.34303106419456886
RoWS34,0.22530720516614186,0.2522934802683853,0.21846776852971572,0.2478851646660414,0.27927300503374997,0.2848357314189425,0.29713006231607475,0.3093742460530332,0.2991518345958136,0.2866216909059236,0.28271589690774257,0.28575426463767467,0.28526724535627546,0.2769302601123894,0.32361164430737244,0.36726594842751176,0.3370184152655553,0.36046642635295506
RoWS35,,0.5166150823381983,,,,,,,,,,,,,,0.1185124056021836,0.10722239797315825,0.1102678566447317
